#
# There is insufficient memory for the Java Runtime Environment to continue.
# Native memory allocation (mmap) failed to map 65536 bytes. Error detail: Failed to commit metaspace.
# Possible reasons:
#   The system is out of physical RAM or swap space
#   This process is running with CompressedOops enabled, and the Java Heap may be blocking the growth of the native heap
# Possible solutions:
#   Reduce memory load on the system
#   Increase physical memory or swap space
#   Check if swap backing store is full
#   Decrease Java heap size (-Xmx/-Xms)
#   Decrease number of Java threads
#   Decrease Java thread stack sizes (-Xss)
#   Set larger code cache with -XX:ReservedCodeCacheSize=
#   JVM is running with Unscaled Compressed Oops mode in which the Java heap is
#     placed in the first 4GB address space. The Java Heap base address is the
#     maximum limit for the native heap growth. Please use -XX:HeapBaseMinAddress
#     to set the Java Heap base and to place the Java Heap above 4GB virtual address.
# This output file may be truncated or incomplete.
#
#  Out of Memory Error (virtualSpaceNode.cpp:113), pid=20236, tid=28700
#
# JRE version: OpenJDK Runtime Environment Temurin-21.0.10+7 (21.0.10+7) (build 21.0.10+7-LTS)
# Java VM: OpenJDK 64-Bit Server VM Temurin-21.0.10+7 (21.0.10+7-LTS, mixed mode, sharing, tiered, compressed oops, compressed class ptrs, parallel gc, windows-amd64)
# No core dump will be written. Minidumps are not enabled by default on client versions of Windows
#

---------------  S U M M A R Y ------------

Command Line: --add-modules=ALL-SYSTEM --add-opens=java.base/java.util=ALL-UNNAMED --add-opens=java.base/java.lang=ALL-UNNAMED --add-opens=java.base/sun.nio.fs=ALL-UNNAMED -Declipse.application=org.eclipse.jdt.ls.core.id1 -Dosgi.bundles.defaultStartLevel=4 -Declipse.product=org.eclipse.jdt.ls.core.product -Djava.import.generatesMetadataFilesAtProjectRoot=false -DDetectVMInstallationsJob.disabled=true -Dfile.encoding=utf8 -XX:+UseParallelGC -XX:GCTimeRatio=4 -XX:AdaptiveSizePolicyWeight=90 -Dsun.zip.disableMemoryMapping=true -Xmx2G -Xms100m -Xlog:disable -javaagent:c:\Users\workh\.antigravity\extensions\redhat.java-1.53.0-win32-x64\lombok\lombok-1.18.39-4050.jar -XX:+HeapDumpOnOutOfMemoryError -XX:HeapDumpPath=c:\Users\workh\AppData\Roaming\Antigravity\User\workspaceStorage\e4667358f47a3d970e281f64f1778b08\redhat.java -Daether.dependencyCollector.impl=bf c:\Users\workh\.antigravity\extensions\redhat.java-1.53.0-win32-x64\server\plugins\org.eclipse.equinox.launcher_1.7.100.v20251111-0406.jar -configuration c:\Users\workh\AppData\Roaming\Antigravity\User\globalStorage\redhat.java\1.53.0\config_win -data c:\Users\workh\AppData\Roaming\Antigravity\User\workspaceStorage\e4667358f47a3d970e281f64f1778b08\redhat.java\jdt_ws --pipe=\\.\pipe\lsp-b615206e7ce6718ce33077dd7c7fed3d-sock

Host: AMD Ryzen 7 3700X 8-Core Processor             , 16 cores, 31G,  Windows 10 , 64 bit Build 19041 (10.0.19041.5915)
Time: Mon Apr  6 15:46:33 2026 Nepal Standard Time elapsed time: 74.811199 seconds (0d 0h 1m 14s)

---------------  T H R E A D  ---------------

Current thread (0x000002d0df6f6310):  JavaThread "Worker-3: Initialize Workspace"        [_thread_in_vm, id=28700, stack(0x000000dd2b900000,0x000000dd2ba00000) (1024K)]

Stack: [0x000000dd2b900000,0x000000dd2ba00000]
Native frames: (J=compiled Java code, j=interpreted, Vv=VM code, C=native code)
V  [jvm.dll+0x6d7a39]
V  [jvm.dll+0x8b4b26]
V  [jvm.dll+0x8b70de]
V  [jvm.dll+0x8b77c3]
V  [jvm.dll+0x284346]
V  [jvm.dll+0x8b086e]
V  [jvm.dll+0x679444]
V  [jvm.dll+0x1e82bb]
V  [jvm.dll+0x1e807e]
V  [jvm.dll+0x67bd42]
V  [jvm.dll+0x67bb72]
V  [jvm.dll+0x679e1e]
V  [jvm.dll+0x6840c8]
V  [jvm.dll+0x21955e]
V  [jvm.dll+0x219a05]
V  [jvm.dll+0x21a3f8]
V  [jvm.dll+0x20f62e]
V  [jvm.dll+0x5b644f]
V  [jvm.dll+0x82ead6]
V  [jvm.dll+0x478db8]
V  [jvm.dll+0x47ebe8]
C  [java.dll+0x17ec]

Java frames: (J=compiled Java code, j=interpreted, Vv=VM code)
J 1190  java.lang.ClassLoader.defineClass1(Ljava/lang/ClassLoader;Ljava/lang/String;[BIILjava/security/ProtectionDomain;Ljava/lang/String;)Ljava/lang/Class; java.base@21.0.10 (0 bytes) @ 0x000002d08ad54291 [0x000002d08ad541c0+0x00000000000000d1]
J 8718 c2 org.eclipse.osgi.internal.loader.classpath.ClasspathManager.defineClass(Ljava/lang/String;[BLorg/eclipse/osgi/internal/loader/classpath/ClasspathEntry;Lorg/eclipse/osgi/storage/bundlefile/BundleEntry;Ljava/util/List;)Ljava/lang/Class; (636 bytes) @ 0x000002d08b1f136c [0x000002d08b1f0140+0x000000000000122c]
J 4895 c2 org.eclipse.osgi.internal.loader.classpath.ClasspathManager.findClassImpl(Ljava/lang/String;Lorg/eclipse/osgi/internal/loader/classpath/ClasspathEntry;Ljava/util/List;)Ljava/lang/Class; (328 bytes) @ 0x000002d08af83da0 [0x000002d08af81b20+0x0000000000002280]
J 4930 c2 org.eclipse.osgi.internal.loader.classpath.ClasspathManager.findLocalClass(Ljava/lang/String;)Ljava/lang/Class; (210 bytes) @ 0x000002d08af613c4 [0x000002d08af60220+0x00000000000011a4]
J 6450 c2 org.eclipse.osgi.internal.loader.BundleLoader.findLocalClass(Ljava/lang/String;)Ljava/lang/Class; (159 bytes) @ 0x000002d08afe0e88 [0x000002d08afe0de0+0x00000000000000a8]
J 3018 c1 org.eclipse.osgi.internal.loader.sources.SingleSourcePackage.loadClass(Ljava/lang/String;)Ljava/lang/Class; (9 bytes) @ 0x000002d08374a2cc [0x000002d08374a1c0+0x000000000000010c]
J 5506 c2 org.eclipse.osgi.internal.loader.BundleLoader.findClass0(Ljava/lang/String;ZZ)Ljava/lang/Class; (490 bytes) @ 0x000002d08afbff74 [0x000002d08afbe520+0x0000000000001a54]
J 5510 c2 org.eclipse.osgi.internal.loader.ModuleClassLoader.loadClass(Ljava/lang/String;Z)Ljava/lang/Class; (36 bytes) @ 0x000002d08ada3728 [0x000002d08ada3640+0x00000000000000e8]
J 4063 c2 java.lang.ClassLoader.loadClass(Ljava/lang/String;)Ljava/lang/Class; java.base@21.0.10 (7 bytes) @ 0x000002d08aea0aec [0x000002d08aea0aa0+0x000000000000004c]
v  ~StubRoutines::call_stub 0x000002d08a59100d
j  org.eclipse.buildship.core.internal.marker.GradleErrorMarker.createMarker(ILorg/eclipse/core/resources/IResource;Lorg/eclipse/buildship/core/internal/workspace/InternalGradleBuild;Ljava/lang/String;Ljava/lang/Throwable;I)V+11
j  org.eclipse.buildship.core.internal.marker.GradleErrorMarker.createError(Lorg/eclipse/core/resources/IResource;Lorg/eclipse/buildship/core/internal/workspace/InternalGradleBuild;Ljava/lang/String;Ljava/lang/Throwable;I)V+7
j  org.eclipse.buildship.core.internal.marker.GradleMarkerManager.addError(Lorg/eclipse/buildship/core/internal/workspace/InternalGradleBuild;Lorg/eclipse/buildship/core/internal/operation/ToolingApiStatus;)V+29
j  org.eclipse.buildship.core.internal.DefaultGradleBuild$SynchronizeOperation.run(Lorg/gradle/tooling/CancellationTokenSource;Lorg/eclipse/core/runtime/IProgressMonitor;)Lorg/eclipse/buildship/core/SynchronizationResult;+157
j  org.eclipse.buildship.core.internal.DefaultGradleBuild.synchronize(Lorg/eclipse/buildship/core/internal/workspace/NewProjectHandler;Lorg/gradle/tooling/CancellationTokenSource;Lorg/eclipse/core/runtime/IProgressMonitor;)Lorg/eclipse/buildship/core/SynchronizationResult;+110
j  org.eclipse.buildship.core.internal.DefaultGradleBuild.synchronize(Lorg/eclipse/core/runtime/IProgressMonitor;)Lorg/eclipse/buildship/core/SynchronizationResult;+8
j  org.eclipse.jdt.ls.core.internal.managers.GradleProjectImporter.startSynchronization(Ljava/nio/file/Path;Lorg/eclipse/core/runtime/IProgressMonitor;)Lorg/eclipse/core/runtime/IStatus;+39
j  org.eclipse.jdt.ls.core.internal.managers.GradleProjectImporter.importDir(Ljava/nio/file/Path;Lorg/eclipse/core/runtime/IProgressMonitor;)Lorg/eclipse/core/runtime/IStatus;+16
j  org.eclipse.jdt.ls.core.internal.managers.GradleProjectImporter.importToWorkspace(Lorg/eclipse/core/runtime/IProgressMonitor;)V+153
j  org.eclipse.jdt.ls.core.internal.managers.ProjectsManager.importProjects(Ljava/util/Collection;Lorg/eclipse/core/runtime/IProgressMonitor;)V+118
j  org.eclipse.jdt.ls.core.internal.managers.ProjectsManager.initializeProjects(Ljava/util/Collection;Lorg/eclipse/core/runtime/IProgressMonitor;)V+95
j  org.eclipse.jdt.ls.core.internal.handlers.InitHandler$1.runInWorkspace(Lorg/eclipse/core/runtime/IProgressMonitor;)Lorg/eclipse/core/runtime/IStatus;+100
j  org.eclipse.core.internal.resources.InternalWorkspaceJob.run(Lorg/eclipse/core/runtime/IProgressMonitor;)Lorg/eclipse/core/runtime/IStatus;+39
j  org.eclipse.core.internal.jobs.Worker.run()V+32
v  ~StubRoutines::call_stub 0x000002d08a59100d

Compiled method (n/a) 74824 1190     n 0       java.lang.ClassLoader::defineClass1 (native)
 total in heap  [0x000002d08ad54010,0x000002d08ad54498] = 1160
 relocation     [0x000002d08ad54170,0x000002d08ad541a8] = 56
 main code      [0x000002d08ad541c0,0x000002d08ad54496] = 726
 stub code      [0x000002d08ad54496,0x000002d08ad54498] = 2

[Constant Pool (empty)]

[MachCode]
[Entry Point]
  # {method} {0x000002d097434f58} 'defineClass1' '(Ljava/lang/ClassLoader;Ljava/lang/String;[BIILjava/security/ProtectionDomain;Ljava/lang/String;)Ljava/lang/Class;' in 'java/lang/ClassLoader'
  # parm0:    rdx:rdx   = 'java/lang/ClassLoader'
  # parm1:    r8:r8     = 'java/lang/String'
  # parm2:    r9:r9     = '[B'
  # parm3:    rdi       = int
  # parm4:    rsi       = int
  # parm5:    rcx:rcx   = 'java/security/ProtectionDomain'
  # parm6:    [sp+0xa0]   = 'java/lang/String'  (sp of caller)
  0x000002d08ad541c0: 448b 5208 | 49bb 0000 | 0097 d002 | 0000 4d03 | d349 3bc2 | 0f84 0600 

  0x000002d08ad541d8: ;   {runtime_call ic_miss_stub}
  0x000002d08ad541d8: 0000 e9a1 | a288 ff90 
[Verified Entry Point]
  0x000002d08ad541e0: 8984 2400 | 80ff ff55 | 488b ec48 | 81ec 9000 | 0000 6690 | 4181 7f20 | 0400 0000 

  0x000002d08ad541fc: ;   {runtime_call StubRoutines (final stubs)}
  0x000002d08ad541fc: 7405 e8dd | 4787 ff48 | 837d 1000 | 488d 4510 | 480f 4445 | 1048 8944 | 2440 4889 | 4c24 7048 
  0x000002d08ad5421c: 83f9 0048 | 8d44 2470 | 480f 4444 | 2470 4889 | 4424 3848 | 8974 2430 | 4889 7c24 | 284c 894c 
  0x000002d08ad5423c: 2458 4983 | f900 488d | 4424 5848 | 0f44 4424 | 5848 8944 | 2420 4c89 | 4424 5049 | 83f8 004c 
  0x000002d08ad5425c: 8d4c 2450 | 4c0f 444c | 2450 4889 | 5424 4848 | 83fa 004c | 8d44 2448 | 4c0f 4444 

  0x000002d08ad54278: ;   {oop(a 'java/lang/Class'{0x0000000080000b10} = 'java/lang/ClassLoader')}
  0x000002d08ad54278: 2448 49be | 100b 0080 | 0000 0000 | 4c89 7424 | 784c 8d74 | 2478 498b | d6c5 f877 

  0x000002d08ad54294: ;   {internal_word}
  0x000002d08ad54294: 49ba 9142 | d58a d002 | 0000 4d89 | 97a8 0300 | 0049 89a7 | a003 0000 

  0x000002d08ad542ac: ;   {external_word}
  0x000002d08ad542ac: 49ba c65c | f719 f87f | 0000 4180 | 3a00 0f84 | 4e00 0000 | 5241 5041 

  0x000002d08ad542c4: ;   {metadata({method} {0x000002d097434f58} 'defineClass1' '(Ljava/lang/ClassLoader;Ljava/lang/String;[BIILjava/security/ProtectionDomain;Ljava/lang/String;)Ljava/lang/Class;' in 'java/lang/ClassLoader')}
  0x000002d08ad542c4: 5148 ba50 | 4f43 97d0 | 0200 0049 | 8bcf 4883 | ec20 40f6 | c40f 0f84 | 1900 0000 | 4883 ec08 
  0x000002d08ad542e4: ;   {runtime_call}
  0x000002d08ad542e4: 48b8 50e1 | a019 f87f | 0000 ffd0 | 4883 c408 | e90c 0000 

  0x000002d08ad542f8: ;   {runtime_call}
  0x000002d08ad542f8: 0048 b850 | e1a0 19f8 | 7f00 00ff | d048 83c4 | 2041 5941 | 585a 498d | 8fc0 0300 | 0041 c787 
  0x000002d08ad54318: 4c04 0000 | 0400 0000 

  0x000002d08ad54320: ;   {runtime_call}
  0x000002d08ad54320: 48b8 ac16 | 3a9b f87f | 0000 ffd0 | c5f8 7741 | c787 4c04 | 0000 0500 | 0000 f083 | 4424 c000 
  0x000002d08ad54340: 493b af50 | 0400 000f | 870e 0000 | 0041 83bf | 4804 0000 | 000f 842b | 0000 00c5 | f877 4889 
  0x000002d08ad54360: 45f8 498b | cf4c 8be4 | 4883 ec20 | 4883 e4f0 

  0x000002d08ad54370: ;   {runtime_call}
  0x000002d08ad54370: 48b8 d052 | 6c19 f87f | 0000 ffd0 | 498b e44d | 33e4 488b | 45f8 41c7 | 874c 0400 | 0008 0000 
  0x000002d08ad54390: 0041 83bf | c804 0000 | 020f 84ca 

  0x000002d08ad5439c: ;   {external_word}
  0x000002d08ad5439c: 0000 0049 | bac6 5cf7 | 19f8 7f00 | 0041 803a | 000f 844c | 0000 0048 

  0x000002d08ad543b4: ;   {metadata({method} {0x000002d097434f58} 'defineClass1' '(Ljava/lang/ClassLoader;Ljava/lang/String;[BIILjava/security/ProtectionDomain;Ljava/lang/String;)Ljava/lang/Class;' in 'java/lang/ClassLoader')}
  0x000002d08ad543b4: 8945 f848 | ba50 4f43 | 97d0 0200 | 0049 8bcf | 4883 ec20 | 40f6 c40f | 0f84 1900 | 0000 4883 
  0x000002d08ad543d4: ;   {runtime_call}
  0x000002d08ad543d4: ec08 48b8 | 50e1 a019 | f87f 0000 | ffd0 4883 | c408 e90c 

  0x000002d08ad543e8: ;   {runtime_call}
  0x000002d08ad543e8: 0000 0048 | b850 e1a0 | 19f8 7f00 | 00ff d048 | 83c4 2048 | 8b45 f849 | c787 a003 | 0000 0000 
  0x000002d08ad54408: 0000 49c7 | 87a8 0300 | 0000 0000 | 00c5 f877 | 4885 c00f | 8425 0000 | 00a8 030f | 8508 0000 
  0x000002d08ad54428: 0048 8b00 | e915 0000 | 00a8 010f | 8509 0000 | 0048 8b40 | fee9 0400 | 0000 488b | 40ff 498b 
  0x000002d08ad54448: 8f30 0400 | 00c7 8100 | 0100 0000 | 0000 00c9 | 4983 7f08 | 000f 8501 | 0000 00c3 

  0x000002d08ad54464: ;   {runtime_call StubRoutines (initial stubs)}
  0x000002d08ad54464: e997 ca83 | ffc5 f877 | 4889 45f8 | 4c8b e448 | 83ec 2048 

  0x000002d08ad54478: ;   {runtime_call}
  0x000002d08ad54478: 83e4 f048 | b8a0 18a1 | 19f8 7f00 | 00ff d049 | 8be4 4d33 | e448 8b45 | f8e9 09ff | ffff f4f4 
[/MachCode]


Compiled method (c2) 74829 8718   !   4       org.eclipse.osgi.internal.loader.classpath.ClasspathManager::defineClass (636 bytes)
 total in heap  [0x000002d08b1efa90,0x000002d08b1fa0a0] = 42512
 relocation     [0x000002d08b1efbf0,0x000002d08b1f0138] = 1352
 main code      [0x000002d08b1f0140,0x000002d08b1f56f8] = 21944
 stub code      [0x000002d08b1f56f8,0x000002d08b1f5858] = 352
 oops           [0x000002d08b1f5858,0x000002d08b1f5880] = 40
 metadata       [0x000002d08b1f5880,0x000002d08b1f5d40] = 1216
 scopes data    [0x000002d08b1f5d40,0x000002d08b1f8b88] = 11848
 scopes pcs     [0x000002d08b1f8b88,0x000002d08b1f97b8] = 3120
 dependencies   [0x000002d08b1f97b8,0x000002d08b1f9918] = 352
 handler table  [0x000002d08b1f9918,0x000002d08b1f9f30] = 1560
 nul chk table  [0x000002d08b1f9f30,0x000002d08b1fa0a0] = 368

[Constant Pool (empty)]

[MachCode]
[Entry Point]
  # {method} {0x000002d0db6932b0} 'defineClass' '(Ljava/lang/String;[BLorg/eclipse/osgi/internal/loader/classpath/ClasspathEntry;Lorg/eclipse/osgi/storage/bundlefile/BundleEntry;Ljava/util/List;)Ljava/lang/Class;' in 'org/eclipse/osgi/internal/loader/classpath/ClasspathManager'
  # this:     rdx:rdx   = 'org/eclipse/osgi/internal/loader/classpath/ClasspathManager'
  # parm0:    r8:r8     = 'java/lang/String'
  # parm1:    r9:r9     = '[B'
  # parm2:    rdi:rdi   = 'org/eclipse/osgi/internal/loader/classpath/ClasspathEntry'
  # parm3:    rsi:rsi   = 'org/eclipse/osgi/storage/bundlefile/BundleEntry'
  # parm4:    rcx:rcx   = 'java/util/List'
  #           [sp+0xf0]  (sp of caller)
  0x000002d08b1f0140: 448b 5208 | 49bb 0000 | 0097 d002 | 0000 4d03 | d349 3bc2 

  0x000002d08b1f0154: ;   {runtime_call ic_miss_stub}
  0x000002d08b1f0154: 0f85 26e3 | 3eff 6690 | 0f1f 4000 
[Verified Entry Point]
  0x000002d08b1f0160: 8984 2400 | 80ff ff55 | 4881 ece0 | 0000 0090 | 4181 7f20 | 0400 0000 | 0f85 6d55 | 0000 4889 
  0x000002d08b1f0180: 8c24 8000 | 0000 4889 | 7424 7848 | 897c 2470 | 4c89 4c24 | 6848 8954 | 2460 4c89 | 8424 8800 
  0x000002d08b1f01a0: 0000 418b | 4814 8b51 | 0c45 0fbe | 5010 c462 | 2af7 ca45 | 8d59 ff45 | 85d2 0f85 | b839 0000 
  0x000002d08b1f01c0: 448d 42ff | 453b c345 | 0f4f c345 | 85c0 0f8c | a624 0000 | 85d2 0f86 | b432 0000 | 443b c20f 
  0x000002d08b1f01e0: 83ab 3200 | 0045 85c0 | 0f8e 8a36 | 0000 418d | 58ff 4533 | dbbf ffff | ffff 4489 | 5c24 2089 
  0x000002d08b1f0200: 7c24 2446 | 0fbe 5401 | 1041 83fa | 2e0f 8471 | 2100 0041 | ffc8 443b | c37f e841 | 83f8 027e 
  0x000002d08b1f0220: 540f 1f84 | 0000 0000 | 000f 1f80 | 0000 0000 | 4d63 d846 | 0fbe 5419 | 1041 83fa | 2e74 5a46 
  0x000002d08b1f0240: 0fbe 5c19 | 0f41 83fb | 2e74 5345 | 8d58 fe46 

  0x000002d08b1f0250: ;   {no_reloc}
  0x000002d08b1f0250: 0fbe 5419 | 1041 83fa | 2e74 4745 | 8d58 fd46 | 0fbe 5419 | 1041 83fa | 2e74 3741 | 83c0 fc41 
  0x000002d08b1f0270: 83f8 027f | bb41 83f8 | ff7e 1690 | 460f be54 | 0110 4183 | fa2e 741d | 41ff c841 | 83f8 ff7f 
  0x000002d08b1f0290: eb41 b8ff | ffff ffeb | 0c45 8bd8 | eb04 458d | 58ff 458b | c345 85c0 | 0f8c 603a | 0000 453b 
  0x000002d08b1f02b0: c10f 8f79 | 3a00 004d | 8b97 8803 | 0000 498b | 3245 3bc1 | 0f84 6e1f | 0000 4585 | c00f 8480 
  0x000002d08b1f02d0: 2800 0049 | 8b9f b801 | 0000 4c8b | d349 83c2 | 184d 3b97 | c801 0000 | 0f83 8c2a | 0000 4d89 
  0x000002d08b1f02f0: 97b8 0100 | 0041 0f18 | 8200 0100 | 0048 c703 | 0100 0000 

  0x000002d08b1f0304: ;   {metadata('java/lang/String')}
  0x000002d08b1f0304: c743 0878 | e800 0044 | 8963 0c4c | 8963 104c | 8bd1 4c89 | 9424 a000 | 0000 4c8d | 5110 443b 
  0x000002d08b1f0324: c20f 8418 | 1a00 0041 | 81f8 0000 | 1000 0f87 | 3836 0000 | 4d63 d841 | 3bd0 8bea | 410f 4fe8 
  0x000002d08b1f0344: 3bd5 0f82 | 9836 0000 | 443b c50f | 828f 3600 | 0049 83c3 | 1749 8bfb | 4883 e7f8 | 4181 f800 
  0x000002d08b1f0364: 0010 000f | 87b1 2a00 | 004d 8baf | b801 0000 | 4d8b cd4c | 03cf 4d3b | 8fc8 0100 | 000f 8397 
  0x000002d08b1f0384: 2a00 004d | 898f b801 | 0000 410f | 1881 0001 | 0000 49c7 | 4500 0100 | 0000 410f | 1881 4001 
  0x000002d08b1f03a4: ;   {metadata({type array byte})}
  0x000002d08b1f03a4: 0000 41c7 | 4508 1823 | 0000 4589 | 450c 410f | 1881 8001 | 0000 4d8b | cd49 83c1 | 1049 c1eb 
  0x000002d08b1f03c4: 0385 ed0f | 84ab 3500 | 0041 3be8 | 0f8c df26 | 0000 4883 | c7f0 48c1 | ef03 498b | ca49 8bd1 
  0x000002d08b1f03e4: 4c8b c7c5 | f877 49ba | 6074 5c8a | d002 0000 

  0x000002d08b1f03f4: ;   {other}
  0x000002d08b1f03f4: 41ff d20f | 1f84 0000 | 0000 0044 | 8863 104d | 8bdd 4489 | 5b14 4c8b | d349 c1ea | 0949 bb00 
  0x000002d08b1f0414: 00b1 fcd0 | 0200 0047 | 8824 1348 | 899c 2490 | 0000 004c | 8b54 2460 | 458b 5210 

  0x000002d08b1f0430: ; implicit exception: dispatches to 0x000002d08b1f4b2c
  0x000002d08b1f0430: 458b 4254 | 4585 c00f | 84b5 2e00 | 0049 8bca | 4d8b c848 | 8d9c 24d0 | 0000 0049 | 8b01 a802 
  0x000002d08b1f0450: 0f85 2300 | 0000 4883 | c801 4889 | 03f0 490f | b119 0f84 | 3700 0000 | 482b c448 | 2507 f0ff 
  0x000002d08b1f0470: ff48 8903 | e924 0000 | 004c 8bd8 | 4833 c0f0 | 4d0f b17b | 3e48 c703 | 0300 0000 | 7411 4c3b 
  0x000002d08b1f0490: f875 1549 | ff83 8600 | 0000 4833 | c075 0949 | ff87 5005 | 0000 33c0 | 0f85 5230 | 0000 418b 
  0x000002d08b1f04b0: 5a38 85db | 0f84 6e2e | 0000 4c8b | 9c24 9000 | 0000 418b | 430c 85c0 | 0f84 0819 | 0000 8b7b 
  0x000002d08b1f04d0: 2885 ff74 | 6244 8b5f | 0c45 85db | 0f86 2e39 | 0000 4c89 | 4c24 4048 | 8974 2428 | 8bd8 c1eb 
  0x000002d08b1f04f0: 1033 d841 

  0x000002d08b1f04f4: ;   {no_reloc}
  0x000002d08b1f04f4: ffcb 81e3 | ffff ff7f | 4423 db4d | 63db 468b | 5c9f 1045 | 85db 742b | 418b 6b0c | 3beb 0f84 
  0x000002d08b1f0514: 6501 0000 | 85ed 0f8c | 9b3a 0000 | 458b 5b18 | 4585 db0f | 8587 0000 | 0048 8b74 | 2428 4c8b 
  0x000002d08b1f0534: 4c24 4041 | 8b6a 1885 | ed74 4544 

  0x000002d08b1f0540: ;   {metadata('jdk/internal/loader/ClassLoaders$PlatformClassLoader')}
  0x000002d08b1f0540: 8b5d 0841 | 81fb f882 | 0600 0f85 | 143a 0000 | 4889 7424 | 2848 8bd5 | 4c8b 8424 | 9000 0000 
  0x000002d08b1f0560: 488b 6c24 | 704c 894c | 2440 6690 

  0x000002d08b1f056c: ;   {optimized virtual_call}
  0x000002d08b1f056c: c5f8 77e8 

  0x000002d08b1f0570: ; ImmutableOopMap {rbp=Oop [40]=Oop [64]=Oop [96]=Oop [104]=Oop [112]=Oop [120]=Oop [128]=Oop [136]=Oop [144]=Oop }
                      ;*invokevirtual getPackage {reexecute=0 rethrow=0 return_oop=1}
                      ; - java.lang.ClassLoader::getPackage@22
                      ; - org.eclipse.osgi.internal.loader.ModuleClassLoader::publicGetPackage@9 (line 330)
                      ; - org.eclipse.osgi.internal.loader.classpath.ClasspathManager::definePackage@26 (line 825)
                      ; - org.eclipse.osgi.internal.loader.classpath.ClasspathManager::defineClass@9 (line 733)
  0x000002d08b1f0570: acd3 f8ff 

  0x000002d08b1f0574: ;   {other}
  0x000002d08b1f0574: 0f1f 8400 | e40a 0000 | 488b d8e9 | 3804 0000 | 4889 7424 | 2848 8b94 | 2490 0000 | 0048 8b6c 
  0x000002d08b1f0594: 2470 4c89 | 4c24 4090 

  0x000002d08b1f059c: ;   {static_call}
  0x000002d08b1f059c: c5f8 77e8 

  0x000002d08b1f05a0: ; ImmutableOopMap {rbp=Oop [40]=Oop [64]=Oop [96]=Oop [104]=Oop [112]=Oop [120]=Oop [128]=Oop [136]=Oop [144]=Oop }
                      ;*invokestatic getDefinedPackage {reexecute=0 rethrow=0 return_oop=1}
                      ; - java.lang.ClassLoader::getPackage@30
                      ; - org.eclipse.osgi.internal.loader.ModuleClassLoader::publicGetPackage@9 (line 330)
                      ; - org.eclipse.osgi.internal.loader.classpath.ClasspathManager::definePackage@26 (line 825)
                      ; - org.eclipse.osgi.internal.loader.classpath.ClasspathManager::defineClass@9 (line 733)
  0x000002d08b1f05a0: dce7 3eff 

  0x000002d08b1f05a4: ;   {other}
  0x000002d08b1f05a4: 0f1f 8400 | 140b 0001 | 488b d8e9 | 0804 0000 | 498b f344 | 8b4e 0c49 | 8b87 5804 

  0x000002d08b1f05c0: ; ImmutableOopMap {r10=NarrowOop r8=NarrowOop rcx=Oop rsi=Oop [40]=Oop [64]=Oop [96]=Oop [104]=Oop [112]=Oop [120]=Oop [128]=Oop [136]=Oop [144]=Oop }
                      ;*if_icmpne {reexecute=1 rethrow=0 return_oop=0}
                      ; - (reexecute) java.util.concurrent.ConcurrentHashMap::get@127
                      ; - java.lang.ClassLoader::getDefinedPackage@13
                      ; - java.lang.ClassLoader::getPackage@2
                      ; - org.eclipse.osgi.internal.loader.ModuleClassLoader::publicGetPackage@9 (line 330)
                      ; - org.eclipse.osgi.internal.loader.classpath.ClasspathManager::definePackage@26 (line 825)
                      ; - org.eclipse.osgi.internal.loader.classpath.ClasspathManager::defineClass@9 (line 733)
                      ;   {poll}
  0x000002d08b1f05c0: 0000 8500 | 443b cb0f | 854b 1c00 | 008b 6e10 | 4c8b dd4c | 8b8c 2490 | 0000 004d | 3bd9 7474 
  0x000002d08b1f05e0: 85ed 0f84 | 9c3f 0000 | 4889 b424 | a000 0000 | 899c 2498 | 0000 0048 | 894c 2430 | 4489 4424 
  0x000002d08b1f0600: 5c44 8954 | 2458 4c89 | 4c24 504c | 8bc5 488b | 9424 9000 | 0000 6690 

  0x000002d08b1f0618: ;   {optimized virtual_call}
  0x000002d08b1f0618: c5f8 77e8 

  0x000002d08b1f061c: ; ImmutableOopMap {[40]=Oop [48]=Oop [64]=Oop [80]=Oop [88]=NarrowOop [92]=NarrowOop [96]=Oop [104]=Oop [112]=Oop [120]=Oop [128]=Oop [136]=Oop [160]=Oop }
                      ;*invokevirtual equals {reexecute=0 rethrow=0 return_oop=0}
                      ; - java.util.concurrent.ConcurrentHashMap::get@149
                      ; - java.lang.ClassLoader::getDefinedPackage@13
                      ; - java.lang.ClassLoader::getPackage@2
                      ; - org.eclipse.osgi.internal.loader.ModuleClassLoader::publicGetPackage@9 (line 330)
                      ; - org.eclipse.osgi.internal.loader.classpath.ClasspathManager::definePackage@26 (line 825)
                      ; - org.eclipse.osgi.internal.loader.classpath.ClasspathManager::defineClass@9 (line 733)
  0x000002d08b1f061c: a0eb afff 

  0x000002d08b1f0620: ;   {other}
  0x000002d08b1f0620: 0f1f 8400 | 900b 0003 | 85c0 0f84 | d43f 0000 | 4c8b 5424 | 504c 8994 | 2490 0000 | 0044 8b54 
  0x000002d08b1f0640: 2458 448b | 4424 5c48 | 8b4c 2430 | 488b b424 | a000 0000 | 8b6e 1485 | ed0f 8486 | 2500 004c 
  0x000002d08b1f0660: 8b9c 2490 | 0000 0045 | 0fb6 5b11 | 4c8b 8c24 | 9000 0000 | 418b 410c | e998 0000 | 0041 8b6b 
  0x000002d08b1f0680: 104c 8bcd | 488b bc24 | 9000 0000 | 4c3b cf74 | 6785 ed0f | 8485 3b00 | 0089 5c24 | 4848 894c 
  0x000002d08b1f06a0: 2438 4489 | 4424 3444 | 8954 2430 | 4c8b c549 | 8beb 4489 | 5c24 4c48 | 8b94 2490 | 0000 004c 
  0x000002d08b1f06c0: 8b54 2470 | 4c89 5424 | 5866 6690 

  0x000002d08b1f06cc: ;   {optimized virtual_call}
  0x000002d08b1f06cc: c5f8 77e8 

  0x000002d08b1f06d0: ; ImmutableOopMap {rbp=Oop [40]=Oop [48]=NarrowOop [52]=NarrowOop [56]=Oop [64]=Oop [76]=NarrowOop [88]=Oop [96]=Oop [104]=Oop [112]=Oop [120]=Oop [128]=Oop [136]=Oop [144]=Oop }
                      ;*invokevirtual equals {reexecute=0 rethrow=0 return_oop=0}
                      ; - java.util.concurrent.ConcurrentHashMap::get@73
                      ; - java.lang.ClassLoader::getDefinedPackage@13
                      ; - java.lang.ClassLoader::getPackage@2
                      ; - org.eclipse.osgi.internal.loader.ModuleClassLoader::publicGetPackage@9 (line 330)
                      ; - org.eclipse.osgi.internal.loader.classpath.ClasspathManager::definePackage@26 (line 825)
                      ; - org.eclipse.osgi.internal.loader.classpath.ClasspathManager::defineClass@9 (line 733)
  0x000002d08b1f06d0: ecea afff 

  0x000002d08b1f06d4: ;   {other}
  0x000002d08b1f06d4: 0f1f 8400 | 440c 0004 | 85c0 0f84 | 1025 0000 | 448b 5424 | 3044 8b44 | 2434 488b | 4c24 3844 
  0x000002d08b1f06f4: 8b5c 244c | 418b 6b14 | 85ed 0f84 | 6824 0000 | 4c8b 9c24 | 9000 0000 | 418b 430c | 450f b65b 
  0x000002d08b1f0714: 118b 5d08 

  0x000002d08b1f0718: ;   {metadata('java/lang/Package')}
  0x000002d08b1f0718: 81fb e8bd | 0100 0f85 | 3e42 0000 | 4c8b 8c24 | 9000 0000 | 418b 5114 

  0x000002d08b1f0730: ; implicit exception: dispatches to 0x000002d08b1f4ef8
  0x000002d08b1f0730: 8b7a 0c4c | 8bcd 458b | 4910 85ff | 0f86 1233 | 0000 418b | 7a38 85ff | 0f84 d232 | 0000 85c0 
  0x000002d08b1f0750: 0f84 9518 | 0000 8b57 | 2885 d20f | 84ba 0100 | 0044 8b5a | 0c45 85db | 0f86 5e37 | 0000 8bd8 
  0x000002d08b1f0770: c1eb 1033 | d841 ffcb | 81e3 ffff | ff7f 4423 | db4d 63db | 428b 7c9a | 1085 ff0f | 848a 0100 
  0x000002d08b1f0790: 008b 6f0c | 3beb 0f85 | bc00 0000 | 8b6f 104c | 8bdd 488b | 9424 9000 | 0000 4c3b | da74 5d85 
  0x000002d08b1f07b0: ed0f 8425 | 3c00 0089 | 5c24 4c44 | 894c 2448 | 4889 4c24 | 3844 8944 | 2434 4489 | 5424 304c 
  0x000002d08b1f07d0: 8bc5 488b | ef89 7c24 | 5066 6690 

  0x000002d08b1f07dc: ;   {optimized virtual_call}
  0x000002d08b1f07dc: c5f8 77e8 

  0x000002d08b1f07e0: ; ImmutableOopMap {rbp=Oop [40]=Oop [48]=NarrowOop [52]=NarrowOop [56]=Oop [64]=Oop [72]=NarrowOop [80]=NarrowOop [96]=Oop [104]=Oop [112]=Oop [120]=Oop [128]=Oop [136]=Oop [144]=Oop }
                      ;*invokevirtual equals {reexecute=0 rethrow=0 return_oop=0}
                      ; - java.util.concurrent.ConcurrentHashMap::get@73
                      ; - java.lang.ClassLoader::definePackage@47
                      ; - java.lang.ClassLoader::getDefinedPackage@32
                      ; - java.lang.ClassLoader::getPackage@2
                      ; - org.eclipse.osgi.internal.loader.ModuleClassLoader::publicGetPackage@9 (line 330)
                      ; - org.eclipse.osgi.internal.loader.classpath.ClasspathManager::definePackage@26 (line 825)
                      ; - org.eclipse.osgi.internal.loader.classpath.ClasspathManager::defineClass@9 (line 733)
  0x000002d08b1f07e0: dce9 afff 

  0x000002d08b1f07e4: ;   {other}
  0x000002d08b1f07e4: 0f1f 8400 | 540d 0005 | 85c0 0f84 | 5124 0000 | 448b 5424 | 3044 8b44 | 2434 488b | 4c24 3844 
  0x000002d08b1f0804: 8b4c 2448 | 8b7c 2450 | 8b6f 1485 | ed0f 8404 | 0100 0044 

  0x000002d08b1f0818: ;   {metadata('java/lang/NamedPackage')}
  0x000002d08b1f0818: 8b5d 0848 | bbe8 c001 | 97d0 0200 | 0048 bf00 | 0000 97d0 | 0200 0049 | 03fb 4c8b | 5f38 4c3b 
  0x000002d08b1f0838: db0f 8501 | 3300 0048 | 8bdd 448b 

  0x000002d08b1f0844: ;   {metadata('java/lang/Package')}
  0x000002d08b1f0844: 5b08 4181 | fbe8 bd01 | 000f 85c8 | 0000 00e9 | 6401 0000 | 85ed 0f8c | ac3a 0000 | 8b7f 1885 
  0x000002d08b1f0864: ff0f 84b0 | 0000 008b | 770c 498b | af58 0400 

  0x000002d08b1f0874: ; ImmutableOopMap {r10=NarrowOop r8=NarrowOop r9=NarrowOop rcx=Oop rdi=Oop [40]=Oop [64]=Oop [96]=Oop [104]=Oop [112]=Oop [120]=Oop [128]=Oop [136]=Oop [144]=Oop }
                      ;*if_icmpne {reexecute=1 rethrow=0 return_oop=0}
                      ; - (reexecute) java.util.concurrent.ConcurrentHashMap::get@127
                      ; - java.lang.ClassLoader::definePackage@47
                      ; - java.lang.ClassLoader::getDefinedPackage@32
                      ; - java.lang.ClassLoader::getPackage@2
                      ; - org.eclipse.osgi.internal.loader.ModuleClassLoader::publicGetPackage@9 (line 330)
                      ; - org.eclipse.osgi.internal.loader.classpath.ClasspathManager::definePackage@26 (line 825)
                      ; - org.eclipse.osgi.internal.loader.classpath.ClasspathManager::defineClass@9 (line 733)
                      ;   {poll}
  0x000002d08b1f0874: 0085 4500 | 3bf3 0f85 | ef1a 0000 | 8b6f 104c | 8bdd 488b | 9424 9000 | 0000 4c3b | da74 7d85 
  0x000002d08b1f0894: ed0f 84f9 | 3d00 0048 | 89bc 24a0 | 0000 0089 | 9c24 9c00 | 0000 4489 | 8c24 9800 | 0000 4889 
  0x000002d08b1f08b4: 4c24 3044 | 8944 245c | 4489 5424 | 5848 8954 | 2450 4c8b | c566 6690 

  0x000002d08b1f08cc: ;   {optimized virtual_call}
  0x000002d08b1f08cc: c5f8 77e8 

  0x000002d08b1f08d0: ; ImmutableOopMap {[40]=Oop [48]=Oop [64]=Oop [80]=Oop [88]=NarrowOop [92]=NarrowOop [96]=Oop [104]=Oop [112]=Oop [120]=Oop [128]=Oop [136]=Oop [152]=NarrowOop [160]=Oop }
                      ;*invokevirtual equals {reexecute=0 rethrow=0 return_oop=0}
                      ; - java.util.concurrent.ConcurrentHashMap::get@149
                      ; - java.lang.ClassLoader::definePackage@47
                      ; - java.lang.ClassLoader::getDefinedPackage@32
                      ; - java.lang.ClassLoader::getPackage@2
                      ; - org.eclipse.osgi.internal.loader.ModuleClassLoader::publicGetPackage@9 (line 330)
                      ; - org.eclipse.osgi.internal.loader.classpath.ClasspathManager::definePackage@26 (line 825)
                      ; - org.eclipse.osgi.internal.loader.classpath.ClasspathManager::defineClass@9 (line 733)
  0x000002d08b1f08d0: ece8 afff 

  0x000002d08b1f08d4: ;   {other}
  0x000002d08b1f08d4: 0f1f 8400 | 440e 0007 | 85c0 0f84 | 283e 0000 | 4c8b 5424 | 504c 8994 | 2490 0000 | 0044 8b54 
  0x000002d08b1f08f4: 2458 448b | 4424 5c48 | 8b4c 2430 | 448b 8c24 | 9800 0000 | 488b bc24 | a000 0000 | 8b6f 1485 
  0x000002d08b1f0914: ed0f 85fc | feff ff41 | 8b6a 384d | 8b9f b801 | 0000 498b | db48 83c3 | 1849 3b9f | c801 0000 
  0x000002d08b1f0934: 0f83 8525 | 0000 4989 | 9fb8 0100 | 000f 1883 | 0001 0000 | 49c7 0301 

  0x000002d08b1f094c: ;   {metadata('java/lang/ClassLoader$$Lambda+0x000002d098553950')}
  0x000002d08b1f094c: 0000 0041 | c743 0850 | 3955 0145 | 8963 0c4d | 8963 1045 | 8953 0c45 | 894b 1085 | ed0f 84bd 
  0x000002d08b1f096c: 3500 0048 | 894c 2430 | 4489 4424 | 5444 8954 | 2450 488b | d54c 8b84 | 2490 0000 | 004d 8bcb 
  0x000002d08b1f098c: 4c8b 5424 | 704c 8954 | 2438 6690 

  0x000002d08b1f0998: ;   {optimized virtual_call}
  0x000002d08b1f0998: c5f8 77e8 

  0x000002d08b1f099c: ; ImmutableOopMap {[40]=Oop [48]=Oop [56]=Oop [64]=Oop [80]=NarrowOop [84]=NarrowOop [96]=Oop [104]=Oop [112]=Oop [120]=Oop [128]=Oop [136]=Oop [144]=Oop }
                      ;*invokevirtual compute {reexecute=0 rethrow=0 return_oop=1}
                      ; - java.lang.ClassLoader::definePackage@78
                      ; - java.lang.ClassLoader::getDefinedPackage@32
                      ; - java.lang.ClassLoader::getPackage@2
                      ; - org.eclipse.osgi.internal.loader.ModuleClassLoader::publicGetPackage@9 (line 330)
                      ; - org.eclipse.osgi.internal.loader.classpath.ClasspathManager::definePackage@26 (line 825)
                      ; - org.eclipse.osgi.internal.loader.classpath.ClasspathManager::defineClass@9 (line 733)
  0x000002d08b1f099c: e0dd 3eff 

  0x000002d08b1f09a0: ;   {other}
  0x000002d08b1f09a0: 0f1f 8400 | 100f 0008 | 488b d844 

  0x000002d08b1f09ac: ;   {metadata('java/lang/Package')}
  0x000002d08b1f09ac: 8b58 0841 | 81fb e8bd | 0100 0f85 | a840 0000 | 488d 8424 | d000 0000 | 4c8b 5c24 | 4048 8338 
  0x000002d08b1f09cc: 000f 8479 | 0000 004d | 8b13 41f6 | c202 0f84 | 6200 0000 | 4983 ba86 | 0000 0000 | 7409 49ff 
  0x000002d08b1f09ec: 8a86 0000 | 00eb 4b49 | 8b82 9600 | 0000 490b | 828e 0000 | 0075 0a49 | c742 3e00 | 0000 00eb 
  0x000002d08b1f0a0c: 3d49 83ba | 9e00 0000 | 0074 2248 | 33c0 49c7 | 423e 0000 | 0000 f083 | 0424 0049 | 83ba 9e00 
  0x000002d08b1f0a2c: 0000 0075 | 0df0 4d0f | b17a 3e75 | 0583 c801 | eb0c a800 | eb08 4c8b | 10f0 4d0f | b113 750a 
  0x000002d08b1f0a4c: 49ff 8f50 | 0500 0045 | 33d2 0f85 | 442b 0000 | 4885 db0f | 841c 1600 | 004c 8b54 | 2460 458b 
  0x000002d08b1f0a6c: 4228 458b 

  0x000002d08b1f0a70: ;   {metadata('java/lang/ThreadLocal')}
  0x000002d08b1f0a70: 5808 4181 | fb58 0912 | 000f 854e | 2b00 0048 | 8b5c 2428 | 448b 534c | 4d8b d849 | 8bf3 4585 
  0x000002d08b1f0a90: d20f 84cb | 2000 0041 | 8b6a 1444 | 8b4d 0c45 | 8d59 ff44 | 235e 0c45 | 85c9 0f86 | 082d 0000 
  0x000002d08b1f0ab0: 468b 4c9d | 1045 85c9 | 0f84 941c | 0000 418b | 490c 498b | f94c 8bc1 | 4c3b c674 | 2f48 8974 
  0x000002d08b1f0ad0: 2428 488b | eb49 8bd2 | 4c8b c645 | 8bcb 6690 

  0x000002d08b1f0ae0: ;   {optimized virtual_call}
  0x000002d08b1f0ae0: c5f8 77e8 

  0x000002d08b1f0ae4: ; ImmutableOopMap {rbp=Oop [40]=Oop [96]=Oop [104]=Oop [112]=Oop [120]=Oop [128]=Oop [136]=Oop }
                      ;*invokevirtual getEntryAfterMiss {reexecute=0 rethrow=0 return_oop=1}
                      ; - java.lang.ThreadLocal$ThreadLocalMap::getEntry@38
                      ; - java.lang.ThreadLocal::get@12
                      ; - java.lang.ThreadLocal::get@4
                      ; - org.eclipse.osgi.internal.loader.classpath.ClasspathManager::defineClass@16 (line 734)
  0x000002d08b1f0ae4: 5805 72f8 

  0x000002d08b1f0ae8: ;   {other}
  0x000002d08b1f0ae8: 0f1f 8400 | 5810 0009 | 4885 c00f | 8427 1d00 | 0048 8bf8 | 448b 5f1c | 498b db48 | 85db 0f84 
  0x000002d08b1f0b08: 3c1d 0000 | 448b 5308 

  0x000002d08b1f0b10: ;   {metadata('org/eclipse/osgi/internal/loader/classpath/ClasspathManager$DefineContext')}
  0x000002d08b1f0b10: 4181 fad0 | 2b12 010f | 8587 3f00 | 004c 8b54 | 2460 458b | 5a14 458b | 5310 410f | b66a 0d85 
  0x000002d08b1f0b30: ed0f 8449 | 3200 004c | 8bac 2480 | 0000 0045 

  0x000002d08b1f0b40: ;   {metadata('java/util/Collections$UnmodifiableRandomAccessList')}
  0x000002d08b1f0b40: 8b55 0841 | 81fa 90a3 | 1c00 0f85 | 982a 0000 | 498b f544 | 8b56 0c45 | 8b42 0849 

  0x000002d08b1f0b5c: ;   {metadata('java/util/HashSet')}
  0x000002d08b1f0b5c: 8bd2 4181 | f878 c40d | 000f 8521 | 1800 008b | 6a0c 448b | 5508 4c8b 

  0x000002d08b1f0b74: ;   {metadata('java/util/HashMap')}
  0x000002d08b1f0b74: dd41 81fa | 68a9 0800 | 0f85 ee18 | 0000 458b | 430c 4585 | c00f 84ca | 1b00 004d | 8bd0 458b 
  0x000002d08b1f0b94: ;   {metadata('java/util/HashMap$KeySet')}
  0x000002d08b1f0b94: 4208 4181 | f830 101a | 000f 8558 | 1900 004d | 8b9f b801 | 0000 4d8b | c349 83c0 | 204d 3b87 
  0x000002d08b1f0bb4: c801 0000 | 0f83 da20 | 0000 4d89 | 87b8 0100 | 0041 0f18 | 8000 0100 | 0049 c703 | 0100 0000 
  0x000002d08b1f0bd4: ;   {metadata('java/util/HashMap$KeyIterator')}
  0x000002d08b1f0bd4: 41c7 4308 | 3053 1a00 | 4589 630c | 4d89 6310 | 4d89 6318 | 458b 420c | 4589 431c 

  0x000002d08b1f0bf0: ; implicit exception: dispatches to 0x000002d08b1f4e8c
  0x000002d08b1f0bf0: 458b 4824 | 458b 5018 | 4589 530c | 4585 c90f | 846c 1400 | 0045 8b50 | 1445 85d2 | 0f8e 4515 
  0x000002d08b1f0c10: 0000 418b | 490c 85c9 | 0f86 4a32 | 0000 81f9 | feff ff7f | 0f8f be2c | 0000 448d | 7101 41ba 
  0x000002d08b1f0c30: 0200 0000 | 453b d645 | 0f4f d633 | ffba 0100 | 0000 41b8 | 0200 0000 | b801 0000 | 0041 8943 
  0x000002d08b1f0c50: 103b f90f | 8386 2400 | 00c5 f96e | c889 4c24 | 5841 8be8 | 418b 4cb9 | 10c4 c179 | 6ec1 4189 
  0x000002d08b1f0c70: 4b14 498b | c349 c1eb | 0949 b800 | 00b1 fcd0 | 0200 0047 | 8824 1885 | c90f 8523 | 0100 00c4 
  0x000002d08b1f0c90: c179 7ecb | 41ff c345 | 3bda 7d19 | c5f9 7ecf | c4c1 796e | d344 8bc5 | 4c8b d88b | 4c24 58c5 
  0x000002d08b1f0cb0: f97e d0eb | 984c 6354 | 2458 4d63 | c649 ffc8 | 4981 f800 | 0000 8049 | c7c1 0000 | 0080 4d0f 
  0x000002d08b1f0cd0: ;   {no_reloc}
  0x000002d08b1f0cd0: 4cc1 4d3b | d04d 0f4c | c245 8bd0 | 453b da0f | 8dd1 2d00 | 00c4 c179 | 7ec9 41ff | c166 6690 
  0x000002d08b1f0cf0: 4c8b d844 | 8948 10c4 | c179 7ec8 | 443b 4424 | 580f 83d1 | 2300 0041 | 8bf9 c4c1 | 797e c147 
  0x000002d08b1f0d10: 8b44 8110 | 4489 4014 | 4c8b d849 | c1eb 0949 | b900 00b1 | fcd0 0200 | 0047 8824 | 1945 85c0 
  0x000002d08b1f0d30: 0f85 7c00 | 0000 c4c1 | 797e c345 | 8b4c bb10 | 4489 4814 | 448d 5f01 | c4c1 796e | cb44 8958 
  0x000002d08b1f0d50: 104c 8bd8 | 49c1 eb09 | 49b8 0000 | b1fc d002 | 0000 4788 | 2418 4585 | c975 4744 | 8d4f 0245 
  0x000002d08b1f0d70: 3bca 0f8c | 78ff ffff | e93c 2d00 | 0066 6690 | 488b 4424 | 6848 8944 | 2468 4c8b | ac24 8000 
  0x000002d08b1f0d90: 0000 488b | 5c24 5848 | 8bb4 2490 | 0000 0044 | 8b4c 2428 | 8b4c 242c | 4c8b 8424 | 9800 0000 
  0x000002d08b1f0db0: eb1f 4c8b | d844 8bca | 8bcd 4d8b | c345 8b58 

  0x000002d08b1f0dc0: ;   {metadata('java/util/HashMap$KeyIterator')}
  0x000002d08b1f0dc0: 0841 81fb | 3053 1a00 | 0f85 9008 | 0000 498b | e844 3b65 | 140f 8544 | 0700 008b | 6b10 448b 
  0x000002d08b1f0de0: ;   {metadata('java/util/ArrayList')}
  0x000002d08b1f0de0: 5d08 4181 | fbd0 890b | 000f 8519 | 2800 008b | 7d10 448b | 4514 85ff | 0f8e a401 | 0000 458b 
  0x000002d08b1f0e00: 580c 4585 | db0f 86ad | 2a00 004c | 63d7 4d63 | db49 ffca | 4d3b d30f | 839b 2a00 | 0089 7c24 
  0x000002d08b1f0e20: 58c4 e1f9 | 6ed5 c5f9 | 6ec9 418b | e9c4 e1f9 | 6ec6 4c8b | f34c 8b94 | 2488 0000 | 0045 0fbe 
  0x000002d08b1f0e40: 4a10 418b | 5214 4c8b | d24c 8d52 | 10c4 c1f9 | 6eda 4533 | d266 6666 | 0f1f 8400 | 0000 0000 
  0x000002d08b1f0e60: 478b 5c90 | 1049 8bcb | 488b 9c24 | 8800 0000 | 483b d90f | 8431 0100 | 0045 85db | 0f84 fa00 
  0x000002d08b1f0e80: 0000 418b 

  0x000002d08b1f0e84: ;   {metadata('java/lang/String')}
  0x000002d08b1f0e84: 5b08 81fb | 78e8 0000 | 0f85 8a3b | 0000 498b | db44 0fbe | 5b10 453b | cb0f 85f5 | 2200 008b 
  0x000002d08b1f0ea4: 4a0c 448b | 5b14 418b | 7b0c 3bcf | 0f85 c600 | 0000 498b | db49 8d73 | 10c4 e1f9 | 7edf 85c9 
  0x000002d08b1f0ec4: 0f84 9d00 | 0000 8bc1 | 83e0 1f83 | e1e0 0f84 | 4b00 0000 | 488d 3c0f | 488d 340e | 48f7 d9c5 
  0x000002d08b1f0ee4: fe6f 2c0f | c5fe 6f24 | 0ec5 d5ef | ecc4 e27d | 17ed 0f85 | 7200 0000 | 4883 c120 | 75e1 85c0 
  0x000002d08b1f0f04: 0f84 5d00 | 0000 c5fe | 6f6c 07e0 | c5fe 6f64 | 06e0 c5d5 | efec c4e2 | 7d17 ed75 | 4deb 448b 
  0x000002d08b1f0f24: c883 e1fc | 7419 488d | 3c0f 488d | 340e 48f7 | d98b 1c0f | 3b1c 0e75 | 3148 83c1 | 0475 f2a8 
  0x000002d08b1f0f44: 0274 120f | b71f 0fb7 | 0e3b d975 | 1d48 8d7f | 0248 8d76 | 02a8 0174 | 0a0f b61f | 0fb6 0e3b 
  0x000002d08b1f0f64: d975 07b8 | 0100 0000 | eb02 33c0 | c5d5 efed | c5dd efe4 | 85c0 752e | 41ff c244 | 3b54 2458 
  0x000002d08b1f0f84: ;   {no_reloc}
  0x000002d08b1f0f84: 0f8c d6fe | ffff 498b | dec4 e1f9 | 7ec6 448b | cdc5 f97e | c9c4 e1f9 | 7ed5 8b7c | 2458 41ba 
  0x000002d08b1f0fa4: ffff ffff | eb18 498b | dec4 e1f9 | 7ec6 448b | cdc5 f97e | c9c4 e1f9 | 7ed5 8b7c | 2458 4585 
  0x000002d08b1f0fc4: d20f 8d91 | 2300 0044 | 8b5d 0c41 | ffc3 4489 | 5d0c 458b | 580c 448d | 5701 413b | fb0f 848b 
  0x000002d08b1f0fe4: 0e00 004d | 8bd8 418b | 530c 3bfa | 0f83 8a23 | 0000 418b 

  0x000002d08b1f0ff8: ;   {metadata('java/lang/Object'[])}
  0x000002d08b1f0ff8: 5308 81fa | 7012 0000 | 0f85 2226 | 0000 4d8d | 44bb 1044 | 8955 104c | 8b54 2460 | 458b 5a10 
  0x000002d08b1f1018: 4c8b 9424 | 8800 0000 | 4589 104d | 8bd0 49c1 | ea09 49b8 | 0000 b1fc | d002 0000 | 4788 2410 
  0x000002d08b1f1038: ; implicit exception: dispatches to 0x000002d08b1f4c14
  0x000002d08b1f1038: 458b 4350 | 4585 c00f | 8477 2300 | 0089 4c24 | 2c44 894c | 2428 4889 | 7424 4848 | 895c 2450 
  0x000002d08b1f1058: 4c89 ac24 | 8000 0000 | 498b d04d | 8bd3 4c89 | 5424 3044 | 899c 2490 | 0000 004c | 8b84 2488 
  0x000002d08b1f1078: 0000 0048 | 8b6c 2470 

  0x000002d08b1f1080: ;   {optimized virtual_call}
  0x000002d08b1f1080: c5f8 77e8 

  0x000002d08b1f1084: ; ImmutableOopMap {rbp=Oop [48]=Oop [72]=Oop [80]=Oop [96]=Oop [104]=Oop [112]=Oop [120]=Oop [128]=Oop [136]=Oop [144]=NarrowOop }
                      ;*invokevirtual getLock {reexecute=0 rethrow=0 return_oop=1}
                      ; - org.eclipse.osgi.internal.loader.ModuleClassLoader::getClassLoadingLock@5 (line 437)
                      ; - org.eclipse.osgi.internal.loader.ModuleClassLoader::defineClass@8 (line 312)
                      ; - org.eclipse.osgi.internal.loader.classpath.ClasspathManager::defineClass@424 (line 779)
  0x000002d08b1f1084: d83e d5ff 

  0x000002d08b1f1088: ;   {other}
  0x000002d08b1f1088: 0f1f 8400 | f815 000a | 4c8b c048 | 85c0 0f84 | 6023 0000 | 488d 9c24 | d000 0000 | 498b 00a8 
  0x000002d08b1f10a8: 020f 8523 | 0000 0048 | 83c8 0148 | 8903 f049 | 0fb1 180f | 8437 0000 | 0048 2bc4 | 4825 07f0 
  0x000002d08b1f10c8: ffff 4889 | 03e9 2400 | 0000 4c8b | d048 33c0 | f04d 0fb1 | 7a3e 48c7 | 0303 0000 | 0074 114c 
  0x000002d08b1f10e8: 3bf8 7515 | 49ff 8286 | 0000 0048 | 33c0 7509 | 49ff 8750 | 0500 0033 | c00f 855d | 2500 004c 
  0x000002d08b1f1108: 8b8c 2488 | 0000 0041 | 8b69 1444 | 8b5d 0c45 | 85db 0f86 | 6c25 0000 | 410f be49 | 1085 c90f 
  0x000002d08b1f1128: 855c 1a00 | 00c4 c272 | f7db 413b | db41 0f4f | db85 db0f | 8ece 0000 | 0044 3bdb | 0f82 b626 
  0x000002d08b1f1148: 0000 4c8b | d548 8d7d | 108b d3b8 | 2f00 0000 | 488b df83 | fa10 0f8c | 7900 0000 | 83fa 200f 
  0x000002d08b1f1168: 8c36 0000 | 00c5 f96e | d0c4 e27d | 78d2 c5fd | efc0 8bca | 83e1 e083 | e21f c5fe 

  0x000002d08b1f1184: ;   {no_reloc}
  0x000002d08b1f1184: 6f0b c5f5 | 74ca c4e2 | 7d17 c10f | 8369 0000 | 0048 83c3 | 2083 e920 | 75e4 e90d | 0000 00c5 
  0x000002d08b1f11a4: f96e d0c5 | f9ef c0c4 | e269 00d0 | 83fa 100f | 8c24 0000 | 008b ca83 | e1f0 83e2 | 0fc5 fa6f 
  0x000002d08b1f11c4: 0bc5 f174 | cac4 e279 | 17c1 0f83 | 2a00 0000 | 4883 c310 | 83e9 1075 | e485 d20f | 8412 0000 
  0x000002d08b1f11e4: 000f b60b | 3bc1 741c | 4883 c301 | 83ea 0174 | 02eb eebb | ffff ffff | eb0d c5fd | d7c9 0fbc 
  0x000002d08b1f1204: c148 03d8 | 482b df89 | 5c24 2444 | 8b54 2424 | 4183 faff | 0f85 a229 | 0000 418b | 5914 4180 
  0x000002d08b1f1224: 7910 000f | 85cb 1d00 | 008b 6b0c | 85ed 0f86 | b824 0000 | 440f b65b | 1041 83fb | 5b0f 8455 
  0x000002d08b1f1244: 2b00 004c | 8984 2498 | 0000 004c | 898c 2488 | 0000 0048 | 8b54 2430 | 4d8b c14c | 8b54 2470 
  0x000002d08b1f1264: 4c89 5424 | 4048 8bac | 2498 0000 | 0066 6690 

  0x000002d08b1f1274: ;   {optimized virtual_call}
  0x000002d08b1f1274: c5f8 77e8 

  0x000002d08b1f1278: ; ImmutableOopMap {rbp=Oop [48]=Oop [64]=Oop [72]=Oop [80]=Oop [96]=Oop [104]=Oop [112]=Oop [120]=Oop [128]=Oop [136]=Oop [144]=NarrowOop [152]=Oop }
                      ;*invokevirtual findLoadedClass0 {reexecute=0 rethrow=0 return_oop=1}
                      ; - java.lang.ClassLoader::findLoadedClass@11
                      ; - org.eclipse.osgi.internal.loader.ModuleClassLoader::defineClass@17 (line 313)
                      ; - org.eclipse.osgi.internal.loader.classpath.ClasspathManager::defineClass@424 (line 779)
  0x000002d08b1f1278: 442e b1ff 

  0x000002d08b1f127c: ;   {other}
  0x000002d08b1f127c: 0f1f 8400 | ec17 000b | 4c8b c048 | 85c0 0f85 | b314 0000 | 4c8b 5c24 | 6845 8b53 | 0c4c 8b4c 
  0x000002d08b1f129c: 2440 458b | 4110 4489 | 9424 9400 | 0000 4d8b | c848 8b54 | 2430 4c8b | 8424 8800 | 0000 4c89 
  0x000002d08b1f12bc: 4424 3890 

  0x000002d08b1f12c0: ;   {optimized virtual_call}
  0x000002d08b1f12c0: c5f8 77e8 

  0x000002d08b1f12c4: ; ImmutableOopMap {[48]=Oop [56]=Oop [64]=Oop [72]=Oop [80]=Oop [96]=Oop [104]=Oop [112]=Oop [120]=Oop [128]=Oop [136]=Oop [144]=NarrowOop [152]=Oop }
                      ;*invokevirtual preDefineClass {reexecute=0 rethrow=0 return_oop=1}
                      ; - java.lang.ClassLoader::defineClass@4
                      ; - org.eclipse.osgi.internal.loader.ModuleClassLoader::defineClass@37 (line 315)
                      ; - org.eclipse.osgi.internal.loader.classpath.ClasspathManager::defineClass@424 (line 779)
  0x000002d08b1f12c4: f8c7 e9ff 

  0x000002d08b1f12c8: ;   {other}
  0x000002d08b1f12c8: 0f1f 8400 | 3818 000c | 4c8b c88b | 4810 8b69 | 0c85 ed0f | 84e3 0e00 | 0044 8b5d | 3845 8b53 
  0x000002d08b1f12e8: 0849 8bd3 

  0x000002d08b1f12ec: ;   {metadata('sun/net/www/protocol/file/Handler')}
  0x000002d08b1f12ec: 4c8b c541 | 81fa f831 | 2100 0f85 | 510f 0000 | 4889 4424 | 384c 8b94 | 2498 0000 | 004c 8954 
  0x000002d08b1f130c: 2440 4c8b | 9424 8800 | 0000 4c89 | 5424 5890 

  0x000002d08b1f131c: ;   {optimized virtual_call}
  0x000002d08b1f131c: c5f8 77e8 

  0x000002d08b1f1320: ; ImmutableOopMap {[48]=Oop [56]=Oop [64]=Oop [72]=Oop [80]=Oop [88]=Oop [96]=Oop [104]=Oop [112]=Oop [120]=Oop [128]=Oop [136]=Oop [152]=Oop }
                      ;*invokevirtual toExternalForm {reexecute=0 rethrow=0 return_oop=1}
                      ; - java.net.URL::toExternalForm@5
                      ; - java.net.URL::toString@1
                      ; - java.lang.ClassLoader::defineClassSourceLocation@22
                      ; - java.lang.ClassLoader::defineClass@12
                      ; - org.eclipse.osgi.internal.loader.ModuleClassLoader::defineClass@37 (line 315)
                      ; - org.eclipse.osgi.internal.loader.classpath.ClasspathManager::defineClass@424 (line 779)
  0x000002d08b1f1320: bc44 e5ff 

  0x000002d08b1f1324: ;   {other}
  0x000002d08b1f1324: 0f1f 8400 | 9418 000d | 4c8b 4c24 | 384c 894c | 2438 488b | 5424 304c | 8b84 2488 | 0000 004c 
  0x000002d08b1f1344: 8b4c 2468 | 8b7c 2420 | 8bb4 2494 | 0000 0048 | 8b4c 2438 | 4889 0424 | 488b ac24 | 9800 0000 
  0x000002d08b1f1364: ;   {static_call}
  0x000002d08b1f1364: c5f8 77e8 

  0x000002d08b1f1368: ; ImmutableOopMap {rbp=Oop [48]=Oop [56]=Oop [72]=Oop [80]=Oop [96]=Oop [104]=Oop [112]=Oop [120]=Oop [128]=Oop [136]=Oop [152]=Oop }
                      ;*invokestatic defineClass1 {reexecute=0 rethrow=0 return_oop=1}
                      ; - java.lang.ClassLoader::defineClass@27
                      ; - org.eclipse.osgi.internal.loader.ModuleClassLoader::defineClass@37 (line 315)
                      ; - org.eclipse.osgi.internal.loader.classpath.ClasspathManager::defineClass@424 (line 779)
  0x000002d08b1f1368: 742e b6ff 

  0x000002d08b1f136c: ;   {other}
  0x000002d08b1f136c: 0f1f 8400 | dc18 000e | 488b e848 | 8b54 2430 | 4c8b c04c | 8b4c 2438 

  0x000002d08b1f1384: ;   {optimized virtual_call}
  0x000002d08b1f1384: c5f8 77e8 

  0x000002d08b1f1388: ; ImmutableOopMap {rbp=Oop [72]=Oop [80]=Oop [96]=Oop [104]=Oop [112]=Oop [120]=Oop [128]=Oop [136]=Oop [152]=Oop }
                      ;*invokevirtual postDefineClass {reexecute=0 rethrow=0 return_oop=0}
                      ; - java.lang.ClassLoader::defineClass@37
                      ; - org.eclipse.osgi.internal.loader.ModuleClassLoader::defineClass@37 (line 315)
                      ; - org.eclipse.osgi.internal.loader.classpath.ClasspathManager::defineClass@424 (line 779)
  0x000002d08b1f1388: 34f7 e9ff 

  0x000002d08b1f138c: ;   {other}
  0x000002d08b1f138c: 0f1f 8400 | fc18 000f | 41ba 0100 | 0000 4c8b | c54c 8b8c | 2498 0000 | 0048 8d84 | 24d0 0000 
  0x000002d08b1f13ac: 0048 8338 | 000f 8479 | 0000 004d | 8b19 41f6 | c302 0f84 | 6200 0000 | 4983 bb86 | 0000 0000 
  0x000002d08b1f13cc: 7409 49ff | 8b86 0000 | 00eb 4b49 | 8b83 9600 | 0000 490b | 838e 0000 | 0075 0a49 | c743 3e00 
  0x000002d08b1f13ec: 0000 00eb | 3d49 83bb | 9e00 0000 | 0074 2248 | 33c0 49c7 | 433e 0000 | 0000 f083 | 0424 0049 
  0x000002d08b1f140c: 83bb 9e00 | 0000 0075 | 0df0 4d0f | b17b 3e75 | 0583 c801 | eb0c a800 | eb08 4c8b | 18f0 4d0f 
  0x000002d08b1f142c: b119 750a | 49ff 8f50 | 0500 0045 | 33db 0f85 | 1823 0000 | 4d8b afb8 | 0100 004d | 8bdd 4983 
  0x000002d08b1f144c: c318 4d3b | 9fc8 0100 | 000f 830b | 1800 004d | 899f b801 | 0000 410f | 1883 0001 | 0000 49c7 
  0x000002d08b1f146c: 4500 0100 

  0x000002d08b1f1470: ;   {metadata('org/eclipse/osgi/internal/loader/ModuleClassLoader$DefineClassResult')}
  0x000002d08b1f1470: 0000 41c7 | 4508 003d | 1201 4589 | 650c 4d89 | 6510 4588 | 550c 4c8b | 5424 5041 | 8b6a 104d 
  0x000002d08b1f1490: 8bd8 4589 | 5d10 448b 

  0x000002d08b1f1498: ;   {metadata('java/util/ArrayList')}
  0x000002d08b1f1498: 5d08 4181 | fbd0 890b | 000f 85e8 | 2200 004c | 8bd5 458b | 7210 4585 | f60f 8ed8 | 0400 0045 
  0x000002d08b1f14b8: 8b5a 1445 | 8b4b 0c44 | 894c 2424 | 4585 c90f | 8673 1f00 | 004d 63c6 | 4d63 c949 | ffc8 4d3b 
  0x000002d08b1f14d8: c10f 8361 | 1f00 0044 | 899c 2490 | 0000 004c | 8994 2480 | 0000 004c | 896c 2450 | 4c8b 9424 
  0x000002d08b1f14f8: 8800 0000 | 458b 5a14 | 410f be6a | 1044 8b84 | 2490 0000 | 004d 8bc8 | 4d8b d34d | 8d6b 1045 
  0x000002d08b1f1518: 33d2 e9fd | 0200 004c | 8984 2498 | 0000 0089 | 4c24 2c44 | 894c 2428 | 4889 b424 | 9000 0000 
  0x000002d08b1f1538: 4889 5c24 | 584c 89ac | 2480 0000 | 0049 8bd0 | 4889 7424 | 3090 c5f8 | 7748 b8ff | ffff ffff 
  0x000002d08b1f1558: ;   {virtual_call}
  0x000002d08b1f1558: ffff ffe8 

  0x000002d08b1f155c: ; ImmutableOopMap {rbp=Oop [48]=Oop [88]=Oop [96]=Oop [104]=Oop [112]=Oop [120]=Oop [128]=Oop [136]=Oop [144]=Oop [152]=Oop }
                      ;*invokeinterface next {reexecute=0 rethrow=0 return_oop=1}
                      ; - java.util.Collections$UnmodifiableCollection$1::next@4
                      ; - org.eclipse.osgi.internal.loader.classpath.ClasspathManager::defineClass@270 (line 764)
  0x000002d08b1f155c: 20d5 3eff 

  0x000002d08b1f1560: ;   {other}
  0x000002d08b1f1560: 0f1f 8400 | d01a 0010 

  0x000002d08b1f1568: ; implicit exception: dispatches to 0x000002d08b1f4fcb
  0x000002d08b1f1568: 448b 5008 | 49bb 0000 | 0097 d002 | 0000 4d03 | da4d 8b53 

  0x000002d08b1f157c: ;   {metadata('org/eclipse/osgi/internal/hookregistry/ClassLoaderHook')}
  0x000002d08b1f157c: 3849 bb78 | eb08 98d0 | 0200 004d | 3bd3 0f85 | 141b 0000 | 4889 4424 | 3048 8bd0 | 4c8b 9424 
  0x000002d08b1f159c: 9000 0000 | 4c89 5424 | 3890 c5f8 | 7748 b8ff | ffff ffff 

  0x000002d08b1f15b0: ;   {virtual_call}
  0x000002d08b1f15b0: ffff ffe8 

  0x000002d08b1f15b4: ; ImmutableOopMap {rbp=Oop [48]=Oop [56]=Oop [88]=Oop [96]=Oop [104]=Oop [112]=Oop [120]=Oop [128]=Oop [136]=Oop [144]=Oop [152]=Oop }
                      ;*invokevirtual isProcessClassRecursionSupported {reexecute=0 rethrow=0 return_oop=0}
                      ; - org.eclipse.osgi.internal.loader.classpath.ClasspathManager::defineClass@282 (line 765)
  0x000002d08b1f15b4: c8d4 3eff 

  0x000002d08b1f15b8: ;   {other}
  0x000002d08b1f15b8: 0f1f 8400 | 281b 0011 | 85c0 0f84 | 141c 0000 | 488b 5424 | 304c 8b84 | 2488 0000 | 004c 8b4c 
  0x000002d08b1f15d8: 2468 488b | 7c24 7048 | 8b74 2478 | 488b 4c24 | 6048 897c | 2450 c5f8 | 7748 b8ff | ffff ffff 
  0x000002d08b1f15f8: ;   {virtual_call}
  0x000002d08b1f15f8: ffff ffe8 

  0x000002d08b1f15fc: ; ImmutableOopMap {rbp=Oop [48]=Oop [80]=Oop [88]=Oop [96]=Oop [104]=Oop [112]=Oop [120]=Oop [128]=Oop [136]=Oop [144]=Oop [152]=Oop }
                      ;*invokevirtual processClass {reexecute=0 rethrow=0 return_oop=1}
                      ; - org.eclipse.osgi.internal.loader.classpath.ClasspathManager::processClass@8 (line 799)
                      ; - org.eclipse.osgi.internal.loader.classpath.ClasspathManager::defineClass@299 (line 769)
  0x000002d08b1f15fc: 80d4 3eff 

  0x000002d08b1f1600: ;   {other}
  0x000002d08b1f1600: 0f1f 8400 | 701b 0012 | 4885 c00f | 846f f7ff | ff4c 8b54 | 2430 458b 

  0x000002d08b1f1618: ;   {metadata('org/eclipse/osgi/internal/weaving/WeavingHookConfigurator')}
  0x000002d08b1f1618: 5a08 4181 | fbf0 f508 | 010f 845e | f7ff ff4c | 8954 2428 | 4889 4424 | 2048 8b6c | 2468 e99a 
  0x000002d08b1f1638: 0100 000f | 1f44 0000 | 488b 4424 | 6848 8944 | 2468 488b | 5c24 5848 | 8b74 2450 | 4c8b 8424 
  0x000002d08b1f1658: 9800 0000 | eb17 4c89 | ac24 8000 | 0000 4489 | 8c24 a800 | 0000 898c | 24ac 0000 | 004c 8984 
  0x000002d08b1f1678: 2498 0000 | 0048 89b4 | 2490 0000 | 0048 895c | 2458 498b | d090 c5f8 | 7748 b818 | 2c18 97d0 
  0x000002d08b1f1698: ;   {virtual_call}
  0x000002d08b1f1698: 0200 00e8 

  0x000002d08b1f169c: ; ImmutableOopMap {[88]=Oop [96]=Oop [104]=Oop [112]=Oop [120]=Oop [128]=Oop [136]=Oop [144]=Oop [152]=Oop }
                      ;*invokeinterface hasNext {reexecute=0 rethrow=0 return_oop=0}
                      ; - java.util.Collections$UnmodifiableCollection$1::hasNext@4
                      ; - org.eclipse.osgi.internal.loader.classpath.ClasspathManager::defineClass@305 (line 764)
  0x000002d08b1f169c: 802c b2ff 

  0x000002d08b1f16a0: ;   {other}
  0x000002d08b1f16a0: 0f1f 8400 | 101c 0013 | 85c0 752c | 488b 5c24 | 588b 6b10 | 4c8b ac24 | 8000 0000 | 488b b424 
  0x000002d08b1f16c0: 9000 0000 | 448b 8c24 | a800 0000 | 8b8c 24ac | 0000 00e9 | 06f7 ffff | 488b 9424 | 9800 0000 
  0x000002d08b1f16e0: 6690 c5f8 | 7748 b818 | 2c18 97d0 

  0x000002d08b1f16ec: ;   {virtual_call}
  0x000002d08b1f16ec: 0200 00e8 

  0x000002d08b1f16f0: ; ImmutableOopMap {[88]=Oop [96]=Oop [104]=Oop [112]=Oop [120]=Oop [128]=Oop [136]=Oop [144]=Oop [152]=Oop }
                      ;*invokeinterface next {reexecute=0 rethrow=0 return_oop=1}
                      ; - java.util.Collections$UnmodifiableCollection$1::next@4
                      ; - org.eclipse.osgi.internal.loader.classpath.ClasspathManager::defineClass@270 (line 764)
  0x000002d08b1f16f0: 2c3a b2ff 

  0x000002d08b1f16f4: ;   {other}
  0x000002d08b1f16f4: 0f1f 8400 | 641c 0014 

  0x000002d08b1f16fc: ; implicit exception: dispatches to 0x000002d08b1f4fc4
  0x000002d08b1f16fc: 448b 5808 | 49ba 0000 | 0097 d002 | 0000 4d03 | d34d 8b52 

  0x000002d08b1f1710: ;   {metadata('org/eclipse/osgi/internal/hookregistry/ClassLoaderHook')}
  0x000002d08b1f1710: 3849 bb78 | eb08 98d0 | 0200 004d | 3bd3 0f85 | 8828 0000 | 488b e848 | 8bd5 4c8b | 9424 9000 
  0x000002d08b1f1730: 0000 4c89 | 5424 2866 | 6690 c5f8 | 7748 b8ff | ffff ffff 

  0x000002d08b1f1744: ;   {virtual_call}
  0x000002d08b1f1744: ffff ffe8 

  0x000002d08b1f1748: ; ImmutableOopMap {rbp=Oop [40]=Oop [88]=Oop [96]=Oop [104]=Oop [112]=Oop [120]=Oop [128]=Oop [136]=Oop [144]=Oop [152]=Oop }
                      ;*invokevirtual isProcessClassRecursionSupported {reexecute=0 rethrow=0 return_oop=0}
                      ; - org.eclipse.osgi.internal.loader.classpath.ClasspathManager::defineClass@282 (line 765)
  0x000002d08b1f1748: 5485 4aff 

  0x000002d08b1f174c: ;   {other}
  0x000002d08b1f174c: 0f1f 8400 | bc1c 0015 | 85c0 0f84 | 742d 0000 | 488b d54c | 8b84 2488 | 0000 004c | 8b4c 2468 
  0x000002d08b1f176c: 488b 7c24 | 7048 8b74 | 2478 488b | 4c24 6048 | 897c 2440 | 4889 7424 | 484c 8b94 | 2490 0000 
  0x000002d08b1f178c: 004c 8954 | 2450 c5f8 | 7748 b8ff | ffff ffff 

  0x000002d08b1f179c: ;   {virtual_call}
  0x000002d08b1f179c: ffff ffe8 

  0x000002d08b1f17a0: ; ImmutableOopMap {rbp=Oop [64]=Oop [72]=Oop [80]=Oop [88]=Oop [96]=Oop [104]=Oop [112]=Oop [120]=Oop [128]=Oop [136]=Oop [144]=Oop [152]=Oop }
                      ;*invokevirtual processClass {reexecute=0 rethrow=0 return_oop=1}
                      ; - org.eclipse.osgi.internal.loader.classpath.ClasspathManager::processClass@8 (line 799)
                      ; - org.eclipse.osgi.internal.loader.classpath.ClasspathManager::defineClass@299 (line 769)
  0x000002d08b1f17a0: f4e7 5eff 

  0x000002d08b1f17a4: ;   {other}
  0x000002d08b1f17a4: 0f1f 8400 | 141d 0016 | 4885 c00f | 848b feff | ff44 8b5d 

  0x000002d08b1f17b8: ;   {metadata('org/eclipse/osgi/internal/weaving/WeavingHookConfigurator')}
  0x000002d08b1f17b8: 0841 81fb | f0f5 0801 | 0f84 7ffe | ffff 4889 | 6c24 2848 | 8944 2420 | 488b 6c24 | 68ba deff 
  0x000002d08b1f17d8: ffff 4c8b | 9424 8800 | 0000 4c89 | 5424 6890 

  0x000002d08b1f17e8: ;   {runtime_call UncommonTrapBlob}
  0x000002d08b1f17e8: c5f8 77e8 

  0x000002d08b1f17ec: ; ImmutableOopMap {rbp=Oop [32]=Oop [40]=Oop [88]=Oop [96]=Oop [104]=Oop [112]=Oop [120]=Oop [144]=Oop [152]=Oop }
                      ;*instanceof {reexecute=0 rethrow=0 return_oop=0}
                      ; - org.eclipse.osgi.internal.loader.classpath.ClasspathManager::processClass@19 (line 803)
                      ; - org.eclipse.osgi.internal.loader.classpath.ClasspathManager::defineClass@299 (line 769)
  0x000002d08b1f17ec: 1022 3fff 

  0x000002d08b1f17f0: ;   {other}
  0x000002d08b1f17f0: 0f1f 8400 | 601d 0017 | 458b c145 | 8bca e98e | 0300 000f | 1f80 0000 | 0000 660f | 1f44 0000 
  0x000002d08b1f1810: 453b c60f | 8d20 0f00 | 0045 8bd0 | 4f8d 0491 | c4c1 f96e | c049 8bd0 | 4883 c210 | 8b1a 458d 
  0x000002d08b1f1830: 4201 488b | cb48 8bbc | 2488 0000 | 0048 3bf9 | 0f84 f500 | 0000 85db | 74c6 8b4b 

  0x000002d08b1f184c: ;   {metadata('java/lang/String')}
  0x000002d08b1f184c: 0881 f978 | e800 000f | 855f 3100 | 000f be4b | 103b e90f | 85d3 1700 | 0041 8b4b | 0c8b 7b14 
  0x000002d08b1f186c: 8b5f 0c3b | cb75 9d48 | 8bdf 488d | 7710 498b | fd85 c90f | 849d 0000 | 008b c183 | e01f 83e1 
  0x000002d08b1f188c: e00f 844b | 0000 0048 | 8d3c 0f48 | 8d34 0e48 | f7d9 c5fe | 6f0c 0fc5 | fe6f 140e | c5f5 efca 
  0x000002d08b1f18ac: c4e2 7d17 | c90f 8572 | 0000 0048 | 83c1 2075 | e185 c00f | 845d 0000 | 00c5 fe6f | 4c07 e0c5 
  0x000002d08b1f18cc: fe6f 5406 | e0c5 f5ef | cac4 e27d | 17c9 754d | eb44 8bc8 | 83e1 fc74 | 1948 8d3c | 0f48 8d34 
  0x000002d08b1f18ec: 0e48 f7d9 | 8b1c 0f3b | 1c0e 7531 | 4883 c104 | 75f2 a802 | 7412 0fb7 | 1f0f b70e | 3bd9 751d 
  0x000002d08b1f190c: 488d 7f02 | 488d 7602 | a801 740a | 0fb6 1f0f | b60e 3bd9 | 7507 b801 | 0000 00eb | 0233 c0c5 
  0x000002d08b1f192c: f5ef c9c5 | edef d285 | c00f 84d5 | feff ff4c | 8b9c 2480 | 0000 0045 | 8b5b 0c41 | 8d5e ff8b 
  0x000002d08b1f194c: ;   {no_reloc}
  0x000002d08b1f194c: fb41 ffc3 | 488b 8c24 | 8000 0000 | 4489 590c | 413b da0f | 8f02 0800 | 004c 8b94 | 2480 0000 
  0x000002d08b1f196c: 008b df41 | 895a 103b | 5c24 240f | 8353 1b00 | 0044 8b94 | 2490 0000 | 0047 8964 | b20c 4c8b 
  0x000002d08b1f198c: 6c24 5045 | 0fb6 5d0c | 4585 db0f | 84ae 0d00 | 0045 8b5d | 1049 8bfb | 488b 7424 | 4844 8b5e 
  0x000002d08b1f19ac: 0c45 8b53 | 0849 8bd3 

  0x000002d08b1f19b4: ;   {metadata('java/util/HashSet')}
  0x000002d08b1f19b4: 4181 fa78 | c40d 000f | 855f 0a00 | 008b 6a0c 

  0x000002d08b1f19c4: ; implicit exception: dispatches to 0x000002d08b1f4e6c
  0x000002d08b1f19c4: 448b 5d08 

  0x000002d08b1f19c8: ;   {metadata('java/util/HashMap')}
  0x000002d08b1f19c8: 4c8b c541 | 81fb 68a9 | 0800 0f85 | c30b 0000 | 458b 500c | 4585 d20f | 84d6 0d00 | 0045 8b5a 
  0x000002d08b1f19e8: ;   {metadata('java/util/HashMap$KeySet')}
  0x000002d08b1f19e8: 0841 81fb | 3010 1a00 | 0f85 f00b | 0000 498b | 8fb8 0100 | 004c 8bd9 | 4983 c320 | 4d3b 9fc8 
  0x000002d08b1f1a08: 0100 000f | 8323 1300 | 004d 899f | b801 0000 | 410f 1883 | 0001 0000 | 48c7 0101 

  0x000002d08b1f1a24: ;   {metadata('java/util/HashMap$KeyIterator')}
  0x000002d08b1f1a24: 0000 00c7 | 4108 3053 | 1a00 4489 | 610c 4c89 | 6110 4c89 | 6118 458b | 520c 4489 | 511c 418b 
  0x000002d08b1f1a44: 5a24 458b | 4218 4489 | 410c 85db | 0f84 e301 | 0000 458b | 5a14 4585 | db0f 8ed6 | 0100 008b 
  0x000002d08b1f1a64: 6b0c 85ed | 0f86 2a24 | 0000 81fd | feff ff7f | 0f8f aa1e | 0000 448d | 5d01 8b54 | 242c 413b 
  0x000002d08b1f1a84: d341 0f4f | d345 33d2 | 448b 4424 | 2844 8941 | 1044 3bd5 | 0f83 9a16 | 0000 468b | 5493 1044 
  0x000002d08b1f1aa4: 8951 144c | 8bc9 49c1 | e909 48b8 | 0000 b1fc | d002 0000 | 4688 2408 | 4585 d20f | 8574 0100 
  0x000002d08b1f1ac4: 0044 8b4c | 2428 41ff | c144 3bca | 7d0c 448b | 5424 2844 | 894c 2428 | ebae 4c63 | d549 63d3 
  0x000002d08b1f1ae4: 48ff ca48 | 81fa 0000 | 0080 48c7 | c000 0000 | 8048 0f4c | d04c 3bd2 | 490f 4cd2 | 8bd2 443b 
  0x000002d08b1f1b04: ca0f 8d81 | 0000 0044 | 8b4c 2428 | 41ff c10f | 1f80 0000 | 0000 660f | 1f44 0000 | 4489 4910 
  0x000002d08b1f1b24: ;   {no_reloc}
  0x000002d08b1f1b24: 443b c50f | 830e 1600 | 0046 8b54 | 8310 4489 | 5114 4c8b | c149 c1e8 | 0948 b800 | 00b1 fcd0 
  0x000002d08b1f1b44: 0200 0046 | 8824 0045 | 85d2 0f85 | e500 0000 | 468b 548b | 1044 8951 | 1448 8bc1 | 458d 4101 
  0x000002d08b1f1b64: 4489 4110 | 48c1 e809 | 49be 0000 | b1fc d002 | 0000 4588 | 2406 4585 | d20f 85b6 | 0000 0041 
  0x000002d08b1f1b84: 83c1 0244 | 3bca 7c94 | 453b cb7d | 3f44 8949 | 1044 3bc5 | 0f83 9d15 | 0000 468b | 4483 1044 
  0x000002d08b1f1ba4: 8941 144c | 8bd1 49c1 | ea09 48ba | 0000 b1fc | d002 0000 | 4688 2412 | 4585 c075 | 7845 8d51 
  0x000002d08b1f1bc4: 0145 3bd3 | 0f8c 2afc | ffff eb03 | 458b c8ba | 45ff ffff | 4c8b 5424 | 604c 8954 | 2420 4c8b 
  0x000002d08b1f1be4: 5424 684c | 8954 2430 | 4c89 6c24 | 4848 897c | 2450 4889 | 7424 5848 | 894c 2460 | 4489 4c24 
  0x000002d08b1f1c04: 6866 6690 

  0x000002d08b1f1c08: ;   {runtime_call UncommonTrapBlob}
  0x000002d08b1f1c08: c5f8 77e8 

  0x000002d08b1f1c0c: ; ImmutableOopMap {[32]=Oop [48]=Oop [72]=Oop [80]=Oop [88]=Oop [96]=Oop [112]=Oop [120]=Oop [136]=Oop }
                      ;*if_icmpge {reexecute=1 rethrow=0 return_oop=0}
                      ; - (reexecute) java.util.HashMap$HashIterator::<init>@54
                      ; - java.util.HashMap$KeyIterator::<init>@2
                      ; - java.util.HashMap$KeySet::iterator@8
                      ; - java.util.HashSet::iterator@7
                      ; - java.util.Collections$UnmodifiableCollection$1::<init>@17
                      ; - java.util.Collections$UnmodifiableCollection::iterator@5
                      ; - org.eclipse.osgi.internal.loader.classpath.ClasspathManager::defineClass@576 (line 788)
  0x000002d08b1f1c0c: f01d 3fff 

  0x000002d08b1f1c10: ;   {other}
  0x000002d08b1f1c10: 0f1f 8400 | 8021 0018 | 0f1f 8400 | 0000 0000 | 488b b424 | 8000 0000 | 4c8b 6c24 | 4848 8b7c 
  0x000002d08b1f1c30: 2450 4c8b | 4424 58eb | 3b4c 8bc1 | 418b 6808 

  0x000002d08b1f1c40: ;   {metadata('java/util/HashMap$KeyIterator')}
  0x000002d08b1f1c40: 81fd 3053 | 1a00 0f85 | 7f05 0000 | 4d8b d045 | 3b62 1444 | 8b5c 2420 | 410f 95c3 | 4585 db0f 
  0x000002d08b1f1c60: 84be 0000 

  0x000002d08b1f1c64: ;   {metadata('java/util/HashMap$KeyIterator')}
  0x000002d08b1f1c64: 0081 fd30 | 531a 000f | 8526 0600 | 0049 8be8 | 4c89 4424 | 5848 897c | 2450 4c89 | 6c24 4848 
  0x000002d08b1f1c84: 89b4 2480 | 0000 0049 | 8bd0 c5f8 | 7748 b8ff | ffff ffff 

  0x000002d08b1f1c98: ;   {virtual_call}
  0x000002d08b1f1c98: ffff ffe8 

  0x000002d08b1f1c9c: ; ImmutableOopMap {rbp=Oop [72]=Oop [80]=Oop [88]=Oop [96]=Oop [104]=Oop [112]=Oop [120]=Oop [128]=Oop [136]=Oop }
                      ;*invokeinterface next {reexecute=0 rethrow=0 return_oop=1}
                      ; - java.util.Collections$UnmodifiableCollection$1::next@4
                      ; - org.eclipse.osgi.internal.loader.classpath.ClasspathManager::defineClass@588 (line 788)
  0x000002d08b1f1c9c: e0cd 3eff 

  0x000002d08b1f1ca0: ;   {other}
  0x000002d08b1f1ca0: 0f1f 8400 | 1022 0019 

  0x000002d08b1f1ca8: ; implicit exception: dispatches to 0x000002d08b1f4ac0
  0x000002d08b1f1ca8: 448b 5808 | 49ba 0000 | 0097 d002 | 0000 4d03 | d34d 8b52 

  0x000002d08b1f1cbc: ;   {metadata('org/eclipse/osgi/internal/hookregistry/ClassLoaderHook')}
  0x000002d08b1f1cbc: 3849 bb78 | eb08 98d0 | 0200 004d | 3bd3 0f85 | b013 0000 | 488b d04c | 8b84 2488 | 0000 004c 
  0x000002d08b1f1cdc: 8b4c 2450 | 488b 7c24 | 6848 8b74 | 2470 488b | 4c24 784c | 8b54 2460 | 4c89 1424 | 6690 c5f8 
  0x000002d08b1f1cfc: 7748 b8ff | ffff ffff 

  0x000002d08b1f1d04: ;   {virtual_call}
  0x000002d08b1f1d04: ffff ffe8 

  0x000002d08b1f1d08: ; ImmutableOopMap {rbp=Oop [72]=Oop [80]=Oop [88]=Oop [96]=Oop [104]=Oop [112]=Oop [120]=Oop [128]=Oop [136]=Oop }
                      ;*invokevirtual recordClassDefine {reexecute=0 rethrow=0 return_oop=0}
                      ; - org.eclipse.osgi.internal.loader.classpath.ClasspathManager::defineClass@608 (line 789)
  0x000002d08b1f1d08: 74cd 3eff 

  0x000002d08b1f1d0c: ;   {other}
  0x000002d08b1f1d0c: 0f1f 8400 | 7c22 001a | 443b 6514 | 0f85 02ff | ffff 4c8b | 6c24 4845 | 8b5d 1049 | 8bc3 c5f8 
  0x000002d08b1f1d2c: 7748 81c4 | e000 0000 

  0x000002d08b1f1d34: ;   {poll_return}
  0x000002d08b1f1d34: 5d49 3ba7 | 5004 0000 | 0f87 9339 | 0000 c34c | 63c2 81fa | 0000 1000 | 0f87 d311 | 0000 498b 
  0x000002d08b1f1d54: bfb8 0100 | 004d 8d58 | 1749 83e3 | f84c 8bcf | 4d03 cb4d | 3b8f c801 | 0000 0f83 | b111 0000 
  0x000002d08b1f1d74: 4d89 8fb8 | 0100 0041 | 0f18 8100 | 0100 0048 | c707 0100 | 0000 410f | 1881 4001 

  0x000002d08b1f1d90: ;   {metadata({type array byte})}
  0x000002d08b1f1d90: 0000 c747 | 0818 2300 | 0089 570c | 410f 1881 | 8001 0000 | 488b d748 | 83c2 1049 | 83c0 0749 
  0x000002d08b1f1db0: c1e8 0349 | 8bca c5f8 | 7749 ba60 | 745c 8ad0 | 0200 0041 

  0x000002d08b1f1dc4: ;   {other}
  0x000002d08b1f1dc4: ffd2 0f1f | 8400 0000 | 0000 4c8b | efe9 29e6 | ffff 450f | b65b 1145 | 85db 0f85 | 970d 0000 
  0x000002d08b1f1de4: 4c8b 9c24 | 9000 0000 | 410f be7b | 1085 ff0f | 85a3 2400 | 004c 894c | 2440 4889 | 4c24 3844 
  0x000002d08b1f1e04: 8944 2434 | 4489 5424 | 3048 8974 | 2428 458b | 5314 488b | eb89 5c24 | 4849 8bd2 | 4c8b 5424 
  0x000002d08b1f1e24: 704c 8954 | 2458 6690 

  0x000002d08b1f1e2c: ;   {static_call}
  0x000002d08b1f1e2c: c5f8 77e8 

  0x000002d08b1f1e30: ; ImmutableOopMap {rbp=Oop [40]=Oop [48]=NarrowOop [52]=NarrowOop [56]=Oop [64]=Oop [72]=NarrowOop [88]=Oop [96]=Oop [104]=Oop [112]=Oop [120]=Oop [128]=Oop [136]=Oop [144]=Oop }
                      ;*invokestatic hashCode {reexecute=0 rethrow=0 return_oop=0}
                      ; - java.lang.String::hashCode@27
                      ; - java.util.concurrent.ConcurrentHashMap::get@1
                      ; - java.lang.ClassLoader::getDefinedPackage@13
                      ; - java.lang.ClassLoader::getPackage@2
                      ; - org.eclipse.osgi.internal.loader.ModuleClassLoader::publicGetPackage@9 (line 330)
                      ; - org.eclipse.osgi.internal.loader.classpath.ClasspathManager::definePackage@26 (line 825)
                      ; - org.eclipse.osgi.internal.loader.classpath.ClasspathManager::defineClass@9 (line 733)
  0x000002d08b1f1e30: 0c1a b2ff 

  0x000002d08b1f1e34: ;   {other}
  0x000002d08b1f1e34: 0f1f 8400 | a423 001b | 85c0 0f84 | cd0d 0000 | 4c8b 9424 | 9000 0000 | 4189 420c | 448b 5424 
  0x000002d08b1f1e54: 3044 8b44 | 2434 488b | 4c24 388b | 5c24 4848 | 8b74 2428 | 4c8b 4c24 | 40e9 5ce6 | ffff 4585 
  0x000002d08b1f1e74: db0f 8717 

  0x000002d08b1f1e78: ;   {oop(a 'java/lang/Object'[0] {0x0000000080000748})}
  0x000002d08b1f1e78: 0800 0041 | 81f8 4807 | 0080 0f85 | 0a08 0000 | 41b8 0a00 | 0000 453b | c245 0f4c | c241 81f8 
  0x000002d08b1f1e98: 0000 0400 | 0f87 fa20 | 0000 4d63 | d841 81f8 | 0000 0400 | 0f87 fd10 | 0000 4489 | 5424 3089 
  0x000002d08b1f1eb8: bc24 9000 | 0000 894c | 242c 4489 | 4c24 2848 | 8974 2448 | 4889 5c24 | 504c 89ac | 2480 0000 
  0x000002d08b1f1ed8: 0049 8b9f | b801 0000 | 4a8d 0c9d | 1700 0000 | 4c8b d149 | 83e2 f84c | 8bcb 4d03 | ca4d 3b8f 
  0x000002d08b1f1ef8: c801 0000 | 0f83 d410 | 0000 4d89 | 8fb8 0100 | 0041 0f18 | 8100 0100 | 004c 8bdb | 49c7 0301 
  0x000002d08b1f1f18: 0000 0041 | 0f18 8140 

  0x000002d08b1f1f20: ;   {metadata('java/lang/Object'[])}
  0x000002d08b1f1f20: 0100 0041 | c743 0870 | 1200 0045 | 8943 0c41 | 0f18 8180 | 0100 0049 | 8bfb 4883 | c710 48c1 
  0x000002d08b1f1f40: e903 4883 | c1fe 4833 | c048 83f9 | 087f 1048 | ffc9 784f | 4889 04cf | 48ff c97d | f7eb 44c5 
  0x000002d08b1f1f60: fdef c0e9 | 0d00 0000 | c5fe 7f07 | c5fe 7f47 | 2048 83c7 | 4048 83e9 | 087d ed48 | 83c1 047c 
  0x000002d08b1f1f80: 0cc5 fe7f | 0748 83c7 | 2048 83e9 | 0448 83c1 | 047e 1048 | ffc9 c5f9 | d607 4883 | c708 48ff 
  0x000002d08b1f1fa0: c97d f34c | 8bd5 4d8b | c344 8945 | 1449 c1ea | 0949 b800 | 00b1 fcd0 | 0200 0047 | 8824 104c 
  0x000002d08b1f1fc0: 8bac 2480 | 0000 0048 | 8b5c 2450 | 488b 7424 | 4844 8b4c | 2428 8b4c | 242c 8bbc | 2490 0000 
  0x000002d08b1f1fe0: 0044 8b54 | 2430 e9ff | efff ff45 | 85db 0f85 | 8e0b 0000 | 4c8b 9c24 | 9000 0000 | 450f be5b 
  0x000002d08b1f2000: 1045 85db | 0f85 4a24 | 0000 4489 | 4c24 4848 | 894c 2438 | 4489 4424 | 3444 8954 | 2430 488b 
  0x000002d08b1f2020: ;   {no_reloc}
  0x000002d08b1f2020: ef89 7c24 | 4c4c 8b54 | 2470 4c89 | 5424 5890 

  0x000002d08b1f2030: ;   {static_call}
  0x000002d08b1f2030: c5f8 77e8 

  0x000002d08b1f2034: ; ImmutableOopMap {rbp=Oop [40]=Oop [48]=NarrowOop [52]=NarrowOop [56]=Oop [64]=Oop [72]=NarrowOop [76]=NarrowOop [88]=Oop [96]=Oop [104]=Oop [112]=Oop [120]=Oop [128]=Oop [136]=Oop [144]=Oop }
                      ;*invokestatic hashCode {reexecute=0 rethrow=0 return_oop=0}
                      ; - java.lang.String::hashCode@27
                      ; - java.util.concurrent.ConcurrentHashMap::get@1
                      ; - java.lang.ClassLoader::definePackage@47
                      ; - java.lang.ClassLoader::getDefinedPackage@32
                      ; - java.lang.ClassLoader::getPackage@2
                      ; - org.eclipse.osgi.internal.loader.ModuleClassLoader::publicGetPackage@9 (line 330)
                      ; - org.eclipse.osgi.internal.loader.classpath.ClasspathManager::definePackage@26 (line 825)
                      ; - org.eclipse.osgi.internal.loader.classpath.ClasspathManager::defineClass@9 (line 733)
  0x000002d08b1f2034: 48cd 3eff 

  0x000002d08b1f2038: ;   {other}
  0x000002d08b1f2038: 0f1f 8400 | a825 001c | 85c0 0f84 | aa0d 0000 | 4c8b 9424 | 9000 0000 | 4189 420c | 448b 5424 
  0x000002d08b1f2058: 3044 8b44 | 2434 488b | 4c24 3844 | 8b4c 2448 | 8b7c 244c | e9e5 e6ff | ff41 b901 | 0000 00b9 
  0x000002d08b1f2078: 0200 0000 | e939 edff | ff4c 8b54 | 2460 458b | 520c 458b | 5a4c 458b | 530c 458b | 5a18 458b 
  0x000002d08b1f2098: 5314 410f | b66a 2185 | ed0f 848d | 2400 004c | 8b54 2470 | 4d85 d20f | 84cf 2200 | 004c 8b5c 
  0x000002d08b1f20b8: 2428 4c89 | 5c24 3048 | 8b54 2470 | 4c8b 8424 | 9000 0000 

  0x000002d08b1f20cc: ;   {optimized virtual_call}
  0x000002d08b1f20cc: c5f8 77e8 

  0x000002d08b1f20d0: ; ImmutableOopMap {[48]=Oop [96]=Oop [104]=Oop [112]=Oop [120]=Oop [128]=Oop [136]=Oop [144]=Oop }
                      ;*invokevirtual manifestPackageAttributesFor {reexecute=0 rethrow=0 return_oop=1}
                      ; - org.eclipse.osgi.internal.loader.classpath.ClasspathManager::definePackage@77 (line 836)
                      ; - org.eclipse.osgi.internal.loader.classpath.ClasspathManager::defineClass@9 (line 733)
  0x000002d08b1f20d0: ac6e 40f8 

  0x000002d08b1f20d4: ;   {other}
  0x000002d08b1f20d4: 0f1f 8400 | 4426 001d 

  0x000002d08b1f20dc: ; implicit exception: dispatches to 0x000002d08b1f5068
  0x000002d08b1f20dc: 8b48 108b | 590c 448b | 500c 458b | 4a0c 458b | 4214 488b | 7c24 608b | 5710 448b | 5910 418b 
  0x000002d08b1f20fc: 4210 8b69 | 1485 d20f | 8493 2200 | 004d 8bd0 | 4c8b c049 | 8bc0 498b | c94c 8bcb | 498b fb48 
  0x000002d08b1f211c: 8bf5 4c8b | 8424 9000 | 0000 4889 | 0424 4c89 | 5424 0845 | 33d2 4c89 | 5424 1090 

  0x000002d08b1f2138: ;   {optimized virtual_call}
  0x000002d08b1f2138: c5f8 77e8 

  0x000002d08b1f213c: ; ImmutableOopMap {[48]=Oop [96]=Oop [104]=Oop [112]=Oop [120]=Oop [128]=Oop [136]=Oop }
                      ;*invokevirtual publicDefinePackage {reexecute=0 rethrow=0 return_oop=1}
                      ; - org.eclipse.osgi.internal.loader.classpath.ClasspathManager::definePackage@157 (line 849)
                      ; - org.eclipse.osgi.internal.loader.classpath.ClasspathManager::defineClass@9 (line 733)
  0x000002d08b1f213c: c053 2af8 

  0x000002d08b1f2140: ;   {other}
  0x000002d08b1f2140: 0f1f 8400 | b026 001e | 4c8b 5424 | 304c 8954 | 2428 e90e | e9ff ff41 | b901 0000 | 00b9 0200 
  0x000002d08b1f2160: 0000 e953 | ecff ff41 | 8bde 412b | da8d 6bff | 448b 6c24 | 2445 3bee | 0f82 6023 | 0000 443b 
  0x000002d08b1f2180: ef0f 8257 | 2300 0085 | ed0f 8c4f | 2300 0083 | fb01 0f84 | cdf7 ffff | c4c1 f97e | c249 83c2 
  0x000002d08b1f21a0: 144c 63c5 | 498b cac5 | f877 49ba | 8079 5c8a | d002 0000 

  0x000002d08b1f21b4: ;   {other}
  0x000002d08b1f21b4: 41ff d20f | 1f84 0000 | 0000 00e9 | a1f7 ffff | 33c0 e966 | f1ff ff4c | 8944 2438 | 4889 7c24 
  0x000002d08b1f21d4: 304c 896c | 2428 4889 | 7424 2049 | 8bd0 c5f8 | 7748 b818 | 2c18 97d0 

  0x000002d08b1f21ec: ;   {virtual_call}
  0x000002d08b1f21ec: 0200 00e8 

  0x000002d08b1f21f0: ; ImmutableOopMap {[32]=Oop [40]=Oop [48]=Oop [56]=Oop [96]=Oop [104]=Oop [112]=Oop [120]=Oop [136]=Oop }
                      ;*invokeinterface hasNext {reexecute=0 rethrow=0 return_oop=0}
                      ; - java.util.Collections$UnmodifiableCollection$1::hasNext@4
                      ; - org.eclipse.osgi.internal.loader.classpath.ClasspathManager::defineClass@613 (line 788)
  0x000002d08b1f21f0: 2c21 b2ff 

  0x000002d08b1f21f4: ;   {other}
  0x000002d08b1f21f4: 0f1f 8400 | 6427 001f | 448b d848 | 8b74 2420 | 4c8b 6c24 | 2848 8b7c | 2430 4c8b | 4424 38e9 
  0x000002d08b1f2214: 44fa ffff | 448b 4e18 | 4585 c975 | 0f48 8b74 | 2428 4c8b | 4c24 40e9 | 07e3 ffff | 498b f1e9 
  0x000002d08b1f2234: 7fe3 ffff | 4c8b 9424 | 8800 0000 | 4c89 9424 | 9000 0000 | e9da e1ff | ff48 8944 | 2438 8bac 
  0x000002d08b1f2254: 2494 0000 | 0090 c5f8 | 7748 b8ff | ffff ffff 

  0x000002d08b1f2264: ;   {virtual_call}
  0x000002d08b1f2264: ffff ffe8 

  0x000002d08b1f2268: ; ImmutableOopMap {[48]=Oop [56]=Oop [72]=Oop [80]=Oop [96]=Oop [104]=Oop [112]=Oop [120]=Oop [128]=Oop [136]=Oop [152]=Oop }
                      ;*invokevirtual toExternalForm {reexecute=0 rethrow=0 return_oop=1}
                      ; - java.net.URL::toExternalForm@5
                      ; - java.net.URL::toString@1
                      ; - java.lang.ClassLoader::defineClassSourceLocation@22
                      ; - java.lang.ClassLoader::defineClass@12
                      ; - org.eclipse.osgi.internal.loader.ModuleClassLoader::defineClass@37 (line 315)
                      ; - org.eclipse.osgi.internal.loader.classpath.ClasspathManager::defineClass@424 (line 779)
  0x000002d08b1f2268: 14c8 3eff 

  0x000002d08b1f226c: ;   {other}
  0x000002d08b1f226c: 0f1f 8400 | dc27 0020 | e9b3 f0ff | ff0f 1f80 | 0000 0000 | 488b b424 | 8000 0000 | 4c8b 6c24 
  0x000002d08b1f228c: 4848 8b7c | 2450 4c8b | 4424 584c | 8944 2458 | 4889 7c24 | 504c 896c | 2448 4889 | b424 8000 
  0x000002d08b1f22ac: 0000 498b | d090 c5f8 | 7748 b818 | 2c18 97d0 

  0x000002d08b1f22bc: ;   {virtual_call}
  0x000002d08b1f22bc: 0200 00e8 

  0x000002d08b1f22c0: ; ImmutableOopMap {[72]=Oop [80]=Oop [88]=Oop [96]=Oop [104]=Oop [112]=Oop [120]=Oop [128]=Oop [136]=Oop }
                      ;*invokeinterface next {reexecute=0 rethrow=0 return_oop=1}
                      ; - java.util.Collections$UnmodifiableCollection$1::next@4
                      ; - org.eclipse.osgi.internal.loader.classpath.ClasspathManager::defineClass@588 (line 788)
  0x000002d08b1f22c0: 5c2e b2ff 

  0x000002d08b1f22c4: ;   {other}
  0x000002d08b1f22c4: 0f1f 8400 | 3428 0021 

  0x000002d08b1f22cc: ; implicit exception: dispatches to 0x000002d08b1f4ac0
  0x000002d08b1f22cc: 448b 5808 | 49ba 0000 | 0097 d002 | 0000 4d03 | d34d 8b52 

  0x000002d08b1f22e0: ;   {metadata('org/eclipse/osgi/internal/hookregistry/ClassLoaderHook')}
  0x000002d08b1f22e0: 3849 bb78 | eb08 98d0 | 0200 004d | 3bd3 0f85 | b01c 0000 | 488b d04c | 8b84 2488 | 0000 004c 
  0x000002d08b1f2300: 8b4c 2450 | 488b 7c24 | 6848 8b74 | 2470 488b | 4c24 784c | 8b54 2460 | 4c89 1424 | 6690 c5f8 
  0x000002d08b1f2320: 7748 b8ff | ffff ffff 

  0x000002d08b1f2328: ;   {virtual_call}
  0x000002d08b1f2328: ffff ffe8 

  0x000002d08b1f232c: ; ImmutableOopMap {[72]=Oop [80]=Oop [88]=Oop [96]=Oop [104]=Oop [112]=Oop [120]=Oop [128]=Oop [136]=Oop }
                      ;*invokevirtual recordClassDefine {reexecute=0 rethrow=0 return_oop=0}
                      ; - org.eclipse.osgi.internal.loader.classpath.ClasspathManager::defineClass@608 (line 789)
  0x000002d08b1f232c: 187b 4aff 

  0x000002d08b1f2330: ;   {other}
  0x000002d08b1f2330: 0f1f 8400 | a028 0022 | 488b 5424 | 5890 c5f8 | 7748 b818 | 2c18 97d0 

  0x000002d08b1f2348: ;   {virtual_call}
  0x000002d08b1f2348: 0200 00e8 

  0x000002d08b1f234c: ; ImmutableOopMap {[72]=Oop [80]=Oop [88]=Oop [96]=Oop [104]=Oop [112]=Oop [120]=Oop [128]=Oop [136]=Oop }
                      ;*invokeinterface hasNext {reexecute=0 rethrow=0 return_oop=0}
                      ; - java.util.Collections$UnmodifiableCollection$1::hasNext@4
                      ; - org.eclipse.osgi.internal.loader.classpath.ClasspathManager::defineClass@613 (line 788)
  0x000002d08b1f234c: d01f b2ff 

  0x000002d08b1f2350: ;   {other}
  0x000002d08b1f2350: 0f1f 8400 | c028 0023 | 4d8b 9758 

  0x000002d08b1f235c: ; ImmutableOopMap {[72]=Oop [80]=Oop [88]=Oop [96]=Oop [104]=Oop [112]=Oop [120]=Oop [128]=Oop [136]=Oop }
                      ;*ifne {reexecute=1 rethrow=0 return_oop=0}
                      ; - (reexecute) org.eclipse.osgi.internal.loader.classpath.ClasspathManager::defineClass@618 (line 788)
                      ;   {poll}
  0x000002d08b1f235c: 0400 0041 | 8502 85c0 | 0f85 16ff | ffff e9af | f9ff ff44 | 8b5f 1845 | 85db 0f84 | 9fe5 ffff 
  0x000002d08b1f237c: 498b fbe9 | e7e4 ffff | 458b d8e9 | 16df ffff | 4889 7424 | 4048 895c | 2448 448b | 5424 2444 
  0x000002d08b1f239c: 8954 2434 | 448b 5c24 | 2044 895c | 2430 4c8b | 5424 604c | 8954 2428 | 4c8b 9424 | 8800 0000 
  0x000002d08b1f23bc: 4c89 5424 | 2048 8bee | 6690 c5f8 | 7748 b8d0 | 890b 97d0 

  0x000002d08b1f23d0: ;   {virtual_call}
  0x000002d08b1f23d0: 0200 00e8 

  0x000002d08b1f23d4: ; ImmutableOopMap {rbp=Oop [32]=Oop [40]=Oop [64]=Oop [72]=Oop [96]=Oop [104]=Oop [112]=Oop [120]=Oop [128]=Oop [136]=Oop }
                      ;*invokeinterface iterator {reexecute=0 rethrow=0 return_oop=1}
                      ; - java.util.Collections$UnmodifiableCollection$1::<init>@17
                      ; - java.util.Collections$UnmodifiableCollection::iterator@5
                      ; - org.eclipse.osgi.internal.loader.classpath.ClasspathManager::defineClass@258 (line 764)
  0x000002d08b1f23d4: c867 b6ff 

  0x000002d08b1f23d8: ;   {other}
  0x000002d08b1f23d8: 0f1f 8400 | 4829 0025 | 4885 c00f | 8463 2100 | 004c 8bc0 | 41b9 0100 | 0000 b902 | 0000 004c 
  0x000002d08b1f23f8: 8bac 2480 | 0000 0044 | 8b54 2430 | 4489 5424 | 2044 8b5c | 2434 4489 | 5c24 2448 | 8b5c 2448 
  0x000002d08b1f2418: 488b f5e9 | 9de9 ffff | 4889 7c24 | 484c 896c | 2440 4889 | 7424 5048 | 8b6c 2478 | 6690 c5f8 
  0x000002d08b1f2438: 7748 b8d0 | 890b 97d0 

  0x000002d08b1f2440: ;   {virtual_call}
  0x000002d08b1f2440: 0200 00e8 

  0x000002d08b1f2444: ; ImmutableOopMap {rbp=Oop [64]=Oop [72]=Oop [80]=Oop [96]=Oop [104]=Oop [112]=Oop [120]=Oop [136]=Oop }
                      ;*invokeinterface iterator {reexecute=0 rethrow=0 return_oop=1}
                      ; - java.util.Collections$UnmodifiableCollection$1::<init>@17
                      ; - java.util.Collections$UnmodifiableCollection::iterator@5
                      ; - org.eclipse.osgi.internal.loader.classpath.ClasspathManager::defineClass@576 (line 788)
  0x000002d08b1f2444: 5867 b6ff 

  0x000002d08b1f2448: ;   {other}
  0x000002d08b1f2448: 0f1f 8400 | b829 0026 | 4885 c00f | 840f 2100 | 004c 8bc0 | 488b 7424 | 504c 8b6c | 2440 488b 
  0x000002d08b1f2468: 7c24 48e9 | ccf7 ffff 

  0x000002d08b1f2470: ;   {metadata('java/util/LinkedHashMap')}
  0x000002d08b1f2470: 4181 fae8 | a10f 000f | 85fb 2200 | 0048 8974 | 2440 4889 | 5c24 4844 | 8b54 2424 | 4489 5424 
  0x000002d08b1f2490: 308b 6c24 | 204c 8b54 | 2460 4c89 | 5424 284c | 8b94 2488 | 0000 004c | 8954 2420 | 498b d390 
  0x000002d08b1f24b0: ;   {optimized virtual_call}
  0x000002d08b1f24b0: c5f8 77e8 

  0x000002d08b1f24b4: ; ImmutableOopMap {[32]=Oop [40]=Oop [64]=Oop [72]=Oop [104]=Oop [112]=Oop [120]=Oop [128]=Oop [136]=Oop }
                      ;*invokevirtual sequencedKeySet {reexecute=0 rethrow=0 return_oop=1}
                      ; - java.util.LinkedHashMap::keySet@1
                      ; - java.util.HashSet::iterator@4
                      ; - java.util.Collections$UnmodifiableCollection$1::<init>@17
                      ; - java.util.Collections$UnmodifiableCollection::iterator@5
                      ; - org.eclipse.osgi.internal.loader.classpath.ClasspathManager::defineClass@258 (line 764)
  0x000002d08b1f24b4: c8c2 3eff 

  0x000002d08b1f24b8: ;   {other}
  0x000002d08b1f24b8: 0f1f 8400 | 282a 0027 | 4c8b d048 | 85c0 0f84 | 9421 0000 | 4c8b 5c24 | 284c 895c | 2460 4c8b 
  0x000002d08b1f24d8: ac24 8000 | 0000 896c | 2420 448b | 4424 3044 | 8944 2424 | 488b 5c24 | 4848 8b74 | 2440 e997 
  0x000002d08b1f24f8: ;   {metadata('java/util/LinkedHashMap$LinkedKeySet')}
  0x000002d08b1f24f8: e6ff ff41 | 81f8 2056 | 0501 0f85 | 9022 0000 | 4d8b 9fb8 | 0100 004d | 8bc3 4983 | c020 4d3b 
  0x000002d08b1f2518: 87c8 0100 | 000f 83ed | 0c00 004d | 8987 b801 | 0000 410f | 1880 0001 | 0000 49c7 | 0301 0000 
  0x000002d08b1f2538: ;   {metadata('java/util/LinkedHashMap$LinkedKeyIterator')}
  0x000002d08b1f2538: 0041 c743 | 0868 5b05 | 0145 8963 | 0c4d 8963 | 104d 8963 | 1845 8b42 | 1045 8943 | 1c41 0fb6 
  0x000002d08b1f2558: 6a0c 4188 | 6b10 85ed | 0f85 d222 | 0000 458b | 4818 4589 | 4b0c 458b | 5034 4589 | 5314 4d8b 
  0x000002d08b1f2578: d349 c1ea | 0949 b800 | 00b1 fcd0 | 0200 0047 | 8824 1041 | b901 0000 | 00b9 0200 | 0000 e91f 
  0x000002d08b1f2598: ;   {metadata('java/util/LinkedHashMap')}
  0x000002d08b1f2598: e8ff ff41 | 81fb e8a1 | 0f00 0f85 | 1422 0000 | 4889 7c24 | 484c 896c | 2440 488b | ee49 8bd0 
  0x000002d08b1f25b8: ;   {optimized virtual_call}
  0x000002d08b1f25b8: c5f8 77e8 

  0x000002d08b1f25bc: ; ImmutableOopMap {rbp=Oop [64]=Oop [72]=Oop [96]=Oop [104]=Oop [112]=Oop [120]=Oop [136]=Oop }
                      ;*invokevirtual sequencedKeySet {reexecute=0 rethrow=0 return_oop=1}
                      ; - java.util.LinkedHashMap::keySet@1
                      ; - java.util.HashSet::iterator@4
                      ; - java.util.Collections$UnmodifiableCollection$1::<init>@17
                      ; - java.util.Collections$UnmodifiableCollection::iterator@5
                      ; - org.eclipse.osgi.internal.loader.classpath.ClasspathManager::defineClass@576 (line 788)
  0x000002d08b1f25bc: c0c1 3eff 

  0x000002d08b1f25c0: ;   {other}
  0x000002d08b1f25c0: 0f1f 8400 | 302b 0028 | 4c8b d048 | 85c0 0f84 | a820 0000 | 488b f54c | 8b6c 2440 | 488b 7c24 
  0x000002d08b1f25e0: 48e9 fff3 

  0x000002d08b1f25e4: ;   {metadata('java/util/LinkedHashMap$LinkedKeySet')}
  0x000002d08b1f25e4: ffff 4181 | fb20 5605 | 010f 85ed | 2100 0049 | 8b8f b801 | 0000 4c8b | d949 83c3 | 204d 3b9f 
  0x000002d08b1f2604: c801 0000 | 0f83 9e0c | 0000 4d89 | 9fb8 0100 | 0041 0f18 | 8300 0100 | 0048 c701 | 0100 0000 
  0x000002d08b1f2624: ;   {metadata('java/util/LinkedHashMap$LinkedKeyIterator')}
  0x000002d08b1f2624: c741 0868 | 5b05 0144 | 8961 0c4c | 8961 104c | 8961 1845 | 0fb6 420c | 4488 4110 | 418b 6a10 
  0x000002d08b1f2644: 8969 1c45 | 85c0 0f85 | 4022 0000 

  0x000002d08b1f2650: ; implicit exception: dispatches to 0x000002d08b1f50d0
  0x000002d08b1f2650: 448b 5518 | 4489 510c | 448b 5d34 | 4489 5914 | 4c8b d149 | c1ea 0949 | bb00 00b1 | fcd0 0200 
  0x000002d08b1f2670: 0047 8824 | 13e9 bff5 | ffff 4533 | d241 b8ff | ffff ff44 | 8954 2420 | 4489 4424 | 24e9 ffdb 
  0x000002d08b1f2690: ffff 4489 | 5424 3048 | 89ac 2498 | 0000 0089 | 4c24 2c44 | 894c 2428 | 4889 7424 | 4848 895c 
  0x000002d08b1f26b0: 2450 4c89 | ac24 8000 | 0000 8bef | 89bc 2490 | 0000 0041 | 2beb 458b | cb41 d1f9 | ffc5 443b 
  0x000002d08b1f26d0: cd44 0f4c | cd41 8bcb | 4503 cb45 | 8d59 ff41 | 81fb f7ff | ff7f 0f83 | 0022 0000 | 498b d045 
  0x000002d08b1f26f0: 8bc1 6690 

  0x000002d08b1f26f4: ;   {static_call}
  0x000002d08b1f26f4: c5f8 77e8 

  0x000002d08b1f26f8: ; ImmutableOopMap {[72]=Oop [80]=Oop [96]=Oop [104]=Oop [112]=Oop [120]=Oop [128]=Oop [136]=Oop [152]=Oop }
                      ;*invokestatic copyOf {reexecute=0 rethrow=0 return_oop=1}
                      ; - java.util.ArrayList::grow@37
                      ; - java.util.ArrayList::grow@7
                      ; - java.util.ArrayList::add@7
                      ; - java.util.ArrayList::add@20
                      ; - org.eclipse.osgi.internal.loader.classpath.ClasspathManager::defineClass@411 (line 777)
  0x000002d08b1f26f8: 84c6 3eff 

  0x000002d08b1f26fc: ;   {other}
  0x000002d08b1f26fc: 0f1f 8400 | 6c2c 0029 | 488b ac24 | 9800 0000 | 4c8b d54c | 8bd8 4489 | 5d14 49c1 | ea09 49bb 
  0x000002d08b1f271c: 0000 b1fc | d002 0000 | 4788 2413 | 4885 c00f | 84db 2000 | 004c 8bd8 | e986 f8ff | ff4c 8b6c 
  0x000002d08b1f273c: 2450 e94c | f2ff ff45 | 33d2 e952 | ecff ff33 | ffe9 52f2 | ffff 33ff | e974 e3ff | ff4d 8b97 
  0x000002d08b1f275c: b801 0000 | 4d8b c249 | 83c0 104d | 3b87 c801 | 0000 0f83 | c014 0000 | 4d89 87b8 | 0100 0041 
  0x000002d08b1f277c: 0f18 8000 | 0100 0049 | c702 0100 

  0x000002d08b1f2788: ;   {metadata('java/util/HashMap$KeySet')}
  0x000002d08b1f2788: 0000 41c7 | 4208 3010 | 1a00 4589 | 620c 4d8b | c345 8942 | 0c4d 8bc2 | 4589 430c | 49c1 eb09 
  0x000002d08b1f27a8: 49b8 0000 | b1fc d002 | 0000 4788 | 2418 e9d7 | e3ff ff4d | 8b97 b801 | 0000 4d8b | da49 83c3 
  0x000002d08b1f27c8: 104d 3b9f | c801 0000 | 0f83 f214 | 0000 4d89 | 9fb8 0100 | 0041 0f18 | 8300 0100 | 0049 c702 
  0x000002d08b1f27e8: 0100 0000 

  0x000002d08b1f27ec: ;   {metadata('java/util/HashMap$KeySet')}
  0x000002d08b1f27ec: 41c7 4208 | 3010 1a00 | 4589 620c | 4d8b c845 | 894a 0c4d | 8bca 4589 | 480c 4d8b | d849 c1eb 
  0x000002d08b1f280c: 0949 b800 | 00b1 fcd0 | 0200 0047 | 8824 18e9 | c5f1 ffff | 4c8b d548 | 8b74 2428 | 488b d64d 
  0x000002d08b1f282c: 8bc2 6690 

  0x000002d08b1f2830: ;   {optimized virtual_call}
  0x000002d08b1f2830: c5f8 77e8 

  0x000002d08b1f2834: ; ImmutableOopMap {[96]=Oop [104]=Oop [112]=Oop [120]=Oop [128]=Oop [136]=Oop }
                      ;*invokevirtual setInitialValue {reexecute=0 rethrow=0 return_oop=1}
                      ; - java.lang.ThreadLocal::get@31
                      ; - java.lang.ThreadLocal::get@4
                      ; - org.eclipse.osgi.internal.loader.classpath.ClasspathManager::defineClass@16 (line 734)
  0x000002d08b1f2834: c832 d2f8 

  0x000002d08b1f2838: ;   {other}
  0x000002d08b1f2838: 0f1f 8400 | a82d 002a | 488b d8e9 | bbe2 ffff | 498b 87b8 | 0100 004c | 8bd0 4983 | c218 4d3b 
  0x000002d08b1f2858: 97c8 0100 | 000f 8391 | 1800 004d | 8997 b801 | 0000 410f | 1882 0001 | 0000 48c7 | 0001 0000 
  0x000002d08b1f2878: ;   {metadata('org/eclipse/osgi/internal/loader/classpath/ClasspathManager$DefineContext')}
  0x000002d08b1f2878: 00c7 4008 | d02b 1201 | 4489 600c | 4c89 6010 | 4c8b d04c | 8954 2450 | 4d8b 9fb8 | 0100 004d 
  0x000002d08b1f2898: 8bd3 4983 | c218 4d3b | 97c8 0100 | 000f 8327 | 1800 004d | 8997 b801 | 0000 410f | 1882 0001 
  0x000002d08b1f28b8: 0000 49c7 | 0301 0000 

  0x000002d08b1f28c0: ;   {metadata('java/util/ArrayList')}
  0x000002d08b1f28c0: 0041 c743 | 08d0 890b | 0045 8963 | 0c4d 8963 | 1049 8b87 | b801 0000 | 4c8b d049 | 83c2 284d 
  0x000002d08b1f28e0: 3b97 c801 | 0000 0f83 | a218 0000 | 4d89 97b8 | 0100 0041 | 0f18 8200 | 0100 0048 | c700 0100 
  0x000002d08b1f2900: 0000 410f | 1882 4001 

  0x000002d08b1f2908: ;   {metadata('java/lang/Object'[])}
  0x000002d08b1f2908: 0000 c740 | 0870 1200 | 0041 0f18 | 8280 0100 | 00c7 400c | 0500 0000 | 4c89 6010 | 4c89 6018 
  0x000002d08b1f2928: 4c89 6020 | 4d8b d34c | 8b44 2450 | 4589 500c | 4c8b d045 | 8953 144d | 8bd3 4d8b | d849 c1ea 
  0x000002d08b1f2948: 0949 b800 | 00b1 fcd0 | 0200 0047 | 8824 1049 | c1eb 0949 | ba00 00b1 | fcd0 0200 | 0047 8824 
  0x000002d08b1f2968: 1a4d 8b9f | b801 0000 | 4d8b d349 | 83c2 184d | 3b97 c801 | 0000 0f83 | ab17 0000 | 4d89 97b8 
  0x000002d08b1f2988: 0100 0041 | 0f18 8200 | 0100 0049 | c703 0100 

  0x000002d08b1f2998: ;   {metadata('java/util/ArrayList')}
  0x000002d08b1f2998: 0000 41c7 | 4308 d089 | 0b00 4589 | 630c 4d89 | 6310 498b | 87b8 0100 | 004c 8bd0 | 4983 c228 
  0x000002d08b1f29b8: 4d3b 97c8 | 0100 000f | 837b 1600 | 004d 8997 | b801 0000 | 410f 1882 | 0001 0000 | 48c7 0001 
  0x000002d08b1f29d8: 0000 0041 | 0f18 8240 

  0x000002d08b1f29e0: ;   {metadata('java/lang/Object'[])}
  0x000002d08b1f29e0: 0100 00c7 | 4008 7012 | 0000 410f | 1882 8001 | 0000 c740 | 0c05 0000 | 004c 8960 | 104c 8960 
  0x000002d08b1f2a00: 184c 8960 | 204c 8b54 | 2460 418b | 6a28 4c8b | d045 8953 | 144d 8bd3 | 4c8b 4424 | 5045 8950 
  0x000002d08b1f2a20: 104d 8bd3 | 4d8b d849 | c1ea 0949 | b800 00b1 | fcd0 0200 | 0047 8824 | 1049 c1eb | 0949 ba00 
  0x000002d08b1f2a40: 00b1 fcd0 | 0200 0047 | 8824 1a44 

  0x000002d08b1f2a4c: ;   {metadata('java/lang/ThreadLocal')}
  0x000002d08b1f2a4c: 8b55 0841 | 81fa 5809 | 1200 0f85 | e41e 0000 | 4c8b 5424 | 504c 8954 | 2438 448b | 5424 2444 
  0x000002d08b1f2a6c: 8954 2434 | 448b 5c24 | 2044 895c | 2430 488b | d54c 8b44 | 2450 6690 

  0x000002d08b1f2a84: ;   {optimized virtual_call}
  0x000002d08b1f2a84: c5f8 77e8 

  0x000002d08b1f2a88: ; ImmutableOopMap {[56]=Oop [96]=Oop [104]=Oop [112]=Oop [120]=Oop [128]=Oop [136]=Oop }
                      ;*invokevirtual set {reexecute=0 rethrow=0 return_oop=0}
                      ; - org.eclipse.osgi.internal.loader.classpath.ClasspathManager::defineClass@44 (line 737)
  0x000002d08b1f2a88: 149a d5ff 

  0x000002d08b1f2a8c: ;   {other}
  0x000002d08b1f2a8c: 0f1f 8400 | fc2f 002b | 4c8b 5424 | 3844 8b5c | 2430 4489 | 5c24 2044 | 8b44 2434 | 4489 4424 
  0x000002d08b1f2aac: 2449 8bda | e968 e0ff | ff4c 63c5 | 498d 4810 | 488b d148 | 83e2 f849 | 8bfd 4803 | fa48 c1e9 
  0x000002d08b1f2acc: 034c 2bd9 | 498b cb48 | 33c0 4883 | f908 7f10 | 48ff c978 | 4f48 8904 | cf48 ffc9 | 7df7 eb44 
  0x000002d08b1f2aec: c5fd efc0 | e90d 0000 | 00c5 fe7f | 07c5 fe7f | 4720 4883 | c740 4883 | e908 7ded | 4883 c104 
  0x000002d08b1f2b0c: 7c0c c5fe | 7f07 4883 | c720 4883 | e904 4883 | c104 7e10 | 48ff c9c5 | f9d6 0748 | 83c7 0848 
  0x000002d08b1f2b2c: ffc9 7df3 | 498b ca49 | 8bd1 c5f8 | 7749 bac0 | 6d5c 8ad0 | 0200 0041 

  0x000002d08b1f2b44: ;   {other}
  0x000002d08b1f2b44: ffd2 0f1f | 8400 0000 | 0000 e9ac 

  0x000002d08b1f2b50: ;   {oop(""{0x0000000080001a50})}
  0x000002d08b1f2b50: d8ff ff48 | bb50 1a00 | 8000 0000 | 00e9 bdd8 | ffff 4c8b | 5424 28e9 | bcfc ffff | 488b 7424 
  0x000002d08b1f2b70: 284c 8b4c | 2440 e9bc | d9ff ff33 | c0e9 4cd9 | ffff 33c0 | e9cd dbff | ff4c 8984 | 2498 0000 
  0x000002d08b1f2b90: 0048 8b94 | 2488 0000 | 0066 6690 

  0x000002d08b1f2b9c: ;   {optimized virtual_call}
  0x000002d08b1f2b9c: c5f8 77e8 

  0x000002d08b1f2ba0: ; ImmutableOopMap {rbp=NarrowOop [48]=Oop [72]=Oop [80]=Oop [96]=Oop [104]=Oop [112]=Oop [120]=Oop [128]=Oop [136]=Oop [144]=NarrowOop [152]=Oop }
                      ;*invokevirtual length {reexecute=0 rethrow=0 return_oop=0}
                      ; - java.lang.String::indexOf@30
                      ; - java.lang.String::indexOf@3
                      ; - java.lang.ClassLoader::checkName@16
                      ; - java.lang.ClassLoader::findLoadedClass@1
                      ; - org.eclipse.osgi.internal.loader.ModuleClassLoader::defineClass@17 (line 313)
                      ; - org.eclipse.osgi.internal.loader.classpath.ClasspathManager::defineClass@424 (line 779)
  0x000002d08b1f2ba0: dcbb 3eff 

  0x000002d08b1f2ba4: ;   {other}
  0x000002d08b1f2ba4: 0f1f 8400 | 1431 002c | 488b d541 | b82f 0000 | 0044 8b4c | 2420 8bf8 

  0x000002d08b1f2bbc: ;   {static_call}
  0x000002d08b1f2bbc: c5f8 77e8 

  0x000002d08b1f2bc0: ; ImmutableOopMap {[48]=Oop [72]=Oop [80]=Oop [96]=Oop [104]=Oop [112]=Oop [120]=Oop [128]=Oop [136]=Oop [144]=NarrowOop [152]=Oop }
                      ;*invokestatic indexOf {reexecute=0 rethrow=0 return_oop=0}
                      ; - java.lang.String::indexOf@33
                      ; - java.lang.String::indexOf@3
                      ; - java.lang.ClassLoader::checkName@16
                      ; - java.lang.ClassLoader::findLoadedClass@1
                      ; - org.eclipse.osgi.internal.loader.ModuleClassLoader::defineClass@17 (line 313)
                      ; - org.eclipse.osgi.internal.loader.classpath.ClasspathManager::defineClass@424 (line 779)
  0x000002d08b1f2bc0: bcc1 3eff 

  0x000002d08b1f2bc4: ;   {other}
  0x000002d08b1f2bc4: 0f1f 8400 | 3431 002d | 8944 2424 | 4c8b 8c24 | 8800 0000 | 4c8b 8424 | 9800 0000 | e92a e6ff 
  0x000002d08b1f2be4: ff48 8b74 | 2428 4c8b | 4c24 40e9 | 43d9 ffff | 448b 5424 | 3044 8b44 | 2434 488b | 4c24 388b 
  0x000002d08b1f2c04: 5c24 4844 | 8b5c 244c | e90f d9ff | ff4c 8b94 | 2490 0000 | 0041 c642 | 1101 33c0 | 4c8b 5c24 
  0x000002d08b1f2c24: 2844 8b54 | 2430 448b | 4424 3448 | 8b4c 2438 | 4c8b 4c24 | 408b 5c24 | 4849 8bf3 | e989 d8ff 
  0x000002d08b1f2c44: ff44 8b54 | 2430 448b | 4424 3448 | 8b4c 2438 | 448b 4c24 | 488b 5c24 | 4c8b 7c24 | 50e9 fadb 
  0x000002d08b1f2c64: ffff 4489 | 5424 2449 

  0x000002d08b1f2c6c: ;   {metadata('org/eclipse/osgi/internal/loader/ModuleClassLoader$DefineClassResult')}
  0x000002d08b1f2c6c: 8be8 48ba | 003d 1298 | d002 0000 

  0x000002d08b1f2c78: ;   {runtime_call _new_instance_Java}
  0x000002d08b1f2c78: c5f8 77e8 

  0x000002d08b1f2c7c: ; ImmutableOopMap {rbp=Oop [72]=Oop [80]=Oop [96]=Oop [104]=Oop [112]=Oop [120]=Oop [128]=Oop [136]=Oop }
                      ;*new {reexecute=0 rethrow=0 return_oop=1}
                      ; - org.eclipse.osgi.internal.loader.ModuleClassLoader::defineClass@55 (line 319)
                      ; - org.eclipse.osgi.internal.loader.classpath.ClasspathManager::defineClass@424 (line 779)
  0x000002d08b1f2c7c: 801a 4aff 

  0x000002d08b1f2c80: ;   {other}
  0x000002d08b1f2c80: 0f1f 8400 | f031 002e | 4c8b c544 | 8b54 2424 | 4c8b e8e9 | eae7 ffff | 4c89 5424 | 4848 8974 
  0x000002d08b1f2ca0: 2440 4889 | 5c24 3844 | 8b54 2424 | 4489 5424 | 308b 6c24 | 204c 89ac | 2480 0000 | 004c 8b54 
  0x000002d08b1f2cc0: 2460 4c89 | 5424 284c | 8b94 2488 | 0000 004c | 8954 2420 

  0x000002d08b1f2cd4: ;   {metadata('java/util/HashMap$KeyIterator')}
  0x000002d08b1f2cd4: 48ba 3053 | 1a97 d002 | 0000 6690 

  0x000002d08b1f2ce0: ;   {runtime_call _new_instance_Java}
  0x000002d08b1f2ce0: c5f8 77e8 

  0x000002d08b1f2ce4: ; ImmutableOopMap {[32]=Oop [40]=Oop [56]=Oop [64]=Oop [72]=Oop [104]=Oop [112]=Oop [120]=Oop [128]=Oop }
                      ;*new {reexecute=0 rethrow=0 return_oop=1}
                      ; - java.util.HashMap$KeySet::iterator@0
                      ; - java.util.HashSet::iterator@7
                      ; - java.util.Collections$UnmodifiableCollection$1::<init>@17
                      ; - java.util.Collections$UnmodifiableCollection::iterator@5
                      ; - org.eclipse.osgi.internal.loader.classpath.ClasspathManager::defineClass@258 (line 764)
  0x000002d08b1f2ce4: 181a 4aff 

  0x000002d08b1f2ce8: ;   {other}
  0x000002d08b1f2ce8: 0f1f 8400 | 5832 002f | 4c8b 5424 | 204c 8994 | 2488 0000 | 004c 8b54 | 2428 4c89 | 5424 604c 
  0x000002d08b1f2d08: 8bac 2480 | 0000 0089 | 6c24 2044 | 8b44 2430 | 4489 4424 | 2448 8b5c | 2438 488b | 7424 404c 
  0x000002d08b1f2d28: 8b54 2448 | 4c8b d8e9 | b4de ffff | 4c89 5424 | 4048 897c | 2438 4c89 | 6c24 3048 

  0x000002d08b1f2d44: ;   {metadata('java/util/HashMap$KeyIterator')}
  0x000002d08b1f2d44: 8bee 48ba | 3053 1a97 | d002 0000 

  0x000002d08b1f2d50: ;   {runtime_call _new_instance_Java}
  0x000002d08b1f2d50: c5f8 77e8 

  0x000002d08b1f2d54: ; ImmutableOopMap {rbp=Oop [48]=Oop [56]=Oop [64]=Oop [96]=Oop [104]=Oop [112]=Oop [120]=Oop [136]=Oop }
                      ;*new {reexecute=0 rethrow=0 return_oop=1}
                      ; - java.util.HashMap$KeySet::iterator@0
                      ; - java.util.HashSet::iterator@7
                      ; - java.util.Collections$UnmodifiableCollection$1::<init>@17
                      ; - java.util.Collections$UnmodifiableCollection::iterator@5
                      ; - org.eclipse.osgi.internal.loader.classpath.ClasspathManager::defineClass@576 (line 788)
  0x000002d08b1f2d54: a819 4aff 

  0x000002d08b1f2d58: ;   {other}
  0x000002d08b1f2d58: 0f1f 8400 | c832 0030 | 488b f54c | 8b6c 2430 | 488b 7c24 | 384c 8b54 | 2440 488b | c8e9 c0ec 
  0x000002d08b1f2d78: ffff 4889 | 7424 3844 | 8b5c 2424 | 4489 5c24 | 3044 8944 | 242c 448b | 5c24 2044 | 895c 2428 
  0x000002d08b1f2d98: 8954 2424 | 894c 2420 | 488b ac24 | 8800 0000 

  0x000002d08b1f2da8: ;   {metadata('java/lang/String')}
  0x000002d08b1f2da8: 48ba 78e8 | 0097 d002 | 0000 6690 

  0x000002d08b1f2db4: ;   {runtime_call _new_instance_Java}
  0x000002d08b1f2db4: c5f8 77e8 

  0x000002d08b1f2db8: ; ImmutableOopMap {rbp=Oop [32]=NarrowOop [56]=Oop [96]=Oop [104]=Oop [112]=Oop [120]=Oop [128]=Oop [136]=Oop }
                      ;*new {reexecute=0 rethrow=0 return_oop=1}
                      ; - java.lang.StringLatin1::newString@7
                      ; - java.lang.String::substring@41
                      ; - org.eclipse.osgi.internal.loader.classpath.ClasspathManager::definePackage@15 (line 824)
                      ; - org.eclipse.osgi.internal.loader.classpath.ClasspathManager::defineClass@9 (line 733)
  0x000002d08b1f2db8: 4419 4aff 

  0x000002d08b1f2dbc: ;   {other}
  0x000002d08b1f2dbc: 0f1f 8400 | 2c33 0031 | 8b4c 2420 | 8b54 2424 | 448b 5424 | 2844 8954 | 2420 448b | 4424 2c44 
  0x000002d08b1f2ddc: 8b54 2430 | 4489 5424 | 2448 8bd8 | 488b 7424 | 38e9 21d5 | ffff 4c8b | 9424 9000 | 0000 41c6 
  0x000002d08b1f2dfc: 4211 0133 | c044 8b54 | 2430 448b | 4424 3448 | 8b4c 2438 | 448b 4c24 | 488b 7c24 | 4ce9 38d9 
  0x000002d08b1f2e1c: ffff 4889 | 7c24 584c | 895c 2450 | 4c89 5424 | 4848 895c | 2440 4889 | 7424 3844 | 8b54 2424 
  0x000002d08b1f2e3c: 4489 5424 | 3044 8944 | 242c 448b | 5c24 2044 | 895c 2428 | 4c8b 9424 | 8800 0000 | 4c89 5424 
  0x000002d08b1f2e5c: ;   {metadata({type array byte})}
  0x000002d08b1f2e5c: 2048 ba18 | 2300 97d0 | 0200 0090 

  0x000002d08b1f2e68: ;   {runtime_call _new_array_nozero_Java}
  0x000002d08b1f2e68: c5f8 77e8 

  0x000002d08b1f2e6c: ; ImmutableOopMap {[32]=Oop [56]=Oop [64]=Oop [96]=Oop [104]=Oop [112]=Oop [120]=Oop [128]=Oop [160]=Oop [72]=Derived_oop_[160] }
                      ;*newarray {reexecute=0 rethrow=0 return_oop=1}
                      ; - java.util.Arrays::copyOfRangeByte@10
                      ; - java.util.Arrays::copyOfRange@13
                      ; - java.lang.StringLatin1::newString@16
                      ; - java.lang.String::substring@41
                      ; - org.eclipse.osgi.internal.loader.classpath.ClasspathManager::definePackage@15 (line 824)
                      ; - org.eclipse.osgi.internal.loader.classpath.ClasspathManager::defineClass@9 (line 733)
  0x000002d08b1f2e6c: 9033 4aff 

  0x000002d08b1f2e70: ;   {other}
  0x000002d08b1f2e70: 0f1f 8400 | e033 0032 | 4c8b 5424 | 204c 8994 | 2488 0000 | 0044 8b54 | 2428 4489 | 5424 2044 
  0x000002d08b1f2e90: 8b44 242c | 448b 5c24 | 3044 895c | 2424 488b | 5c24 404c | 8b54 2448 | 4c8b 5c24 | 5048 8b7c 
  0x000002d08b1f2eb0: 2458 4c8b | e848 8b74 | 2438 e9fb | d4ff ff44 | 894c 2450 | 4889 4c24 | 4844 8944 | 243c 4489 
  0x000002d08b1f2ed0: 5424 384c | 8b94 2490 | 0000 004c | 8954 2430 

  0x000002d08b1f2ee0: ;   {metadata('java/lang/ClassLoader$$Lambda+0x000002d098553950')}
  0x000002d08b1f2ee0: 48ba 5039 | 5598 d002 | 0000 6690 

  0x000002d08b1f2eec: ;   {runtime_call _new_instance_Java}
  0x000002d08b1f2eec: c5f8 77e8 

  0x000002d08b1f2ef0: ; ImmutableOopMap {rbp=NarrowOop [40]=Oop [48]=Oop [56]=NarrowOop [60]=NarrowOop [64]=Oop [72]=Oop [80]=NarrowOop [96]=Oop [104]=Oop [112]=Oop [120]=Oop [128]=Oop [136]=Oop }
                      ;*invokevirtual allocateInstance {reexecute=0 rethrow=0 return_oop=1}
                      ; - java.lang.invoke.DirectMethodHandle::allocateInstance@12
                      ; - java.lang.invoke.DirectMethodHandle$Holder::newInvokeSpecial@1
                      ; - java.lang.invoke.Invokers$Holder::linkToTargetMethod@6
                      ; - java.lang.ClassLoader::definePackage@73
                      ; - java.lang.ClassLoader::getDefinedPackage@32
                      ; - java.lang.ClassLoader::getPackage@2
                      ; - org.eclipse.osgi.internal.loader.ModuleClassLoader::publicGetPackage@9 (line 330)
                      ; - org.eclipse.osgi.internal.loader.classpath.ClasspathManager::definePackage@26 (line 825)
                      ; - org.eclipse.osgi.internal.loader.classpath.ClasspathManager::defineClass@9 (line 733)
  0x000002d08b1f2ef0: 0c18 4aff 

  0x000002d08b1f2ef4: ;   {other}
  0x000002d08b1f2ef4: 0f1f 8400 | 6434 0033 | 4c8b 5424 | 304c 8994 | 2490 0000 | 0044 8b54 | 2438 448b | 4424 3c48 
  0x000002d08b1f2f14: 8b4c 2448 | 448b 4c24 | 504c 8bd8 | e93a daff | ff4c 8944 | 2440 4c89 | 5424 3848 | 895c 2458 
  0x000002d08b1f2f34: 4889 7424 | 3044 8b5c | 2424 4489 | 5c24 288b | 6c24 2044 | 8bd2 894c | 2450 4c8b | 9c24 8800 
  0x000002d08b1f2f54: 0000 4c89 

  0x000002d08b1f2f58: ;   {metadata({type array byte})}
  0x000002d08b1f2f58: 5c24 2048 | ba18 2300 | 97d0 0200 | 0045 8bc2 

  0x000002d08b1f2f68: ;   {runtime_call _new_array_nozero_Java}
  0x000002d08b1f2f68: c5f8 77e8 

  0x000002d08b1f2f6c: ; ImmutableOopMap {[32]=Oop [48]=Oop [80]=NarrowOop [88]=Oop [96]=Oop [104]=Oop [112]=Oop [120]=Oop [128]=Oop [160]=Oop [56]=Derived_oop_[160] }
                      ;*invokevirtual clone {reexecute=1 rethrow=0 return_oop=1}
                      ; - (reexecute) java.util.Arrays::copyOfRange@18
                      ; - java.lang.StringLatin1::newString@16
                      ; - java.lang.String::substring@41
                      ; - org.eclipse.osgi.internal.loader.classpath.ClasspathManager::definePackage@15 (line 824)
                      ; - org.eclipse.osgi.internal.loader.classpath.ClasspathManager::defineClass@9 (line 733)
  0x000002d08b1f2f6c: 9032 4aff 

  0x000002d08b1f2f70: ;   {other}
  0x000002d08b1f2f70: 0f1f 8400 | e034 0034 | 4c8b 5424 | 204c 8994 | 2488 0000 | 0089 6c24 | 2044 8b5c | 2428 4489 
  0x000002d08b1f2f90: 5c24 2448 | 8b5c 2458 | 4c8b 5424 | 384c 8b44 | 2440 488b | f848 8b74 | 2430 e9f5 | edff ff4c 
  0x000002d08b1f2fb0: 89ac 2480 | 0000 0048 | 895c 2450 | 4889 7424 | 4844 894c | 2428 894c | 242c 89bc | 2490 0000 
  0x000002d08b1f2fd0: 0044 8954 

  0x000002d08b1f2fd4: ;   {metadata('java/lang/Object'[])}
  0x000002d08b1f2fd4: 2430 48ba | 7012 0097 | d002 0000 

  0x000002d08b1f2fe0: ;   {runtime_call _new_array_Java}
  0x000002d08b1f2fe0: c5f8 77e8 

  0x000002d08b1f2fe4: ; ImmutableOopMap {rbp=Oop [72]=Oop [80]=Oop [96]=Oop [104]=Oop [112]=Oop [120]=Oop [128]=Oop [136]=Oop }
                      ;*anewarray {reexecute=0 rethrow=0 return_oop=1}
                      ; - java.util.ArrayList::grow@52
                      ; - java.util.ArrayList::grow@7
                      ; - java.util.ArrayList::add@7
                      ; - java.util.ArrayList::add@20
                      ; - org.eclipse.osgi.internal.loader.classpath.ClasspathManager::defineClass@411 (line 777)
  0x000002d08b1f2fe4: 1835 4aff 

  0x000002d08b1f2fe8: ;   {other}
  0x000002d08b1f2fe8: 0f1f 8400 | 5835 0035 | 4c8b d8e9 | abef ffff | 4c89 8424 | 9800 0000 | 4c89 8c24 | 8800 0000 
  0x000002d08b1f3008: 488b d344 | 8b44 2420 

  0x000002d08b1f3010: ;   {static_call}
  0x000002d08b1f3010: c5f8 77e8 

  0x000002d08b1f3014: ; ImmutableOopMap {[48]=Oop [72]=Oop [80]=Oop [96]=Oop [104]=Oop [112]=Oop [120]=Oop [128]=Oop [136]=Oop [144]=NarrowOop [152]=Oop }
                      ;*invokestatic charAt {reexecute=0 rethrow=0 return_oop=0}
                      ; - java.lang.String::charAt@21
                      ; - java.lang.ClassLoader::checkName@25
                      ; - java.lang.ClassLoader::findLoadedClass@1
                      ; - org.eclipse.osgi.internal.loader.ModuleClassLoader::defineClass@17 (line 313)
                      ; - org.eclipse.osgi.internal.loader.classpath.ClasspathManager::defineClass@424 (line 779)
  0x000002d08b1f3014: 68bd 3eff 

  0x000002d08b1f3018: ;   {other}
  0x000002d08b1f3018: 0f1f 8400 | 8835 0036 | 4c8b 8c24 | 8800 0000 | 4c8b 8424 | 9800 0000 | 448b d8e9 | 05e2 ffff 
  0x000002d08b1f3038: ba45 ffff | ff4c 8b5c | 2460 4c89 | 5c24 204c | 8b5c 2468 | 4c89 5c24 | 304c 8b5c | 2470 4c89 
  0x000002d08b1f3058: 5c24 3848 | 897c 2458 | 4489 7424 | 6044 8954 | 2464 894c | 2468 6690 

  0x000002d08b1f3070: ;   {runtime_call UncommonTrapBlob}
  0x000002d08b1f3070: c5f8 77e8 

  0x000002d08b1f3074: ; ImmutableOopMap {[32]=Oop [48]=Oop [56]=Oop [72]=Oop [80]=Oop [88]=Oop [120]=Oop [128]=Oop [136]=Oop [144]=NarrowOop }
                      ;*if_icmpne {reexecute=1 rethrow=0 return_oop=0}
                      ; - (reexecute) java.lang.String::equals@33
                      ; - java.util.ArrayList::remove@50
                      ; - org.eclipse.osgi.internal.loader.classpath.ClasspathManager::defineClass@455 (line 781)
  0x000002d08b1f3074: 8809 3fff 

  0x000002d08b1f3078: ;   {other}
  0x000002d08b1f3078: 0f1f 8400 | e835 0037 | 488b e8ba | deff ffff | 4c8b 5424 | 604c 8954 | 2420 6690 

  0x000002d08b1f3094: ;   {runtime_call UncommonTrapBlob}
  0x000002d08b1f3094: c5f8 77e8 

  0x000002d08b1f3098: ; ImmutableOopMap {rbp=Oop [32]=Oop [72]=Oop [80]=Oop [88]=Oop [104]=Oop [112]=Oop [120]=Oop [128]=Oop [136]=Oop }
                      ;*checkcast {reexecute=0 rethrow=0 return_oop=0}
                      ; - org.eclipse.osgi.internal.loader.classpath.ClasspathManager::defineClass@593 (line 788)
  0x000002d08b1f3098: 6409 3fff 

  0x000002d08b1f309c: ;   {other}
  0x000002d08b1f309c: 0f1f 8400 | 0c36 0038 | 4889 4424 | 2048 8b6c | 2468 bade | ffff ff4c | 8b54 2460 | 4c89 5424 
  0x000002d08b1f30bc: 284c 8b54 | 2458 4c89 | 5424 5090 

  0x000002d08b1f30c8: ;   {runtime_call UncommonTrapBlob}
  0x000002d08b1f30c8: c5f8 77e8 

  0x000002d08b1f30cc: ; ImmutableOopMap {rbp=Oop [32]=Oop [40]=Oop [80]=Oop [112]=Oop [120]=Oop [136]=Oop [144]=Oop [152]=Oop }
                      ;*checkcast {reexecute=0 rethrow=0 return_oop=0}
                      ; - org.eclipse.osgi.internal.loader.classpath.ClasspathManager::defineClass@275 (line 764)
  0x000002d08b1f30cc: 3009 3fff 

  0x000002d08b1f30d0: ;   {other}
  0x000002d08b1f30d0: 0f1f 8400 | 4036 0039 | c4c1 797e | c1eb 0344 | 8bc7 bae4 | ffff ff48 | 8b6c 2460 | 4c8b 5424 
  0x000002d08b1f30f0: 684c 8954 | 2428 4c8b | 5424 704c | 8954 2430 | 4c8b 5424 | 784c 8954 | 2438 4889 | 5c24 4848 
  0x000002d08b1f3110: 8974 2450 | 4c89 5c24 | 604c 895c | 2470 4489 | 4c24 6c44 | 8944 2478 

  0x000002d08b1f3128: ;   {runtime_call UncommonTrapBlob}
  0x000002d08b1f3128: c5f8 77e8 

  0x000002d08b1f312c: ; ImmutableOopMap {rbp=Oop [40]=Oop [48]=Oop [56]=Oop [72]=Oop [80]=Oop [96]=Oop [108]=NarrowOop [112]=Oop [136]=Oop }
                      ;*aaload {reexecute=0 rethrow=0 return_oop=0}
                      ; - java.util.HashMap$HashIterator::<init>@70
                      ; - java.util.HashMap$KeyIterator::<init>@2
                      ; - java.util.HashMap$KeySet::iterator@8
                      ; - java.util.HashSet::iterator@7
                      ; - java.util.Collections$UnmodifiableCollection$1::<init>@17
                      ; - java.util.Collections$UnmodifiableCollection::iterator@5
                      ; - org.eclipse.osgi.internal.loader.classpath.ClasspathManager::defineClass@258 (line 764)
  0x000002d08b1f312c: d008 3fff 

  0x000002d08b1f3130: ;   {other}
  0x000002d08b1f3130: 0f1f 8400 | a036 003a | 458b c2ba | e4ff ffff | 488b 6c24 | 604c 8b54 | 2468 4c89 | 5424 284c 
  0x000002d08b1f3150: 8b54 2470 | 4c89 5424 | 304c 8b54 | 2478 4c89 | 5424 384c | 896c 2440 | 4889 7c24 | 4848 8974 
  0x000002d08b1f3170: 2450 4889 | 4c24 6048 | 894c 2470 | 895c 246c | 4489 4424 | 7866 6690 

  0x000002d08b1f3188: ;   {runtime_call UncommonTrapBlob}
  0x000002d08b1f3188: c5f8 77e8 

  0x000002d08b1f318c: ; ImmutableOopMap {rbp=Oop [40]=Oop [48]=Oop [56]=Oop [64]=Oop [72]=Oop [80]=Oop [96]=Oop [108]=NarrowOop [112]=Oop [136]=Oop }
                      ;*aaload {reexecute=0 rethrow=0 return_oop=0}
                      ; - java.util.HashMap$HashIterator::<init>@70
                      ; - java.util.HashMap$KeyIterator::<init>@2
                      ; - java.util.HashMap$KeySet::iterator@8
                      ; - java.util.HashSet::iterator@7
                      ; - java.util.Collections$UnmodifiableCollection$1::<init>@17
                      ; - java.util.Collections$UnmodifiableCollection::iterator@5
                      ; - org.eclipse.osgi.internal.loader.classpath.ClasspathManager::defineClass@576 (line 788)
  0x000002d08b1f318c: 7008 3fff 

  0x000002d08b1f3190: ;   {other}
  0x000002d08b1f3190: 0f1f 8400 | 0037 003b | ba45 ffff | ff48 8b6c | 2460 488b | 4c24 6848 | 894c 2428 | c5fb 1144 
  0x000002d08b1f31b0: 2440 4c89 | 7424 4844 | 8944 245c | 4489 5424 | 6044 894c | 2464 4489 | 5c24 6890 

  0x000002d08b1f31cc: ;   {runtime_call UncommonTrapBlob}
  0x000002d08b1f31cc: c5f8 77e8 

  0x000002d08b1f31d0: ; ImmutableOopMap {rbp=Oop [40]=Oop [64]=Oop [72]=Oop [92]=NarrowOop [112]=Oop [120]=Oop [136]=Oop }
                      ;*if_icmpne {reexecute=1 rethrow=0 return_oop=0}
                      ; - (reexecute) java.lang.String::equals@33
                      ; - java.util.ArrayList::indexOfRange@54
                      ; - java.util.ArrayList::indexOf@7
                      ; - java.util.ArrayList::contains@2
                      ; - org.eclipse.osgi.internal.loader.classpath.ClasspathManager::defineClass@319 (line 773)
  0x000002d08b1f31d0: 2c08 3fff 

  0x000002d08b1f31d4: ;   {other}
  0x000002d08b1f31d4: 0f1f 8400 | 4437 003c | 8944 2420 | 488b 6c24 | 68ba 45ff | ffff 4c8b | 5424 604c | 8954 2428 
  0x000002d08b1f31f4: 4c8b 5424 | 584c 8954 | 2450 6690 

  0x000002d08b1f3200: ;   {runtime_call UncommonTrapBlob}
  0x000002d08b1f3200: c5f8 77e8 

  0x000002d08b1f3204: ; ImmutableOopMap {rbp=Oop [40]=Oop [80]=Oop [112]=Oop [120]=Oop [136]=Oop [144]=Oop [152]=Oop }
                      ;*ifeq {reexecute=1 rethrow=0 return_oop=0}
                      ; - (reexecute) org.eclipse.osgi.internal.loader.classpath.ClasspathManager::defineClass@285 (line 765)
  0x000002d08b1f3204: f807 3fff 

  0x000002d08b1f3208: ;   {other}
  0x000002d08b1f3208: 0f1f 8400 | 7837 003d | 4c89 5424 | 4848 8974 | 2440 4889 | 5c24 3844 | 8b54 2424 | 4489 5424 
  0x000002d08b1f3228: 308b 6c24 | 204c 89ac | 2480 0000 | 004c 8b54 | 2460 4c89 | 5424 284c | 8b94 2488 | 0000 004c 
  0x000002d08b1f3248: 8954 2420 

  0x000002d08b1f324c: ;   {metadata('java/util/LinkedHashMap$LinkedKeyIterator')}
  0x000002d08b1f324c: 48ba 685b | 0598 d002 | 0000 6690 

  0x000002d08b1f3258: ;   {runtime_call _new_instance_Java}
  0x000002d08b1f3258: c5f8 77e8 

  0x000002d08b1f325c: ; ImmutableOopMap {[32]=Oop [40]=Oop [56]=Oop [64]=Oop [72]=Oop [104]=Oop [112]=Oop [120]=Oop [128]=Oop }
                      ;*new {reexecute=0 rethrow=0 return_oop=1}
                      ; - java.util.LinkedHashMap$LinkedKeySet::iterator@0
                      ; - java.util.HashSet::iterator@7
                      ; - java.util.Collections$UnmodifiableCollection$1::<init>@17
                      ; - java.util.Collections$UnmodifiableCollection::iterator@5
                      ; - org.eclipse.osgi.internal.loader.classpath.ClasspathManager::defineClass@258 (line 764)
  0x000002d08b1f325c: a014 4aff 

  0x000002d08b1f3260: ;   {other}
  0x000002d08b1f3260: 0f1f 8400 | d037 003e | 4c8b 5424 | 204c 8994 | 2488 0000 | 004c 8b54 | 2428 4c89 | 5424 604c 
  0x000002d08b1f3280: 8bac 2480 | 0000 0089 | 6c24 2044 | 8b44 2430 | 4489 4424 | 2448 8b5c | 2438 488b | 7424 404c 
  0x000002d08b1f32a0: 8b54 2448 | 4c8b d8e9 | a1f2 ffff | 4c89 5424 | 3848 897c | 2430 4c89 | 6c24 2848 

  0x000002d08b1f32bc: ;   {metadata('java/util/LinkedHashMap$LinkedKeyIterator')}
  0x000002d08b1f32bc: 8bee 48ba | 685b 0598 | d002 0000 

  0x000002d08b1f32c8: ;   {runtime_call _new_instance_Java}
  0x000002d08b1f32c8: c5f8 77e8 

  0x000002d08b1f32cc: ; ImmutableOopMap {rbp=Oop [40]=Oop [48]=Oop [56]=Oop [96]=Oop [104]=Oop [112]=Oop [120]=Oop [136]=Oop }
                      ;*new {reexecute=0 rethrow=0 return_oop=1}
                      ; - java.util.LinkedHashMap$LinkedKeySet::iterator@0
                      ; - java.util.HashSet::iterator@7
                      ; - java.util.Collections$UnmodifiableCollection$1::<init>@17
                      ; - java.util.Collections$UnmodifiableCollection::iterator@5
                      ; - org.eclipse.osgi.internal.loader.classpath.ClasspathManager::defineClass@576 (line 788)
  0x000002d08b1f32cc: 3014 4aff 

  0x000002d08b1f32d0: ;   {other}
  0x000002d08b1f32d0: 0f1f 8400 | 4038 003f | 488b f54c | 8b6c 2428 | 488b 7c24 | 304c 8b54 | 2438 488b | c8e9 45f3 
  0x000002d08b1f32f0: ffff baf6 | ffff ff48 | 8b6c 2460 | 4c8b 5c24 | 684c 895c | 2428 4c8b | 5c24 704c | 895c 2430 
  0x000002d08b1f3310: 4489 5424 | 6066 6690 

  0x000002d08b1f3318: ;   {runtime_call UncommonTrapBlob}
  0x000002d08b1f3318: c5f8 77e8 

  0x000002d08b1f331c: ; ImmutableOopMap {rbp=Oop [40]=Oop [48]=Oop [96]=NarrowOop [120]=Oop [128]=Oop [136]=Oop [144]=Oop }
                      ;*monitorenter {reexecute=0 rethrow=0 return_oop=0}
                      ; - org.eclipse.osgi.internal.loader.ModuleClassLoader::publicGetPackage@6 (line 329)
                      ; - org.eclipse.osgi.internal.loader.classpath.ClasspathManager::definePackage@26 (line 825)
                      ; - org.eclipse.osgi.internal.loader.classpath.ClasspathManager::defineClass@9 (line 733)
  0x000002d08b1f331c: e006 3fff 

  0x000002d08b1f3320: ;   {other}
  0x000002d08b1f3320: 0f1f 8400 | 9038 0040 | baf6 ffff | ff48 8b6c | 2460 4c8b | 5424 684c | 8954 2428 | 4c8b 5424 
  0x000002d08b1f3340: 704c 8954 | 2430 4489 | 4424 6490 

  0x000002d08b1f334c: ;   {runtime_call UncommonTrapBlob}
  0x000002d08b1f334c: c5f8 77e8 

  0x000002d08b1f3350: ; ImmutableOopMap {rbp=Oop [40]=Oop [48]=Oop [100]=NarrowOop [120]=Oop [128]=Oop [136]=Oop [144]=Oop }
                      ;*invokevirtual get {reexecute=0 rethrow=0 return_oop=0}
                      ; - java.lang.ClassLoader::getDefinedPackage@13
                      ; - java.lang.ClassLoader::getPackage@2
                      ; - org.eclipse.osgi.internal.loader.ModuleClassLoader::publicGetPackage@9 (line 330)
                      ; - org.eclipse.osgi.internal.loader.classpath.ClasspathManager::definePackage@26 (line 825)
                      ; - org.eclipse.osgi.internal.loader.classpath.ClasspathManager::defineClass@9 (line 733)
  0x000002d08b1f3350: ac06 3fff 

  0x000002d08b1f3354: ;   {other}
  0x000002d08b1f3354: 0f1f 8400 | c438 0041 | 33ed 4585 | d240 0f9d | c5ba 45ff | ffff 4889 | 7424 4890 

  0x000002d08b1f3370: ;   {runtime_call UncommonTrapBlob}
  0x000002d08b1f3370: c5f8 77e8 

  0x000002d08b1f3374: ; ImmutableOopMap {[72]=Oop [96]=Oop [104]=Oop [112]=Oop [120]=Oop [136]=Oop }
                      ;*ifeq {reexecute=1 rethrow=0 return_oop=0}
                      ; - (reexecute) org.eclipse.osgi.internal.loader.classpath.ClasspathManager::defineClass@324 (line 773)
  0x000002d08b1f3374: 8806 3fff 

  0x000002d08b1f3378: ;   {other}
  0x000002d08b1f3378: 0f1f 8400 | e838 0042 | bae4 ffff | ff4c 8b54 | 2460 4c89 | 5424 204c | 8b54 2468 | 4c89 5424 
  0x000002d08b1f3398: 3048 8974 | 2448 4889 | 5c24 5089 | 7c24 5c4c | 895c 2468 

  0x000002d08b1f33ac: ;   {runtime_call UncommonTrapBlob}
  0x000002d08b1f33ac: c5f8 77e8 

  0x000002d08b1f33b0: ; ImmutableOopMap {rbp=Oop [32]=Oop [48]=Oop [72]=Oop [80]=Oop [104]=Oop [112]=Oop [120]=Oop [136]=Oop }
                      ;*aastore {reexecute=1 rethrow=0 return_oop=0}
                      ; - (reexecute) java.util.ArrayList::add@14
                      ; - java.util.ArrayList::add@20
                      ; - org.eclipse.osgi.internal.loader.classpath.ClasspathManager::defineClass@411 (line 777)
  0x000002d08b1f33b0: 4c06 3fff 

  0x000002d08b1f33b4: ;   {other}
  0x000002d08b1f33b4: 0f1f 8400 | 2439 0043 | baf6 ffff | ff48 8b6c | 2460 4c8b | 5424 704c | 8954 2430 | 4889 7424 
  0x000002d08b1f33d4: 4048 895c | 2448 4c8b | 5424 684c | 8954 2458 | 4489 5c24 | 7066 6690 

  0x000002d08b1f33ec: ;   {runtime_call UncommonTrapBlob}
  0x000002d08b1f33ec: c5f8 77e8 

  0x000002d08b1f33f0: ; ImmutableOopMap {rbp=Oop [48]=Oop [64]=Oop [72]=Oop [88]=Oop [112]=NarrowOop [120]=Oop [136]=Oop }
                      ;*invokevirtual getLock {reexecute=0 rethrow=0 return_oop=0}
                      ; - org.eclipse.osgi.internal.loader.ModuleClassLoader::getClassLoadingLock@5 (line 437)
                      ; - org.eclipse.osgi.internal.loader.ModuleClassLoader::defineClass@8 (line 312)
                      ; - org.eclipse.osgi.internal.loader.classpath.ClasspathManager::defineClass@424 (line 779)
  0x000002d08b1f33f0: 0c06 3fff 

  0x000002d08b1f33f4: ;   {other}
  0x000002d08b1f33f4: 0f1f 8400 | 6439 0044 | baf6 ffff | ff48 8b6c | 2460 4c8b | 5424 704c | 8954 2430 | 4c8b 5424 
  0x000002d08b1f3414: 484c 8954 | 2440 4c8b | 5424 504c | 8954 2448 | 4c8b 5424 | 684c 8954 | 2458 6690 

  0x000002d08b1f3430: ;   {runtime_call UncommonTrapBlob}
  0x000002d08b1f3430: c5f8 77e8 

  0x000002d08b1f3434: ; ImmutableOopMap {rbp=Oop [48]=Oop [64]=Oop [72]=Oop [88]=Oop [120]=Oop [136]=Oop [144]=NarrowOop }
                      ;*monitorenter {reexecute=0 rethrow=0 return_oop=0}
                      ; - org.eclipse.osgi.internal.loader.ModuleClassLoader::defineClass@14 (line 312)
                      ; - org.eclipse.osgi.internal.loader.classpath.ClasspathManager::defineClass@424 (line 779)
  0x000002d08b1f3434: c805 3fff 

  0x000002d08b1f3438: ;   {other}
  0x000002d08b1f3438: 0f1f 8400 | a839 0045 | ba76 ffff | ff48 8b6c | 2460 4c8b | 8424 8800 | 0000 4c89 | 4424 204c 
  0x000002d08b1f3458: 8b44 2468 | 4c89 4424 | 284c 8b44 | 2448 4c89 | 4424 404c | 896c 2448 | 4489 7424 | 5c4c 8954 
  0x000002d08b1f3478: 2460 4489 | 5c24 6890 

  0x000002d08b1f3480: ;   {runtime_call UncommonTrapBlob}
  0x000002d08b1f3480: c5f8 77e8 

  0x000002d08b1f3484: ; ImmutableOopMap {rbp=Oop [32]=Oop [40]=Oop [64]=Oop [72]=Oop [96]=Oop [104]=NarrowOop [112]=Oop [120]=Oop }
                      ;*if_icmpge {reexecute=1 rethrow=0 return_oop=0}
                      ; - (reexecute) java.util.ArrayList::remove@42
                      ; - org.eclipse.osgi.internal.loader.classpath.ClasspathManager::defineClass@455 (line 781)
  0x000002d08b1f3484: 7805 3fff 

  0x000002d08b1f3488: ;   {other}
  0x000002d08b1f3488: 0f1f 8400 | f839 0046 | ba76 ffff | ff48 8b6c | 2460 4c8b | 9424 8800 | 0000 4c89 | 5424 204c 
  0x000002d08b1f34a8: 8b54 2468 | 4c89 5424 | 2848 897c | 2450 894c | 2458 4489 | 4424 6090 

  0x000002d08b1f34c0: ;   {runtime_call UncommonTrapBlob}
  0x000002d08b1f34c0: c5f8 77e8 

  0x000002d08b1f34c4: ; ImmutableOopMap {rbp=Oop [32]=Oop [40]=Oop [80]=Oop [88]=NarrowOop [112]=Oop [120]=Oop [128]=Oop }
                      ;*iflt {reexecute=1 rethrow=0 return_oop=0}
                      ; - (reexecute) java.lang.StringLatin1::lastIndexOf@19
                      ; - java.lang.String::lastIndexOf@13
                      ; - java.lang.String::lastIndexOf@8
                      ; - org.eclipse.osgi.internal.loader.classpath.ClasspathManager::definePackage@3 (line 820)
                      ; - org.eclipse.osgi.internal.loader.classpath.ClasspathManager::defineClass@9 (line 733)
  0x000002d08b1f34c4: 3805 3fff 

  0x000002d08b1f34c8: ;   {other}
  0x000002d08b1f34c8: 0f1f 8400 | 383a 0047 | bae4 ffff | ff4c 8b54 | 2448 4c89 | 5424 404c | 8b54 2450 | 4c89 5424 
  0x000002d08b1f34e8: 4889 5c24 | 5466 6690 

  0x000002d08b1f34f0: ;   {runtime_call UncommonTrapBlob}
  0x000002d08b1f34f0: c5f8 77e8 

  0x000002d08b1f34f4: ; ImmutableOopMap {[64]=Oop [72]=Oop [96]=Oop [104]=Oop [112]=Oop [120]=Oop [136]=Oop [144]=NarrowOop }
                      ;*aastore {reexecute=1 rethrow=0 return_oop=0}
                      ; - (reexecute) java.util.ArrayList::fastRemove@42
                      ; - java.util.ArrayList::remove@71
                      ; - org.eclipse.osgi.internal.loader.classpath.ClasspathManager::defineClass@455 (line 781)
  0x000002d08b1f34f4: 0805 3fff 

  0x000002d08b1f34f8: ;   {other}
  0x000002d08b1f34f8: 0f1f 8400 | 683a 0048 | 4c89 4c24 | 4848 894c | 2440 4489 | 4424 3c44 | 8954 2438 | 4889 7424 
  0x000002d08b1f3518: 3044 8b54 | 2424 4489 | 5424 2c44 | 8b5c 2420 | 4489 5c24 | 284c 8b54 | 2460 4c89 | 5424 2048 
  0x000002d08b1f3538: 8bac 2488 | 0000 0049 | 8bd1 4c8d | 8424 d000 | 0000 6690 

  0x000002d08b1f354c: ;   {runtime_call _complete_monitor_locking_Java}
  0x000002d08b1f354c: c5f8 77e8 

  0x000002d08b1f3550: ; ImmutableOopMap {rbp=Oop [32]=Oop [48]=Oop [56]=NarrowOop [60]=NarrowOop [64]=Oop [72]=Oop [104]=Oop [112]=Oop [120]=Oop [128]=Oop [144]=Oop }
                      ;*monitorenter {reexecute=0 rethrow=0 return_oop=0}
                      ; - org.eclipse.osgi.internal.loader.ModuleClassLoader::publicGetPackage@6 (line 329)
                      ; - org.eclipse.osgi.internal.loader.classpath.ClasspathManager::definePackage@26 (line 825)
                      ; - org.eclipse.osgi.internal.loader.classpath.ClasspathManager::defineClass@9 (line 733)
  0x000002d08b1f3550: 2c8e 4aff 

  0x000002d08b1f3554: ;   {other}
  0x000002d08b1f3554: 0f1f 8400 | c43a 0049 | 4889 ac24 | 8800 0000 | 4c8b 5424 | 204c 8954 | 2460 448b | 5424 2844 
  0x000002d08b1f3574: 8954 2420 | 448b 5c24 | 2c44 895c | 2424 448b | 5424 3844 | 8b44 243c | 488b 4c24 | 404c 8b4c 
  0x000002d08b1f3594: 2448 488b | 7424 30e9 | 0ecf ffff | 488b 4c24 | 4048 8d94 | 24d0 0000 | 004d 8bc7 | c5f8 7749 
  0x000002d08b1f35b4: bab0 cfa0 | 19f8 7f00 | 0041 ffd2 

  0x000002d08b1f35c0: ;   {other}
  0x000002d08b1f35c0: 0f1f 8400 | 0000 0000 | e98f d4ff | ffba deff | ffff 4489 | 4424 4890 

  0x000002d08b1f35d8: ;   {runtime_call UncommonTrapBlob}
  0x000002d08b1f35d8: c5f8 77e8 

  0x000002d08b1f35dc: ; ImmutableOopMap {[72]=NarrowOop [96]=Oop [104]=Oop [112]=Oop [120]=Oop [128]=Oop [136]=Oop }
                      ;*invokevirtual get {reexecute=0 rethrow=0 return_oop=0}
                      ; - org.eclipse.osgi.internal.loader.classpath.ClasspathManager::defineClass@16 (line 734)
  0x000002d08b1f35dc: 2004 3fff 

  0x000002d08b1f35e0: ;   {other}
  0x000002d08b1f35e0: 0f1f 8400 | 503b 004a | bade ffff | ff48 895c | 2440 4c89 | 6c24 5090 

  0x000002d08b1f35f8: ;   {runtime_call UncommonTrapBlob}
  0x000002d08b1f35f8: c5f8 77e8 

  0x000002d08b1f35fc: ; ImmutableOopMap {[64]=Oop [80]=Oop [96]=Oop [104]=Oop [112]=Oop [120]=Oop [128]=Oop [136]=Oop }
                      ;*invokeinterface iterator {reexecute=0 rethrow=0 return_oop=0}
                      ; - org.eclipse.osgi.internal.loader.classpath.ClasspathManager::defineClass@258 (line 764)
  0x000002d08b1f35fc: 0004 3fff 

  0x000002d08b1f3600: ;   {other}
  0x000002d08b1f3600: 0f1f 8400 | 703b 004b | bade ffff | ff48 8974 | 2448 4889 | 5c24 5090 

  0x000002d08b1f3618: ;   {runtime_call UncommonTrapBlob}
  0x000002d08b1f3618: c5f8 77e8 

  0x000002d08b1f361c: ; ImmutableOopMap {rbp=NarrowOop [72]=Oop [80]=Oop [96]=Oop [104]=Oop [112]=Oop [120]=Oop [136]=Oop }
                      ;*invokeinterface contains {reexecute=0 rethrow=0 return_oop=0}
                      ; - org.eclipse.osgi.internal.loader.classpath.ClasspathManager::defineClass@319 (line 773)
  0x000002d08b1f361c: e003 3fff 

  0x000002d08b1f3620: ;   {other}
  0x000002d08b1f3620: 0f1f 8400 | 903b 004c | bad6 ffff | ff4c 8b54 | 2460 4c89 | 5424 204c | 8b54 2468 | 4c89 5424 
  0x000002d08b1f3640: 3048 8974 | 2448 4889 | 5c24 5089 | 7c24 5c4c | 895c 2468 

  0x000002d08b1f3654: ;   {runtime_call UncommonTrapBlob}
  0x000002d08b1f3654: c5f8 77e8 

  0x000002d08b1f3658: ; ImmutableOopMap {rbp=Oop [32]=Oop [48]=Oop [72]=Oop [80]=Oop [104]=Oop [112]=Oop [120]=Oop [136]=Oop }
                      ;*aastore {reexecute=1 rethrow=0 return_oop=0}
                      ; - (reexecute) java.util.ArrayList::add@14
                      ; - java.util.ArrayList::add@20
                      ; - org.eclipse.osgi.internal.loader.classpath.ClasspathManager::defineClass@411 (line 777)
  0x000002d08b1f3658: a403 3fff 

  0x000002d08b1f365c: ;   {other}
  0x000002d08b1f365c: 0f1f 8400 | cc3b 004d | 498b e849 | 8bd0 4c8d | 8424 d000 | 0000 6690 

  0x000002d08b1f3674: ;   {runtime_call _complete_monitor_locking_Java}
  0x000002d08b1f3674: c5f8 77e8 

  0x000002d08b1f3678: ; ImmutableOopMap {rbp=Oop [48]=Oop [72]=Oop [80]=Oop [96]=Oop [104]=Oop [112]=Oop [120]=Oop [128]=Oop [136]=Oop [144]=NarrowOop }
                      ;*monitorenter {reexecute=0 rethrow=0 return_oop=0}
                      ; - org.eclipse.osgi.internal.loader.ModuleClassLoader::defineClass@14 (line 312)
                      ; - org.eclipse.osgi.internal.loader.classpath.ClasspathManager::defineClass@424 (line 779)
  0x000002d08b1f3678: 048d 4aff 

  0x000002d08b1f367c: ;   {other}
  0x000002d08b1f367c: 0f1f 8400 | ec3b 004e | 4c8b c5e9 | 7bda ffff | ba45 ffff | ff48 8b6c | 2460 4c8b | 5424 704c 
  0x000002d08b1f369c: 8954 2430 | 4c8b 5424 | 784c 8954 | 2438 4c8b | 5424 484c | 8954 2440 | 4c8b 5424 | 504c 8954 
  0x000002d08b1f36bc: 2448 4c8b | 5424 684c | 8954 2458 | 448b 9c24 | 9000 0000 | 4c89 8424 | 8000 0000 | 4489 5c24 
  0x000002d08b1f36dc: 7466 6690 

  0x000002d08b1f36e0: ;   {runtime_call UncommonTrapBlob}
  0x000002d08b1f36e0: c5f8 77e8 

  0x000002d08b1f36e4: ; ImmutableOopMap {rbp=Oop [48]=Oop [56]=Oop [64]=Oop [72]=Oop [88]=Oop [116]=NarrowOop [128]=Oop [136]=Oop [144]=NarrowOop }
                      ;*ifeq {reexecute=1 rethrow=0 return_oop=0}
                      ; - (reexecute) java.lang.ClassLoader::checkName@8
                      ; - java.lang.ClassLoader::findLoadedClass@1
                      ; - org.eclipse.osgi.internal.loader.ModuleClassLoader::defineClass@17 (line 313)
                      ; - org.eclipse.osgi.internal.loader.classpath.ClasspathManager::defineClass@424 (line 779)
  0x000002d08b1f36e4: 1803 3fff 

  0x000002d08b1f36e8: ;   {other}
  0x000002d08b1f36e8: 0f1f 8400 | 583c 004f | bae4 ffff | ff4c 8b54 | 2460 4c89 | 5424 204c | 8b54 2470 | 4c89 5424 
  0x000002d08b1f3708: 384c 8b54 | 2478 4c89 | 5424 404c | 894c 2458 | 4c8b 5424 | 684c 8954 | 2460 4c89 | 4c24 7044 
  0x000002d08b1f3728: 8b94 2490 | 0000 004c | 8984 2488 | 0000 0045 | 8bda 4489 | 5c24 7c89 | 9c24 9000 | 0000 6690 
  0x000002d08b1f3748: ;   {runtime_call UncommonTrapBlob}
  0x000002d08b1f3748: c5f8 77e8 

  0x000002d08b1f374c: ; ImmutableOopMap {[32]=Oop [56]=Oop [64]=Oop [72]=Oop [80]=Oop [88]=Oop [96]=Oop [112]=Oop [124]=NarrowOop [136]=Oop [144]=NarrowOop }
                      ;*invokestatic checkIndex {reexecute=0 rethrow=0 return_oop=0}
                      ; - java.lang.String::checkIndex@5
                      ; - java.lang.StringLatin1::charAt@3
                      ; - java.lang.String::charAt@12
                      ; - java.lang.ClassLoader::checkName@25
                      ; - java.lang.ClassLoader::findLoadedClass@1
                      ; - org.eclipse.osgi.internal.loader.ModuleClassLoader::defineClass@17 (line 313)
                      ; - org.eclipse.osgi.internal.loader.classpath.ClasspathManager::defineClass@424 (line 779)
  0x000002d08b1f374c: b002 3fff 

  0x000002d08b1f3750: ;   {other}
  0x000002d08b1f3750: 0f1f 8400 | c03c 0050 | 418b f249 | 8bd8 498b | c948 8d94 | 24d0 0000 | 004d 8bc7 | c5f8 7749 
  0x000002d08b1f3770: bab0 cfa0 | 19f8 7f00 | 0041 ffd2 

  0x000002d08b1f377c: ;   {other}
  0x000002d08b1f377c: 0f1f 8400 | 0000 0000 | 4c8b c344 | 8bd6 e9b1 | dcff ffba | deff ffff | 4c8b 9424 | 8800 0000 
  0x000002d08b1f379c: 4c89 5424 | 284c 896c | 2450 6690 

  0x000002d08b1f37a8: ;   {runtime_call UncommonTrapBlob}
  0x000002d08b1f37a8: c5f8 77e8 

  0x000002d08b1f37ac: ; ImmutableOopMap {rbp=NarrowOop [40]=Oop [72]=Oop [80]=Oop [96]=Oop [104]=Oop [112]=Oop [120]=Oop }
                      ;*invokeinterface remove {reexecute=0 rethrow=0 return_oop=0}
                      ; - org.eclipse.osgi.internal.loader.classpath.ClasspathManager::defineClass@455 (line 781)
  0x000002d08b1f37ac: 5002 3fff 

  0x000002d08b1f37b0: ;   {other}
  0x000002d08b1f37b0: 0f1f 8400 | 203d 0051 | bae4 ffff | ff4c 8b44 | 2460 4c89 | 4424 204c | 8b44 2468 | 4c89 4424 
  0x000002d08b1f37d0: 304c 8b44 | 2470 4c89 | 4424 3848 | 895c 2458 | 4489 5424 | 6048 8974 | 2468 4489 | 5c24 7090 
  0x000002d08b1f37f0: ;   {runtime_call UncommonTrapBlob}
  0x000002d08b1f37f0: c5f8 77e8 

  0x000002d08b1f37f4: ; ImmutableOopMap {rbp=NarrowOop [32]=Oop [48]=Oop [56]=Oop [88]=Oop [96]=NarrowOop [104]=Oop [120]=Oop [128]=Oop [136]=Oop }
                      ;*aaload {reexecute=0 rethrow=0 return_oop=0}
                      ; - java.lang.ThreadLocal$ThreadLocalMap::getEntry@18
                      ; - java.lang.ThreadLocal::get@12
                      ; - java.lang.ThreadLocal::get@4
                      ; - org.eclipse.osgi.internal.loader.classpath.ClasspathManager::defineClass@16 (line 734)
  0x000002d08b1f37f4: 0802 3fff 

  0x000002d08b1f37f8: ;   {other}
  0x000002d08b1f37f8: 0f1f 8400 | 683d 0052 | bace ffff | ff4c 8b54 | 2460 4c89 | 5424 204c | 8b54 2470 | 4c89 5424 
  0x000002d08b1f3818: 384c 8b54 | 2478 4c89 | 5424 4048 | ffb4 2488 | 0000 0048 | 8f44 2458 | 4c8b 5424 | 684c 8954 
  0x000002d08b1f3838: 2460 48ff | b424 8800 | 0000 488f | 4424 7044 | 8b9c 2490 | 0000 004c | 8984 2498 | 0000 0044 
  0x000002d08b1f3858: 899c 2484 | 0000 0089 | 9c24 9000 | 0000 6690 

  0x000002d08b1f3868: ;   {runtime_call UncommonTrapBlob}
  0x000002d08b1f3868: c5f8 77e8 

  0x000002d08b1f386c: ; ImmutableOopMap {rbp=NarrowOop [32]=Oop [56]=Oop [64]=Oop [72]=Oop [80]=Oop [88]=Oop [96]=Oop [112]=Oop [132]=NarrowOop [152]=Oop }
                      ;*invokestatic indexOfChar {reexecute=0 rethrow=0 return_oop=0}
                      ; - java.lang.StringLatin1::indexOf@33
                      ; - java.lang.String::indexOf@17
                      ; - java.lang.String::indexOf@3
                      ; - java.lang.ClassLoader::checkName@16
                      ; - java.lang.ClassLoader::findLoadedClass@1
                      ; - org.eclipse.osgi.internal.loader.ModuleClassLoader::defineClass@17 (line 313)
                      ; - org.eclipse.osgi.internal.loader.classpath.ClasspathManager::defineClass@424 (line 779)
  0x000002d08b1f386c: 9001 3fff 

  0x000002d08b1f3870: ;   {other}
  0x000002d08b1f3870: 0f1f 8400 | e03d 0053 | ba6e ffff | ff48 8b6c | 2460 4c8b | 9424 8800 | 0000 4c89 | 5424 204c 
  0x000002d08b1f3890: 8b54 2468 | 4c89 5424 | 2848 897c | 2450 894c | 2458 4489 | 4424 6090 

  0x000002d08b1f38a8: ;   {runtime_call UncommonTrapBlob}
  0x000002d08b1f38a8: c5f8 77e8 

  0x000002d08b1f38ac: ; ImmutableOopMap {rbp=Oop [32]=Oop [40]=Oop [80]=Oop [88]=NarrowOop [112]=Oop [120]=Oop [128]=Oop }
                      ;*iflt {reexecute=1 rethrow=0 return_oop=0}
                      ; - (reexecute) java.lang.StringLatin1::lastIndexOf@19
                      ; - java.lang.String::lastIndexOf@13
                      ; - java.lang.String::lastIndexOf@8
                      ; - org.eclipse.osgi.internal.loader.classpath.ClasspathManager::definePackage@3 (line 820)
                      ; - org.eclipse.osgi.internal.loader.classpath.ClasspathManager::defineClass@9 (line 733)
  0x000002d08b1f38ac: 5001 3fff 

  0x000002d08b1f38b0: ;   {other}
  0x000002d08b1f38b0: 0f1f 8400 | 203e 0054 | ba76 ffff | ff48 8b6c | 2460 4889 | 7424 4048 | 895c 2448 | 4489 4424 
  0x000002d08b1f38d0: 5c89 7c24 | 6066 6690 

  0x000002d08b1f38d8: ;   {runtime_call UncommonTrapBlob}
  0x000002d08b1f38d8: c5f8 77e8 

  0x000002d08b1f38dc: ; ImmutableOopMap {rbp=Oop [64]=Oop [72]=Oop [92]=NarrowOop [104]=Oop [112]=Oop [120]=Oop [136]=Oop }
                      ;*if_icmpge {reexecute=1 rethrow=0 return_oop=0}
                      ; - (reexecute) java.util.ArrayList::indexOfRange@45
                      ; - java.util.ArrayList::indexOf@7
                      ; - java.util.ArrayList::contains@2
                      ; - org.eclipse.osgi.internal.loader.classpath.ClasspathManager::defineClass@319 (line 773)
  0x000002d08b1f38dc: 2001 3fff 

  0x000002d08b1f38e0: ;   {other}
  0x000002d08b1f38e0: 0f1f 8400 | 503e 0055 | ba6e ffff | ff48 8b6c | 2460 4c8b | 5424 684c | 8954 2428 | 4889 5c24 
  0x000002d08b1f3900: 4848 8974 | 2450 4c89 | 5c24 6044 | 894c 2468 | 894c 246c 

  0x000002d08b1f3914: ;   {runtime_call UncommonTrapBlob}
  0x000002d08b1f3914: c5f8 77e8 

  0x000002d08b1f3918: ; ImmutableOopMap {rbp=Oop [40]=Oop [72]=Oop [80]=Oop [96]=Oop [104]=NarrowOop [112]=Oop [120]=Oop [136]=Oop }
                      ;*if_icmpge {reexecute=1 rethrow=0 return_oop=0}
                      ; - (reexecute) java.util.HashMap$HashIterator::<init>@54
                      ; - java.util.HashMap$KeyIterator::<init>@2
                      ; - java.util.HashMap$KeySet::iterator@8
                      ; - java.util.HashSet::iterator@7
                      ; - java.util.Collections$UnmodifiableCollection$1::<init>@17
                      ; - java.util.Collections$UnmodifiableCollection::iterator@5
                      ; - org.eclipse.osgi.internal.loader.classpath.ClasspathManager::defineClass@258 (line 764)
  0x000002d08b1f3918: e400 3fff 

  0x000002d08b1f391c: ;   {other}
  0x000002d08b1f391c: 0f1f 8400 | 8c3e 0056 | ba6e ffff | ff4c 8b54 | 2460 4c89 | 5424 204c | 8b54 2468 | 4c89 5424 
  0x000002d08b1f393c: 304c 8b54 | 2470 4c89 | 5424 384c | 896c 2448 | 4889 7c24 | 5048 8974 | 2458 4889 | 4c24 6889 
  0x000002d08b1f395c: 5c24 7090 

  0x000002d08b1f3960: ;   {runtime_call UncommonTrapBlob}
  0x000002d08b1f3960: c5f8 77e8 

  0x000002d08b1f3964: ; ImmutableOopMap {[32]=Oop [48]=Oop [56]=Oop [72]=Oop [80]=Oop [88]=Oop [104]=Oop [112]=NarrowOop [120]=Oop [136]=Oop }
                      ;*if_icmpge {reexecute=1 rethrow=0 return_oop=0}
                      ; - (reexecute) java.util.HashMap$HashIterator::<init>@54
                      ; - java.util.HashMap$KeyIterator::<init>@2
                      ; - java.util.HashMap$KeySet::iterator@8
                      ; - java.util.HashSet::iterator@7
                      ; - java.util.Collections$UnmodifiableCollection$1::<init>@17
                      ; - java.util.Collections$UnmodifiableCollection::iterator@5
                      ; - org.eclipse.osgi.internal.loader.classpath.ClasspathManager::defineClass@576 (line 788)
  0x000002d08b1f3964: 9800 3fff 

  0x000002d08b1f3968: ;   {other}
  0x000002d08b1f3968: 0f1f 8400 | d83e 0057 | 4d63 d8e9 | c3c9 ffff | 4983 c3fe | 498b cb49 | 8bf9 4833 | c048 83f9 
  0x000002d08b1f3988: 087f 1048 | ffc9 784f | 4889 04cf | 48ff c97d | f7eb 44c5 | fdef c0e9 | 0d00 0000 | c5fe 7f07 
  0x000002d08b1f39a8: c5fe 7f47 | 2048 83c7 | 4048 83e9 | 087d ed48 | 83c1 047c | 0cc5 fe7f | 0748 83c7 | 2048 83e9 
  0x000002d08b1f39c8: 0448 83c1 | 047e 1048 | ffc9 c5f9 | d607 4883 | c708 48ff | c97d f3e9 | 1bca ffff | bacc ffff 
  0x000002d08b1f39e8: ff48 8b6c | 2460 4c8b | 5424 684c | 8954 2428 | 4c8b 5424 | 704c 8954 | 2430 894c | 2450 4489 
  0x000002d08b1f3a08: 4424 5848 | 895c 2470 

  0x000002d08b1f3a10: ;   {runtime_call UncommonTrapBlob}
  0x000002d08b1f3a10: c5f8 77e8 

  0x000002d08b1f3a14: ; ImmutableOopMap {rbp=Oop [40]=Oop [48]=Oop [80]=NarrowOop [112]=Oop [120]=Oop [128]=Oop [136]=Oop }
                      ;*newarray {reexecute=1 rethrow=0 return_oop=0}
                      ; - (reexecute) java.util.Arrays::copyOfRangeByte@10
                      ; - java.util.Arrays::copyOfRange@13
                      ; - java.lang.StringLatin1::newString@16
                      ; - java.lang.String::substring@41
                      ; - org.eclipse.osgi.internal.loader.classpath.ClasspathManager::definePackage@15 (line 824)
                      ; - org.eclipse.osgi.internal.loader.classpath.ClasspathManager::defineClass@9 (line 733)
  0x000002d08b1f3a14: e8ff 3eff 

  0x000002d08b1f3a18: ;   {other}
  0x000002d08b1f3a18: 0f1f 8400 | 883f 0058 | baf6 ffff | ff48 8b6c | 2460 4c8b | 5424 684c | 8954 2428 | 4c8b 5424 
  0x000002d08b1f3a38: 704c 8954 | 2430 4489 | 4424 6490 

  0x000002d08b1f3a44: ;   {runtime_call UncommonTrapBlob}
  0x000002d08b1f3a44: c5f8 77e8 

  0x000002d08b1f3a48: ; ImmutableOopMap {rbp=Oop [40]=Oop [48]=Oop [100]=NarrowOop [120]=Oop [128]=Oop [136]=Oop [144]=Oop }
                      ;*invokevirtual get {reexecute=0 rethrow=0 return_oop=0}
                      ; - java.lang.ClassLoader::definePackage@47
                      ; - java.lang.ClassLoader::getDefinedPackage@32
                      ; - java.lang.ClassLoader::getPackage@2
                      ; - org.eclipse.osgi.internal.loader.ModuleClassLoader::publicGetPackage@9 (line 330)
                      ; - org.eclipse.osgi.internal.loader.classpath.ClasspathManager::definePackage@26 (line 825)
                      ; - org.eclipse.osgi.internal.loader.classpath.ClasspathManager::defineClass@9 (line 733)
  0x000002d08b1f3a48: b4ff 3eff 

  0x000002d08b1f3a4c: ;   {other}
  0x000002d08b1f3a4c: 0f1f 8400 | bc3f 0059 | ba45 ffff | ff48 8b6c | 2460 4c8b | 5c24 684c | 895c 2428 | 4c8b 5c24 
  0x000002d08b1f3a6c: 704c 895c | 2430 4c8b | 5c24 784c | 895c 2438 | 4c8b 9c24 | 8000 0000 | 4c89 5c24 | 5044 8944 
  0x000002d08b1f3a8c: 2464 4489 | 5424 6c44 | 898c 2480 | 0000 0090 

  0x000002d08b1f3a9c: ;   {runtime_call UncommonTrapBlob}
  0x000002d08b1f3a9c: c5f8 77e8 

  0x000002d08b1f3aa0: ; ImmutableOopMap {rbp=Oop [40]=Oop [48]=Oop [56]=Oop [80]=Oop [100]=NarrowOop [108]=NarrowOop [128]=NarrowOop [136]=Oop [144]=Oop }
                      ;*ifeq {reexecute=1 rethrow=0 return_oop=0}
                      ; - (reexecute) java.lang.ClassLoader::definePackage@4
                      ; - java.lang.ClassLoader::getDefinedPackage@32
                      ; - java.lang.ClassLoader::getPackage@2
                      ; - org.eclipse.osgi.internal.loader.ModuleClassLoader::publicGetPackage@9 (line 330)
                      ; - org.eclipse.osgi.internal.loader.classpath.ClasspathManager::definePackage@26 (line 825)
                      ; - org.eclipse.osgi.internal.loader.classpath.ClasspathManager::defineClass@9 (line 733)
  0x000002d08b1f3aa0: 5cff 3eff 

  0x000002d08b1f3aa4: ;   {other}
  0x000002d08b1f3aa4: 0f1f 8400 | 1440 005a | c4c1 796e | c945 8bc8 | eb08 458b | cb45 3bce | 7d4c 4c8b | d844 8948 
  0x000002d08b1f3ac4: 10c4 c179 | 7ec8 443b | 4424 580f | 8383 0e00 | 00c4 c179 | 7ec2 438b | 4c82 1089 | 4814 4c8b 
  0x000002d08b1f3ae4: c049 c1e8 | 0948 bf00 | 00b1 fcd0 | 0200 0046 | 8824 0785 | c90f 85b6 | d2ff ff45 | 8d41 0145 
  0x000002d08b1f3b04: 3bc6 7ca4 | eb08 4c8b | d8c4 c179 | 7ec9 ba45 | ffff ff48 | 8b6c 2460 | 4889 5c24 | 4848 8974 
  0x000002d08b1f3b24: 2450 4c89 | 5c24 6044 | 894c 245c 

  0x000002d08b1f3b30: ;   {runtime_call UncommonTrapBlob}
  0x000002d08b1f3b30: c5f8 77e8 

  0x000002d08b1f3b34: ; ImmutableOopMap {rbp=Oop [72]=Oop [80]=Oop [96]=Oop [104]=Oop [112]=Oop [120]=Oop [136]=Oop }
                      ;*if_icmpge {reexecute=1 rethrow=0 return_oop=0}
                      ; - (reexecute) java.util.HashMap$HashIterator::<init>@54
                      ; - java.util.HashMap$KeyIterator::<init>@2
                      ; - java.util.HashMap$KeySet::iterator@8
                      ; - java.util.HashSet::iterator@7
                      ; - java.util.Collections$UnmodifiableCollection$1::<init>@17
                      ; - java.util.Collections$UnmodifiableCollection::iterator@5
                      ; - org.eclipse.osgi.internal.loader.classpath.ClasspathManager::defineClass@258 (line 764)
  0x000002d08b1f3b34: c8fe 3eff 

  0x000002d08b1f3b38: ;   {other}
  0x000002d08b1f3b38: 0f1f 8400 | a840 005b | bade ffff | ff4c 8b54 | 2468 4c89 | 5424 304c | 8b54 2470 | 4c89 5424 
  0x000002d08b1f3b58: 384c 8b54 | 2460 4c89 | 5424 4844 | 8944 246c 

  0x000002d08b1f3b68: ;   {runtime_call UncommonTrapBlob}
  0x000002d08b1f3b68: c5f8 77e8 

  0x000002d08b1f3b6c: ; ImmutableOopMap {rbp=NarrowOop [48]=Oop [56]=Oop [72]=Oop [108]=NarrowOop [120]=Oop [128]=Oop [136]=Oop [144]=Oop }
                      ;*checkcast {reexecute=0 rethrow=0 return_oop=0}
                      ; - java.lang.ClassLoader::definePackage@50
                      ; - java.lang.ClassLoader::getDefinedPackage@32
                      ; - java.lang.ClassLoader::getPackage@2
                      ; - org.eclipse.osgi.internal.loader.ModuleClassLoader::publicGetPackage@9 (line 330)
                      ; - org.eclipse.osgi.internal.loader.classpath.ClasspathManager::definePackage@26 (line 825)
                      ; - org.eclipse.osgi.internal.loader.classpath.ClasspathManager::defineClass@9 (line 733)
  0x000002d08b1f3b6c: 90fe 3eff 

  0x000002d08b1f3b70: ;   {other}
  0x000002d08b1f3b70: 0f1f 8400 | e040 005c | 33ed 4585 | d240 0f94 | c5ba 45ff | ffff 4c8b | 5424 604c | 8954 2420 
  0x000002d08b1f3b90: 4c8b 5424 | 684c 8954 | 2430 4c89 | 4424 5048 | 897c 2458 | 4c89 4424 | 6044 895c | 2470 6690 
  0x000002d08b1f3bb0: ;   {runtime_call UncommonTrapBlob}
  0x000002d08b1f3bb0: c5f8 77e8 

  0x000002d08b1f3bb4: ; ImmutableOopMap {[32]=Oop [48]=Oop [80]=Oop [88]=Oop [96]=Oop [120]=Oop [128]=Oop }
                      ;*ifeq {reexecute=1 rethrow=0 return_oop=0}
                      ; - (reexecute) java.lang.String::lastIndexOf@4
                      ; - java.lang.String::lastIndexOf@8
                      ; - org.eclipse.osgi.internal.loader.classpath.ClasspathManager::definePackage@3 (line 820)
                      ; - org.eclipse.osgi.internal.loader.classpath.ClasspathManager::defineClass@9 (line 733)
  0x000002d08b1f3bb4: 48fe 3eff 

  0x000002d08b1f3bb8: ;   {other}
  0x000002d08b1f3bb8: 0f1f 8400 | 2841 005d | ba45 ffff | ff48 8b6c | 2460 4c8b | 5c24 704c | 895c 2430 | 4c8b 5c24 
  0x000002d08b1f3bd8: 784c 895c | 2438 4c8b | 5c24 484c | 895c 2440 | 4c8b 5c24 | 504c 895c | 2448 4c89 | 4c24 504c 
  0x000002d08b1f3bf8: 8b5c 2468 | 4c89 5c24 | 584c 894c | 2468 448b | 9c24 9000 | 0000 4c89 | 8424 8000 | 0000 4489 
  0x000002d08b1f3c18: 5c24 7444 | 8994 2488 | 0000 0090 

  0x000002d08b1f3c24: ;   {runtime_call UncommonTrapBlob}
  0x000002d08b1f3c24: c5f8 77e8 

  0x000002d08b1f3c28: ; ImmutableOopMap {rbp=Oop [48]=Oop [56]=Oop [64]=Oop [72]=Oop [80]=Oop [88]=Oop [104]=Oop [116]=NarrowOop [128]=Oop [144]=NarrowOop }
                      ;*if_icmpne {reexecute=1 rethrow=0 return_oop=0}
                      ; - (reexecute) java.lang.ClassLoader::checkName@20
                      ; - java.lang.ClassLoader::findLoadedClass@1
                      ; - org.eclipse.osgi.internal.loader.ModuleClassLoader::defineClass@17 (line 313)
                      ; - org.eclipse.osgi.internal.loader.classpath.ClasspathManager::defineClass@424 (line 779)
  0x000002d08b1f3c28: d4fd 3eff 

  0x000002d08b1f3c2c: ;   {other}
  0x000002d08b1f3c2c: 0f1f 8400 | 9c41 005e | 4c89 5c24 | 4848 8974 | 2440 4889 | 5c24 3844 | 8b54 2424 | 4489 5424 
  0x000002d08b1f3c4c: 308b 6c24 | 204c 8b54 | 2460 4c89 | 5424 284c | 8b94 2488 | 0000 004c | 8954 2420 

  0x000002d08b1f3c68: ;   {metadata('java/util/HashMap$KeySet')}
  0x000002d08b1f3c68: 48ba 3010 | 1a97 d002 | 0000 6690 

  0x000002d08b1f3c74: ;   {runtime_call _new_instance_Java}
  0x000002d08b1f3c74: c5f8 77e8 

  0x000002d08b1f3c78: ; ImmutableOopMap {[32]=Oop [40]=Oop [56]=Oop [64]=Oop [72]=Oop [104]=Oop [112]=Oop [120]=Oop [128]=Oop }
                      ;*new {reexecute=0 rethrow=0 return_oop=1}
                      ; - java.util.HashMap::keySet@9
                      ; - java.util.HashSet::iterator@4
                      ; - java.util.Collections$UnmodifiableCollection$1::<init>@17
                      ; - java.util.Collections$UnmodifiableCollection::iterator@5
                      ; - org.eclipse.osgi.internal.loader.classpath.ClasspathManager::defineClass@258 (line 764)
  0x000002d08b1f3c78: 840a 4aff 

  0x000002d08b1f3c7c: ;   {other}
  0x000002d08b1f3c7c: 0f1f 8400 | ec41 005f | 4c8b 5c24 | 204c 899c | 2488 0000 | 004c 8b5c | 2428 4c89 | 5c24 604c 
  0x000002d08b1f3c9c: 8bac 2480 | 0000 0089 | 6c24 2044 | 8b44 2430 | 4489 4424 | 2448 8b5c | 2438 488b | 7424 404c 
  0x000002d08b1f3cbc: 8b5c 2448 | 4c8b d0e9 | ceea ffff | 4c89 4424 | 4048 897c | 2438 4c89 | 6c24 3048 

  0x000002d08b1f3cd8: ;   {metadata('java/util/HashMap$KeySet')}
  0x000002d08b1f3cd8: 8bee 48ba | 3010 1a97 | d002 0000 

  0x000002d08b1f3ce4: ;   {runtime_call _new_instance_Java}
  0x000002d08b1f3ce4: c5f8 77e8 

  0x000002d08b1f3ce8: ; ImmutableOopMap {rbp=Oop [48]=Oop [56]=Oop [64]=Oop [96]=Oop [104]=Oop [112]=Oop [120]=Oop [136]=Oop }
                      ;*new {reexecute=0 rethrow=0 return_oop=1}
                      ; - java.util.HashMap::keySet@9
                      ; - java.util.HashSet::iterator@4
                      ; - java.util.Collections$UnmodifiableCollection$1::<init>@17
                      ; - java.util.Collections$UnmodifiableCollection::iterator@5
                      ; - org.eclipse.osgi.internal.loader.classpath.ClasspathManager::defineClass@576 (line 788)
  0x000002d08b1f3ce8: 140a 4aff 

  0x000002d08b1f3cec: ;   {other}
  0x000002d08b1f3cec: 0f1f 8400 | 5c42 0060 | 488b f54c | 8b6c 2430 | 488b 7c24 | 384c 8b44 | 2440 4c8b | d0e9 eaea 
  0x000002d08b1f3d0c: ffff ba45 | ffff ff48 | 8b6c 2460 | 4489 4424 | 4066 6690 

  0x000002d08b1f3d20: ;   {runtime_call UncommonTrapBlob}
  0x000002d08b1f3d20: c5f8 77e8 

  0x000002d08b1f3d24: ; ImmutableOopMap {rbp=Oop [104]=Oop [112]=Oop [120]=Oop [128]=Oop [136]=Oop }
                      ;*ifge {reexecute=1 rethrow=0 return_oop=0}
                      ; - (reexecute) org.eclipse.osgi.internal.loader.classpath.ClasspathManager::definePackage@8 (line 821)
                      ; - org.eclipse.osgi.internal.loader.classpath.ClasspathManager::defineClass@9 (line 733)
  0x000002d08b1f3d24: d8fc 3eff 

  0x000002d08b1f3d28: ;   {other}
  0x000002d08b1f3d28: 0f1f 8400 | 9842 0061 | ba45 ffff | ff48 8b6c | 2460 4c8b | 9424 8800 | 0000 4c89 | 5424 204c 
  0x000002d08b1f3d48: 8b54 2468 | 4c89 5424 | 284c 8b54 | 2470 4c89 | 5424 3044 | 8944 245c | 4489 4424 | 6044 894c 
  0x000002d08b1f3d68: 2470 4489 | 4c24 7490 

  0x000002d08b1f3d70: ;   {runtime_call UncommonTrapBlob}
  0x000002d08b1f3d70: c5f8 77e8 

  0x000002d08b1f3d74: ; ImmutableOopMap {rbp=Oop [32]=Oop [40]=Oop [48]=Oop [120]=Oop [128]=Oop }
                      ;*if_icmple {reexecute=1 rethrow=0 return_oop=0}
                      ; - (reexecute) jdk.internal.util.Preconditions::checkFromToIndex@11
                      ; - java.lang.String::checkBoundsBeginEnd@6
                      ; - java.lang.String::substring@8
                      ; - org.eclipse.osgi.internal.loader.classpath.ClasspathManager::definePackage@15 (line 824)
                      ; - org.eclipse.osgi.internal.loader.classpath.ClasspathManager::defineClass@9 (line 733)
  0x000002d08b1f3d74: 88fc 3eff 

  0x000002d08b1f3d78: ;   {other}
  0x000002d08b1f3d78: 0f1f 8400 | e842 0062 | ba45 ffff | ff48 895c | 2448 6690 

  0x000002d08b1f3d8c: ;   {runtime_call UncommonTrapBlob}
  0x000002d08b1f3d8c: c5f8 77e8 

  0x000002d08b1f3d90: ; ImmutableOopMap {[72]=Oop [96]=Oop [104]=Oop [112]=Oop [120]=Oop [128]=Oop [136]=Oop }
                      ;*ifne {reexecute=1 rethrow=0 return_oop=0}
                      ; - (reexecute) org.eclipse.osgi.internal.loader.classpath.ClasspathManager::defineClass@57 (line 741)
  0x000002d08b1f3d90: 6cfc 3eff 

  0x000002d08b1f3d94: ;   {other}
  0x000002d08b1f3d94: 0f1f 8400 | 0443 0063 | ba45 ffff | ff48 8b6c | 2460 4c8b | 5424 704c | 8954 2430 | 4c8b 5424 
  0x000002d08b1f3db4: 784c 8954 | 2438 4c8b | 5424 484c | 8954 2440 | 4c8b 5424 | 504c 8954 | 2448 4c89 | 4c24 504c 
  0x000002d08b1f3dd4: 8b54 2468 | 4c89 5424 | 584c 894c | 2468 448b | 9424 9000 | 0000 4c89 | 8424 8000 | 0000 4489 
  0x000002d08b1f3df4: 5424 7444 | 899c 2488 | 0000 0090 

  0x000002d08b1f3e00: ;   {runtime_call UncommonTrapBlob}
  0x000002d08b1f3e00: c5f8 77e8 

  0x000002d08b1f3e04: ; ImmutableOopMap {rbp=Oop [48]=Oop [56]=Oop [64]=Oop [72]=Oop [80]=Oop [88]=Oop [104]=Oop [116]=NarrowOop [128]=Oop [144]=NarrowOop }
                      ;*if_icmpne {reexecute=1 rethrow=0 return_oop=0}
                      ; - (reexecute) java.lang.ClassLoader::checkName@30
                      ; - java.lang.ClassLoader::findLoadedClass@1
                      ; - org.eclipse.osgi.internal.loader.ModuleClassLoader::defineClass@17 (line 313)
                      ; - org.eclipse.osgi.internal.loader.classpath.ClasspathManager::defineClass@424 (line 779)
  0x000002d08b1f3e04: f8fb 3eff 

  0x000002d08b1f3e08: ;   {other}
  0x000002d08b1f3e08: 0f1f 8400 | 7843 0064 | ba45 ffff | ff48 8b6c | 2460 4c8b | 4c24 684c | 894c 2428 | 4c8b 4c24 
  0x000002d08b1f3e28: 704c 894c | 2430 4c8b | 4c24 784c | 894c 2438 | 4c8b 8c24 | 8000 0000 | 4c89 4c24 | 5044 8944 
  0x000002d08b1f3e48: 2464 4489 | 5424 6c44 | 899c 2480 | 0000 0090 

  0x000002d08b1f3e58: ;   {runtime_call UncommonTrapBlob}
  0x000002d08b1f3e58: c5f8 77e8 

  0x000002d08b1f3e5c: ; ImmutableOopMap {rbp=Oop [40]=Oop [48]=Oop [56]=Oop [80]=Oop [100]=NarrowOop [108]=NarrowOop [136]=Oop [144]=Oop }
                      ;*ifle {reexecute=1 rethrow=0 return_oop=0}
                      ; - (reexecute) java.util.concurrent.ConcurrentHashMap::get@23
                      ; - java.lang.ClassLoader::getDefinedPackage@13
                      ; - java.lang.ClassLoader::getPackage@2
                      ; - org.eclipse.osgi.internal.loader.ModuleClassLoader::publicGetPackage@9 (line 330)
                      ; - org.eclipse.osgi.internal.loader.classpath.ClasspathManager::definePackage@26 (line 825)
                      ; - org.eclipse.osgi.internal.loader.classpath.ClasspathManager::defineClass@9 (line 733)
  0x000002d08b1f3e5c: a0fb 3eff 

  0x000002d08b1f3e60: ;   {other}
  0x000002d08b1f3e60: 0f1f 8400 | d043 0065 | ba45 ffff | ff48 8b6c | 2460 4889 | 5c24 4848 | 8974 2450 | 4c89 5c24 
  0x000002d08b1f3e80: 5889 4c24 | 6066 6690 

  0x000002d08b1f3e88: ;   {runtime_call UncommonTrapBlob}
  0x000002d08b1f3e88: c5f8 77e8 

  0x000002d08b1f3e8c: ; ImmutableOopMap {rbp=Oop [72]=Oop [80]=Oop [88]=Oop [104]=Oop [112]=Oop [120]=Oop [136]=Oop }
                      ;*if_icmpge {reexecute=1 rethrow=0 return_oop=0}
                      ; - (reexecute) java.util.HashMap$HashIterator::<init>@54
                      ; - java.util.HashMap$KeyIterator::<init>@2
                      ; - java.util.HashMap$KeySet::iterator@8
                      ; - java.util.HashSet::iterator@7
                      ; - java.util.Collections$UnmodifiableCollection$1::<init>@17
                      ; - java.util.Collections$UnmodifiableCollection::iterator@5
                      ; - org.eclipse.osgi.internal.loader.classpath.ClasspathManager::defineClass@258 (line 764)
  0x000002d08b1f3e8c: 70fb 3eff 

  0x000002d08b1f3e90: ;   {other}
  0x000002d08b1f3e90: 0f1f 8400 | 0044 0066 | ba45 ffff | ff4c 8b54 | 2460 4c89 | 5424 204c | 896c 2448 | 4889 7c24 
  0x000002d08b1f3eb0: 5048 8974 | 2458 4889 | 4c24 6090 

  0x000002d08b1f3ebc: ;   {runtime_call UncommonTrapBlob}
  0x000002d08b1f3ebc: c5f8 77e8 

  0x000002d08b1f3ec0: ; ImmutableOopMap {[32]=Oop [72]=Oop [80]=Oop [88]=Oop [96]=Oop [104]=Oop [112]=Oop [120]=Oop [136]=Oop }
                      ;*if_icmpge {reexecute=1 rethrow=0 return_oop=0}
                      ; - (reexecute) java.util.HashMap$HashIterator::<init>@54
                      ; - java.util.HashMap$KeyIterator::<init>@2
                      ; - java.util.HashMap$KeySet::iterator@8
                      ; - java.util.HashSet::iterator@7
                      ; - java.util.Collections$UnmodifiableCollection$1::<init>@17
                      ; - java.util.Collections$UnmodifiableCollection::iterator@5
                      ; - org.eclipse.osgi.internal.loader.classpath.ClasspathManager::defineClass@576 (line 788)
  0x000002d08b1f3ec0: 3cfb 3eff 

  0x000002d08b1f3ec4: ;   {other}
  0x000002d08b1f3ec4: 0f1f 8400 | 3444 0067 | ba45 ffff | ff48 8b6c | 2460 488b | 4c24 6848 | 894c 2428 | 488b 4c24 
  0x000002d08b1f3ee4: 7048 894c | 2430 488b | 4c24 7848 | 894c 2438 | 488b 8c24 | 8000 0000 | 4889 4c24 | 5044 8944 
  0x000002d08b1f3f04: 2464 4489 | 5424 6c44 | 898c 2480 | 0000 0044 | 899c 2484 | 0000 0090 

  0x000002d08b1f3f1c: ;   {runtime_call UncommonTrapBlob}
  0x000002d08b1f3f1c: c5f8 77e8 

  0x000002d08b1f3f20: ; ImmutableOopMap {rbp=Oop [40]=Oop [48]=Oop [56]=Oop [80]=Oop [100]=NarrowOop [108]=NarrowOop [128]=NarrowOop [136]=Oop [144]=Oop }
                      ;*ifle {reexecute=1 rethrow=0 return_oop=0}
                      ; - (reexecute) java.util.concurrent.ConcurrentHashMap::get@23
                      ; - java.lang.ClassLoader::definePackage@47
                      ; - java.lang.ClassLoader::getDefinedPackage@32
                      ; - java.lang.ClassLoader::getPackage@2
                      ; - org.eclipse.osgi.internal.loader.ModuleClassLoader::publicGetPackage@9 (line 330)
                      ; - org.eclipse.osgi.internal.loader.classpath.ClasspathManager::definePackage@26 (line 825)
                      ; - org.eclipse.osgi.internal.loader.classpath.ClasspathManager::defineClass@9 (line 733)
  0x000002d08b1f3f20: dcfa 3eff 

  0x000002d08b1f3f24: ;   {other}
  0x000002d08b1f3f24: 0f1f 8400 | 9444 0068 | baf6 ffff | ff48 8b6c | 2460 4c8b | 5424 684c | 8954 2428 | 4c8b 5424 
  0x000002d08b1f3f44: 704c 8954 | 2430 4489 | 4424 644c | 895c 2470 

  0x000002d08b1f3f54: ;   {runtime_call UncommonTrapBlob}
  0x000002d08b1f3f54: c5f8 77e8 

  0x000002d08b1f3f58: ; ImmutableOopMap {rbp=Oop [40]=Oop [48]=Oop [100]=NarrowOop [112]=Oop [120]=Oop [128]=Oop [136]=Oop [144]=Oop }
                      ;*invokevirtual compute {reexecute=0 rethrow=0 return_oop=0}
                      ; - java.lang.ClassLoader::definePackage@78
                      ; - java.lang.ClassLoader::getDefinedPackage@32
                      ; - java.lang.ClassLoader::getPackage@2
                      ; - org.eclipse.osgi.internal.loader.ModuleClassLoader::publicGetPackage@9 (line 330)
                      ; - org.eclipse.osgi.internal.loader.classpath.ClasspathManager::definePackage@26 (line 825)
                      ; - org.eclipse.osgi.internal.loader.classpath.ClasspathManager::defineClass@9 (line 733)
  0x000002d08b1f3f58: a4fa 3eff 

  0x000002d08b1f3f5c: ;   {other}
  0x000002d08b1f3f5c: 0f1f 8400 | cc44 0069 | bade ffff | ff4c 8b54 | 2468 4c89 | 5424 304c | 8b54 2470 | 4c89 5424 
  0x000002d08b1f3f7c: 384c 8b54 | 2460 4c89 | 5424 4844 | 8944 246c 

  0x000002d08b1f3f8c: ;   {runtime_call UncommonTrapBlob}
  0x000002d08b1f3f8c: c5f8 77e8 

  0x000002d08b1f3f90: ; ImmutableOopMap {rbp=NarrowOop [48]=Oop [56]=Oop [72]=Oop [108]=NarrowOop [120]=Oop [128]=Oop [136]=Oop [144]=Oop }
                      ;*invokevirtual getPackage {reexecute=0 rethrow=0 return_oop=0}
                      ; - java.lang.ClassLoader::getPackage@22
                      ; - org.eclipse.osgi.internal.loader.ModuleClassLoader::publicGetPackage@9 (line 330)
                      ; - org.eclipse.osgi.internal.loader.classpath.ClasspathManager::definePackage@26 (line 825)
                      ; - org.eclipse.osgi.internal.loader.classpath.ClasspathManager::defineClass@9 (line 733)
  0x000002d08b1f3f90: 6cfa 3eff 

  0x000002d08b1f3f94: ;   {other}
  0x000002d08b1f3f94: 0f1f 8400 | 0445 006a | 4d63 d8e9 | 01df ffff | 488b e8e9 | d7f0 ffff | 4889 4424 | 2048 8b6c 
  0x000002d08b1f3fb4: 2468 e9f3 | f0ff ffba | 45ff ffff | 4c8b 8c24 | 8800 0000 | 4c89 4c24 | 284c 8b4c | 2468 4c89 
  0x000002d08b1f3fd4: 4c24 304c | 8b4c 2470 | 4c89 4c24 | 384c 8b4c | 2478 4c89 | 4c24 404c | 8b4c 2460 | 4c89 4c24 
  0x000002d08b1f3ff4: 484c 8b8c | 2480 0000 | 004c 894c | 2458 4c8b | 8c24 9000 | 0000 4489 | 4424 6c4c | 894c 2478 
  0x000002d08b1f4014: 4489 5424 | 744c 898c | 2480 0000 | 0044 899c | 2490 0000 | 0089 9c24 | 9400 0000 

  0x000002d08b1f4030: ;   {runtime_call UncommonTrapBlob}
  0x000002d08b1f4030: c5f8 77e8 

  0x000002d08b1f4034: ; ImmutableOopMap {[40]=Oop [48]=Oop [56]=Oop [64]=Oop [72]=Oop [88]=Oop [108]=NarrowOop [116]=NarrowOop [120]=Oop [128]=Oop [144]=NarrowOop }
                      ;*ifge {reexecute=1 rethrow=0 return_oop=0}
                      ; - (reexecute) java.util.concurrent.ConcurrentHashMap::get@86
                      ; - java.lang.ClassLoader::getDefinedPackage@13
                      ; - java.lang.ClassLoader::getPackage@2
                      ; - org.eclipse.osgi.internal.loader.ModuleClassLoader::publicGetPackage@9 (line 330)
                      ; - org.eclipse.osgi.internal.loader.classpath.ClasspathManager::definePackage@26 (line 825)
                      ; - org.eclipse.osgi.internal.loader.classpath.ClasspathManager::defineClass@9 (line 733)
  0x000002d08b1f4034: c8f9 3eff 

  0x000002d08b1f4038: ;   {other}
  0x000002d08b1f4038: 0f1f 8400 | a845 006b | 4c89 5c24 | 384c 8b54 | 2450 4c89 | 5424 3044 | 8b54 2424 | 4489 5424 
  0x000002d08b1f4058: 2c44 8b5c | 2420 4489 | 5c24 284c | 8b54 2460 | 4c89 5424 | 2048 8bac | 2488 0000 

  0x000002d08b1f4074: ;   {metadata('java/lang/Object'[])}
  0x000002d08b1f4074: 0048 ba70 | 1200 97d0 | 0200 0041 | b805 0000 | 0066 6690 

  0x000002d08b1f4088: ;   {runtime_call _new_array_Java}
  0x000002d08b1f4088: c5f8 77e8 

  0x000002d08b1f408c: ; ImmutableOopMap {rbp=Oop [32]=Oop [48]=Oop [56]=Oop [104]=Oop [112]=Oop [120]=Oop [128]=Oop }
                      ;*anewarray {reexecute=0 rethrow=0 return_oop=1}
                      ; - java.util.ArrayList::<init>@10
                      ; - org.eclipse.osgi.internal.loader.classpath.ClasspathManager$DefineContext::<init>@22 (line 706)
                      ; - org.eclipse.osgi.internal.loader.classpath.ClasspathManager::defineClass@33 (line 736)
  0x000002d08b1f408c: 7024 4aff 

  0x000002d08b1f4090: ;   {other}
  0x000002d08b1f4090: 0f1f 8400 | 0046 006c | 4889 ac24 | 8800 0000 | 4c8b 5424 | 204c 8954 | 2460 448b | 5424 2844 
  0x000002d08b1f40b0: 8954 2420 | 448b 5c24 | 2c44 895c | 2424 4c8b | 5424 304c | 8954 2450 | 4c8b 5c24 | 38e9 33e9 
  0x000002d08b1f40d0: ;   {metadata('java/util/ArrayList')}
  0x000002d08b1f40d0: ffff 48ba | d089 0b97 | d002 0000 

  0x000002d08b1f40dc: ;   {runtime_call _new_instance_Java}
  0x000002d08b1f40dc: c5f8 77e8 

  0x000002d08b1f40e0: ; ImmutableOopMap {[80]=Oop [96]=Oop [104]=Oop [112]=Oop [120]=Oop [128]=Oop [136]=Oop }
                      ;*new {reexecute=0 rethrow=0 return_oop=1}
                      ; - org.eclipse.osgi.internal.loader.classpath.ClasspathManager$DefineContext::<init>@5 (line 705)
                      ; - org.eclipse.osgi.internal.loader.classpath.ClasspathManager::defineClass@33 (line 736)
  0x000002d08b1f40e0: 1c06 4aff 

  0x000002d08b1f40e4: ;   {other}
  0x000002d08b1f40e4: 0f1f 8400 | 5446 006d | 4c8b d8e9 | dde7 ffff | 448b 5424 | 2444 8954 | 2430 8b6c 

  0x000002d08b1f4100: ;   {metadata('org/eclipse/osgi/internal/loader/classpath/ClasspathManager$DefineContext')}
  0x000002d08b1f4100: 2420 48ba | d02b 1298 | d002 0000 

  0x000002d08b1f410c: ;   {runtime_call _new_instance_Java}
  0x000002d08b1f410c: c5f8 77e8 

  0x000002d08b1f4110: ; ImmutableOopMap {[96]=Oop [104]=Oop [112]=Oop [120]=Oop [128]=Oop [136]=Oop }
                      ;*new {reexecute=0 rethrow=0 return_oop=1}
                      ; - org.eclipse.osgi.internal.loader.classpath.ClasspathManager::defineClass@29 (line 736)
  0x000002d08b1f4110: ec05 4aff 

  0x000002d08b1f4114: ;   {other}
  0x000002d08b1f4114: 0f1f 8400 | 8446 006e | 896c 2420 | 448b 5c24 | 3044 895c | 2424 e959 | e7ff ff4c | 8b54 2450 
  0x000002d08b1f4134: 4c89 5424 | 3044 8b54 | 2424 4489 | 5424 2c44 | 8b5c 2420 | 4489 5c24 

  0x000002d08b1f414c: ;   {metadata('java/util/ArrayList')}
  0x000002d08b1f414c: 2848 bad0 | 890b 97d0 | 0200 0090 

  0x000002d08b1f4158: ;   {runtime_call _new_instance_Java}
  0x000002d08b1f4158: c5f8 77e8 

  0x000002d08b1f415c: ; ImmutableOopMap {[48]=Oop [96]=Oop [104]=Oop [112]=Oop [120]=Oop [128]=Oop [136]=Oop }
                      ;*new {reexecute=0 rethrow=0 return_oop=1}
                      ; - org.eclipse.osgi.internal.loader.classpath.ClasspathManager$DefineContext::<init>@17 (line 706)
                      ; - org.eclipse.osgi.internal.loader.classpath.ClasspathManager::defineClass@33 (line 736)
  0x000002d08b1f415c: a005 4aff 

  0x000002d08b1f4160: ;   {other}
  0x000002d08b1f4160: 0f1f 8400 | d046 006f | 448b 5c24 | 2844 895c | 2420 448b | 4424 2c44 | 8944 2424 | 4c8b 5c24 
  0x000002d08b1f4180: 304c 895c | 2450 4c8b | d8e9 1ce8 | ffff 4c89 | 5c24 384c | 8b54 2450 | 4c89 5424 | 3044 8b54 
  0x000002d08b1f41a0: 2424 4489 | 5424 2c44 | 8b5c 2420 | 4489 5c24 | 284c 8b54 | 2460 4c89 | 5424 2048 | 8bac 2488 
  0x000002d08b1f41c0: ;   {metadata('java/lang/Object'[])}
  0x000002d08b1f41c0: 0000 0048 | ba70 1200 | 97d0 0200 | 0041 b805 | 0000 0090 

  0x000002d08b1f41d4: ;   {runtime_call _new_array_Java}
  0x000002d08b1f41d4: c5f8 77e8 

  0x000002d08b1f41d8: ; ImmutableOopMap {rbp=Oop [32]=Oop [48]=Oop [56]=Oop [104]=Oop [112]=Oop [120]=Oop [128]=Oop }
                      ;*anewarray {reexecute=0 rethrow=0 return_oop=1}
                      ; - java.util.ArrayList::<init>@10
                      ; - org.eclipse.osgi.internal.loader.classpath.ClasspathManager$DefineContext::<init>@10 (line 705)
                      ; - org.eclipse.osgi.internal.loader.classpath.ClasspathManager::defineClass@33 (line 736)
  0x000002d08b1f41d8: 2423 4aff 

  0x000002d08b1f41dc: ;   {other}
  0x000002d08b1f41dc: 0f1f 8400 | 4c47 0070 | 4889 ac24 | 8800 0000 | 4c8b 5424 | 204c 8954 | 2460 448b | 5424 2844 
  0x000002d08b1f41fc: 8954 2420 | 448b 5c24 | 2c44 895c | 2424 4c8b | 5424 304c | 8954 2450 | 4c8b 5c24 | 38e9 0ee7 
  0x000002d08b1f421c: ffff ba45 | ffff ff4c | 8b8c 2488 | 0000 004c | 894c 2428 | 4c8b 4c24 | 684c 894c | 2430 4c8b 
  0x000002d08b1f423c: 4c24 704c | 894c 2438 | 4c8b 4c24 | 784c 894c | 2440 4c8b | 4c24 604c | 894c 2448 | 4c8b 8c24 
  0x000002d08b1f425c: 8000 0000 | 4c89 4c24 | 5844 8944 | 246c 4889 | 7c24 7844 | 8954 2474 | 4889 bc24 | 8000 0000 
  0x000002d08b1f427c: 4489 9c24 | 9000 0000 | 899c 2494 | 0000 0090 

  0x000002d08b1f428c: ;   {runtime_call UncommonTrapBlob}
  0x000002d08b1f428c: c5f8 77e8 

  0x000002d08b1f4290: ; ImmutableOopMap {rbp=NarrowOop [40]=Oop [48]=Oop [56]=Oop [64]=Oop [72]=Oop [88]=Oop [108]=NarrowOop [116]=NarrowOop [120]=Oop [128]=Oop [144]=NarrowOop }
                      ;*ifnull {reexecute=1 rethrow=0 return_oop=0}
                      ; - (reexecute) java.util.concurrent.ConcurrentHashMap::get@67
                      ; - java.lang.ClassLoader::getDefinedPackage@13
                      ; - java.lang.ClassLoader::getPackage@2
                      ; - org.eclipse.osgi.internal.loader.ModuleClassLoader::publicGetPackage@9 (line 330)
                      ; - org.eclipse.osgi.internal.loader.classpath.ClasspathManager::definePackage@26 (line 825)
                      ; - org.eclipse.osgi.internal.loader.classpath.ClasspathManager::defineClass@9 (line 733)
  0x000002d08b1f4290: 6cf7 3eff 

  0x000002d08b1f4294: ;   {other}
  0x000002d08b1f4294: 0f1f 8400 | 0448 0071 | 33ed 85ff | 400f 94c5 | ba45 ffff | ff4c 8b9c | 2488 0000 | 004c 895c 
  0x000002d08b1f42b4: 2428 4c8b | 5c24 684c | 895c 2430 | 4c8b 5c24 | 704c 895c | 2438 4c8b | 5c24 784c | 895c 2440 
  0x000002d08b1f42d4: 4c8b 5c24 | 604c 895c | 2448 4c8b | 9c24 8000 | 0000 4c89 | 5c24 5844 | 8944 246c | 4489 5424 
  0x000002d08b1f42f4: 7489 9c24 | 8800 0000 

  0x000002d08b1f42fc: ;   {runtime_call UncommonTrapBlob}
  0x000002d08b1f42fc: c5f8 77e8 

  0x000002d08b1f4300: ; ImmutableOopMap {[40]=Oop [48]=Oop [56]=Oop [64]=Oop [72]=Oop [88]=Oop [108]=NarrowOop [116]=NarrowOop [136]=NarrowOop [144]=Oop }
                      ;*ifeq {reexecute=1 rethrow=0 return_oop=0}
                      ; - (reexecute) java.lang.String::hashCode@20
                      ; - java.util.concurrent.ConcurrentHashMap::get@1
                      ; - java.lang.ClassLoader::getDefinedPackage@13
                      ; - java.lang.ClassLoader::getPackage@2
                      ; - org.eclipse.osgi.internal.loader.ModuleClassLoader::publicGetPackage@9 (line 330)
                      ; - org.eclipse.osgi.internal.loader.classpath.ClasspathManager::definePackage@26 (line 825)
                      ; - org.eclipse.osgi.internal.loader.classpath.ClasspathManager::defineClass@9 (line 733)
  0x000002d08b1f4300: fcf6 3eff 

  0x000002d08b1f4304: ;   {other}
  0x000002d08b1f4304: 0f1f 8400 | 7448 0072 | ba45 ffff | ff4c 8b9c | 2488 0000 | 004c 895c | 2428 4c8b | 5c24 684c 
  0x000002d08b1f4324: 895c 2430 | 4c8b 5c24 | 704c 895c | 2438 4c8b | 5c24 784c | 895c 2440 | 4c8b 5c24 | 604c 895c 
  0x000002d08b1f4344: 2448 4c8b | 9c24 8000 | 0000 4c89 | 5c24 5844 | 8944 246c | 4489 5424 | 7444 898c | 2488 0000 
  0x000002d08b1f4364: 0089 bc24 | 8c00 0000 | 899c 2498 | 0000 0090 

  0x000002d08b1f4374: ;   {runtime_call UncommonTrapBlob}
  0x000002d08b1f4374: c5f8 77e8 

  0x000002d08b1f4378: ; ImmutableOopMap {[40]=Oop [48]=Oop [56]=Oop [64]=Oop [72]=Oop [88]=Oop [108]=NarrowOop [116]=NarrowOop [136]=NarrowOop [140]=NarrowOop [144]=Oop }
                      ;*ifge {reexecute=1 rethrow=0 return_oop=0}
                      ; - (reexecute) java.util.concurrent.ConcurrentHashMap::get@86
                      ; - java.lang.ClassLoader::definePackage@47
                      ; - java.lang.ClassLoader::getDefinedPackage@32
                      ; - java.lang.ClassLoader::getPackage@2
                      ; - org.eclipse.osgi.internal.loader.ModuleClassLoader::publicGetPackage@9 (line 330)
                      ; - org.eclipse.osgi.internal.loader.classpath.ClasspathManager::definePackage@26 (line 825)
                      ; - org.eclipse.osgi.internal.loader.classpath.ClasspathManager::defineClass@9 (line 733)
  0x000002d08b1f4378: 84f6 3eff 

  0x000002d08b1f437c: ;   {other}
  0x000002d08b1f437c: 0f1f 8400 | ec48 0073 | baf6 ffff | ff66 6690 

  0x000002d08b1f438c: ;   {runtime_call UncommonTrapBlob}
  0x000002d08b1f438c: c5f8 77e8 

  0x000002d08b1f4390: ; ImmutableOopMap {[96]=Oop [104]=Oop [112]=Oop [120]=Oop [128]=Oop [136]=Oop [144]=Oop }
                      ;*invokevirtual manifestPackageAttributesFor {reexecute=0 rethrow=0 return_oop=0}
                      ; - org.eclipse.osgi.internal.loader.classpath.ClasspathManager::definePackage@77 (line 836)
                      ; - org.eclipse.osgi.internal.loader.classpath.ClasspathManager::defineClass@9 (line 733)
  0x000002d08b1f4390: 6cf6 3eff 

  0x000002d08b1f4394: ;   {other}
  0x000002d08b1f4394: 0f1f 8400 | 0449 0074 | baf6 ffff | ff48 ff74 | 2460 488f | 4424 204c | 8b54 2468 | 4c89 5424 
  0x000002d08b1f43b4: 3089 5c24 | 5844 895c | 245c 4489 | 4c24 6089 | 4424 6444 | 8944 2468 

  0x000002d08b1f43cc: ;   {runtime_call UncommonTrapBlob}
  0x000002d08b1f43cc: c5f8 77e8 

  0x000002d08b1f43d0: ; ImmutableOopMap {rbp=NarrowOop [32]=Oop [48]=Oop [88]=NarrowOop [92]=NarrowOop [96]=NarrowOop [100]=NarrowOop [104]=NarrowOop [112]=Oop [120]=Oop [128]=Oop [136]=Oop [144]=Oop }
                      ;*invokevirtual publicDefinePackage {reexecute=0 rethrow=0 return_oop=0}
                      ; - org.eclipse.osgi.internal.loader.classpath.ClasspathManager::definePackage@157 (line 849)
                      ; - org.eclipse.osgi.internal.loader.classpath.ClasspathManager::defineClass@9 (line 733)
  0x000002d08b1f43d0: 2cf6 3eff 

  0x000002d08b1f43d4: ;   {other}
  0x000002d08b1f43d4: 0f1f 8400 | 4449 0075 | ba45 ffff | ff4c 8b9c | 2488 0000 | 004c 895c | 2428 4c8b | 5c24 684c 
  0x000002d08b1f43f4: 895c 2430 | 4c8b 5c24 | 704c 895c | 2438 4c8b | 5c24 784c | 895c 2440 | 4c8b 5c24 | 604c 895c 
  0x000002d08b1f4414: 2448 4c8b | 9c24 8000 | 0000 4c89 | 5c24 5844 | 8944 246c | 4489 5424 | 7444 898c | 2488 0000 
  0x000002d08b1f4434: 0089 bc24 | 8c00 0000 | 899c 2498 | 0000 0090 

  0x000002d08b1f4444: ;   {runtime_call UncommonTrapBlob}
  0x000002d08b1f4444: c5f8 77e8 

  0x000002d08b1f4448: ; ImmutableOopMap {rbp=NarrowOop [40]=Oop [48]=Oop [56]=Oop [64]=Oop [72]=Oop [88]=Oop [108]=NarrowOop [116]=NarrowOop [136]=NarrowOop [140]=NarrowOop [144]=Oop }
                      ;*ifnull {reexecute=1 rethrow=0 return_oop=0}
                      ; - (reexecute) java.util.concurrent.ConcurrentHashMap::get@67
                      ; - java.lang.ClassLoader::definePackage@47
                      ; - java.lang.ClassLoader::getDefinedPackage@32
                      ; - java.lang.ClassLoader::getPackage@2
                      ; - org.eclipse.osgi.internal.loader.ModuleClassLoader::publicGetPackage@9 (line 330)
                      ; - org.eclipse.osgi.internal.loader.classpath.ClasspathManager::definePackage@26 (line 825)
                      ; - org.eclipse.osgi.internal.loader.classpath.ClasspathManager::defineClass@9 (line 733)
  0x000002d08b1f4448: b4f5 3eff 

  0x000002d08b1f444c: ;   {other}
  0x000002d08b1f444c: 0f1f 8400 | bc49 0076 | 33ed 4585 | db40 0f94 | c5ba 45ff | ffff 4c8b | 9c24 8800 | 0000 4c89 
  0x000002d08b1f446c: 5c24 284c | 8b5c 2468 | 4c89 5c24 | 304c 8b5c | 2470 4c89 | 5c24 384c | 8b5c 2478 | 4c89 5c24 
  0x000002d08b1f448c: 404c 8b5c | 2460 4c89 | 5c24 484c | 8b9c 2480 | 0000 004c | 895c 2458 | 4489 4424 | 6c44 8954 
  0x000002d08b1f44ac: 2474 4489 | 8c24 8800 | 0000 89bc | 248c 0000 | 0066 6690 

  0x000002d08b1f44c0: ;   {runtime_call UncommonTrapBlob}
  0x000002d08b1f44c0: c5f8 77e8 

  0x000002d08b1f44c4: ; ImmutableOopMap {[40]=Oop [48]=Oop [56]=Oop [64]=Oop [72]=Oop [88]=Oop [108]=NarrowOop [116]=NarrowOop [136]=NarrowOop [140]=NarrowOop [144]=Oop }
                      ;*ifeq {reexecute=1 rethrow=0 return_oop=0}
                      ; - (reexecute) java.lang.String::hashCode@20
                      ; - java.util.concurrent.ConcurrentHashMap::get@1
                      ; - java.lang.ClassLoader::definePackage@47
                      ; - java.lang.ClassLoader::getDefinedPackage@32
                      ; - java.lang.ClassLoader::getPackage@2
                      ; - org.eclipse.osgi.internal.loader.ModuleClassLoader::publicGetPackage@9 (line 330)
                      ; - org.eclipse.osgi.internal.loader.classpath.ClasspathManager::definePackage@26 (line 825)
                      ; - org.eclipse.osgi.internal.loader.classpath.ClasspathManager::defineClass@9 (line 733)
  0x000002d08b1f44c4: 38f5 3eff 

  0x000002d08b1f44c8: ;   {other}
  0x000002d08b1f44c8: 0f1f 8400 | 384a 0077 | 8944 2420 | 488b 6c24 | 68e9 07ed | ffff bacc | ffff ff4c | 8b5c 2460 
  0x000002d08b1f44e8: 4c89 5c24 | 204c 8b5c | 2468 4c89 | 5c24 304c | 8b5c 2470 | 4c89 5c24 | 3844 8944 | 2458 4489 
  0x000002d08b1f4508: 5424 5c44 | 8b94 2490 | 0000 0089 | 7c24 6c45 | 8bda 4489 | 5c24 7044 | 895c 2474 

  0x000002d08b1f4524: ;   {runtime_call UncommonTrapBlob}
  0x000002d08b1f4524: c5f8 77e8 

  0x000002d08b1f4528: ; ImmutableOopMap {[32]=Oop [48]=Oop [56]=Oop [72]=Oop [80]=Oop [112]=NarrowOop [116]=NarrowOop [120]=Oop [128]=Oop [136]=Oop }
                      ;*invokestatic arraycopy {reexecute=0 rethrow=0 return_oop=0}
                      ; - java.util.ArrayList::fastRemove@31
                      ; - java.util.ArrayList::remove@71
                      ; - org.eclipse.osgi.internal.loader.classpath.ClasspathManager::defineClass@455 (line 781)
  0x000002d08b1f4528: d4f4 3eff 

  0x000002d08b1f452c: ;   {other}
  0x000002d08b1f452c: 0f1f 8400 | 9c4a 0078 | ba45 ffff | ff66 6690 

  0x000002d08b1f453c: ;   {runtime_call UncommonTrapBlob}
  0x000002d08b1f453c: c5f8 77e8 

  0x000002d08b1f4540: ; ImmutableOopMap {[96]=Oop [104]=Oop [112]=Oop [120]=Oop [128]=Oop [136]=Oop [144]=Oop }
                      ;*ifeq {reexecute=1 rethrow=0 return_oop=0}
                      ; - (reexecute) org.eclipse.osgi.internal.loader.classpath.ClasspathManager::definePackage@71 (line 834)
                      ; - org.eclipse.osgi.internal.loader.classpath.ClasspathManager::defineClass@9 (line 733)
  0x000002d08b1f4540: bcf4 3eff 

  0x000002d08b1f4544: ;   {other}
  0x000002d08b1f4544: 0f1f 8400 | b44a 0079 | ba76 ffff | ff48 8944 | 2458 6690 

  0x000002d08b1f4558: ;   {runtime_call UncommonTrapBlob}
  0x000002d08b1f4558: c5f8 77e8 

  0x000002d08b1f455c: ; ImmutableOopMap {[64]=Oop [72]=Oop [88]=Oop [96]=Oop [104]=Oop [112]=Oop [120]=Oop [136]=Oop }
                      ;*aload {reexecute=0 rethrow=0 return_oop=0}
                      ; - org.eclipse.osgi.internal.loader.classpath.ClasspathManager::defineClass@303 (line 764)
  0x000002d08b1f455c: a0f4 3eff 

  0x000002d08b1f4560: ;   {other}
  0x000002d08b1f4560: 0f1f 8400 | d04a 007a | baf6 ffff | ff48 8944 | 2458 6690 

  0x000002d08b1f4574: ;   {runtime_call UncommonTrapBlob}
  0x000002d08b1f4574: c5f8 77e8 

  0x000002d08b1f4578: ; ImmutableOopMap {[64]=Oop [72]=Oop [80]=Oop [88]=Oop [96]=Oop [104]=Oop [112]=Oop [120]=Oop [136]=Oop }
                      ;*invokeinterface hasNext {reexecute=0 rethrow=0 return_oop=0}
                      ; - java.util.Collections$UnmodifiableCollection$1::hasNext@4
                      ; - org.eclipse.osgi.internal.loader.classpath.ClasspathManager::defineClass@613 (line 788)
  0x000002d08b1f4578: 84f4 3eff 

  0x000002d08b1f457c: ;   {other}
  0x000002d08b1f457c: 0f1f 8400 | ec4a 007b | ba45 ffff | ff4c 8b9c | 2488 0000 | 004c 895c | 2428 4c8b | 5c24 684c 
  0x000002d08b1f459c: 895c 2430 | 4c8b 5c24 | 704c 895c | 2438 4c8b | 5c24 784c | 895c 2440 | 4c8b 5c24 | 604c 895c 
  0x000002d08b1f45bc: 2448 4c8b | 9c24 8000 | 0000 4c89 | 5c24 5844 | 8944 246c | 4c89 4c24 | 7844 8954 | 2474 4c89 
  0x000002d08b1f45dc: 8c24 8000 | 0000 4889 | b424 9000 | 0000 899c | 2498 0000 | 0066 6690 

  0x000002d08b1f45f4: ;   {runtime_call UncommonTrapBlob}
  0x000002d08b1f45f4: c5f8 77e8 

  0x000002d08b1f45f8: ; ImmutableOopMap {rbp=NarrowOop [40]=Oop [48]=Oop [56]=Oop [64]=Oop [72]=Oop [88]=Oop [108]=NarrowOop [116]=NarrowOop [120]=Oop [128]=Oop [144]=Oop }
                      ;*ifnull {reexecute=1 rethrow=0 return_oop=0}
                      ; - (reexecute) java.util.concurrent.ConcurrentHashMap::get@143
                      ; - java.lang.ClassLoader::getDefinedPackage@13
                      ; - java.lang.ClassLoader::getPackage@2
                      ; - org.eclipse.osgi.internal.loader.ModuleClassLoader::publicGetPackage@9 (line 330)
                      ; - org.eclipse.osgi.internal.loader.classpath.ClasspathManager::definePackage@26 (line 825)
                      ; - org.eclipse.osgi.internal.loader.classpath.ClasspathManager::defineClass@9 (line 733)
  0x000002d08b1f45f8: 04f4 3eff 

  0x000002d08b1f45fc: ;   {other}
  0x000002d08b1f45fc: 0f1f 8400 | 6c4b 007c | ba45 ffff | ff48 8b6c | 2460 4c8b | 9424 8800 | 0000 4c89 | 5424 204c 
  0x000002d08b1f461c: 8b54 2468 | 4c89 5424 | 284c 8b54 | 2470 4c89 | 5424 304c | 8b54 2478 | 4c89 5424 | 384c 8b94 
  0x000002d08b1f463c: 2480 0000 | 004c 8954 | 2460 8984 | 2494 0000 | 0066 6690 

  0x000002d08b1f4650: ;   {runtime_call UncommonTrapBlob}
  0x000002d08b1f4650: c5f8 77e8 

  0x000002d08b1f4654: ; ImmutableOopMap {rbp=Oop [32]=Oop [40]=Oop [48]=Oop [56]=Oop [80]=Oop [88]=NarrowOop [92]=NarrowOop [96]=Oop [160]=Oop }
                      ;*ifeq {reexecute=1 rethrow=0 return_oop=0}
                      ; - (reexecute) java.util.concurrent.ConcurrentHashMap::get@152
                      ; - java.lang.ClassLoader::getDefinedPackage@13
                      ; - java.lang.ClassLoader::getPackage@2
                      ; - org.eclipse.osgi.internal.loader.ModuleClassLoader::publicGetPackage@9 (line 330)
                      ; - org.eclipse.osgi.internal.loader.classpath.ClasspathManager::definePackage@26 (line 825)
                      ; - org.eclipse.osgi.internal.loader.classpath.ClasspathManager::defineClass@9 (line 733)
  0x000002d08b1f4654: a8f3 3eff 

  0x000002d08b1f4658: ;   {other}
  0x000002d08b1f4658: 0f1f 8400 | c84b 007d | baf6 ffff | ff48 8b6c | 2428 6690 

  0x000002d08b1f466c: ;   {runtime_call UncommonTrapBlob}
  0x000002d08b1f466c: c5f8 77e8 

  0x000002d08b1f4670: ; ImmutableOopMap {rbp=Oop [64]=Oop [72]=Oop [104]=Oop [112]=Oop [120]=Oop [136]=Oop }
                      ;*invokeinterface iterator {reexecute=0 rethrow=0 return_oop=0}
                      ; - java.util.HashSet::iterator@7
                      ; - java.util.Collections$UnmodifiableCollection$1::<init>@17
                      ; - java.util.Collections$UnmodifiableCollection::iterator@5
                      ; - org.eclipse.osgi.internal.loader.classpath.ClasspathManager::defineClass@258 (line 764)
  0x000002d08b1f4670: 8cf3 3eff 

  0x000002d08b1f4674: ;   {other}
  0x000002d08b1f4674: 0f1f 8400 | e44b 007e | baf6 ffff | ff66 6690 

  0x000002d08b1f4684: ;   {runtime_call UncommonTrapBlob}
  0x000002d08b1f4684: c5f8 77e8 

  0x000002d08b1f4688: ; ImmutableOopMap {[64]=Oop [72]=Oop [96]=Oop [104]=Oop [112]=Oop [120]=Oop [136]=Oop }
                      ;*invokeinterface iterator {reexecute=0 rethrow=0 return_oop=0}
                      ; - java.util.HashSet::iterator@7
                      ; - java.util.Collections$UnmodifiableCollection$1::<init>@17
                      ; - java.util.Collections$UnmodifiableCollection::iterator@5
                      ; - org.eclipse.osgi.internal.loader.classpath.ClasspathManager::defineClass@576 (line 788)
  0x000002d08b1f4688: 74f3 3eff 

  0x000002d08b1f468c: ;   {other}
  0x000002d08b1f468c: 0f1f 8400 | fc4b 007f | ba45 ffff | ff4c 8b9c | 2488 0000 | 004c 895c | 2428 4c8b | 5c24 684c 
  0x000002d08b1f46ac: 895c 2430 | 4c8b 5c24 | 704c 895c | 2438 4c8b | 5c24 784c | 895c 2440 | 4c8b 5c24 | 604c 895c 
  0x000002d08b1f46cc: 2448 4c8b | 9c24 8000 | 0000 4c89 | 5c24 5844 | 8944 246c | 4489 5424 | 7444 898c | 2488 0000 
  0x000002d08b1f46ec: 0048 89bc | 2498 0000 | 0089 9c24 | 8c00 0000 

  0x000002d08b1f46fc: ;   {runtime_call UncommonTrapBlob}
  0x000002d08b1f46fc: c5f8 77e8 

  0x000002d08b1f4700: ; ImmutableOopMap {rbp=NarrowOop [40]=Oop [48]=Oop [56]=Oop [64]=Oop [72]=Oop [88]=Oop [108]=NarrowOop [116]=NarrowOop [136]=NarrowOop [144]=Oop [152]=Oop }
                      ;*ifnull {reexecute=1 rethrow=0 return_oop=0}
                      ; - (reexecute) java.util.concurrent.ConcurrentHashMap::get@143
                      ; - java.lang.ClassLoader::definePackage@47
                      ; - java.lang.ClassLoader::getDefinedPackage@32
                      ; - java.lang.ClassLoader::getPackage@2
                      ; - org.eclipse.osgi.internal.loader.ModuleClassLoader::publicGetPackage@9 (line 330)
                      ; - org.eclipse.osgi.internal.loader.classpath.ClasspathManager::definePackage@26 (line 825)
                      ; - org.eclipse.osgi.internal.loader.classpath.ClasspathManager::defineClass@9 (line 733)
  0x000002d08b1f4700: fcf2 3eff 

  0x000002d08b1f4704: ;   {other}
  0x000002d08b1f4704: 0f1f 8400 | 744c 0080 | ba45 ffff | ff48 8b6c | 2460 4c8b | 9c24 8800 | 0000 4c89 | 5c24 204c 
  0x000002d08b1f4724: 8b5c 2468 | 4c89 5c24 | 284c 8b5c | 2470 4c89 | 5c24 304c | 8b5c 2478 | 4c89 5c24 | 384c 8b9c 
  0x000002d08b1f4744: 2480 0000 | 004c 895c | 2460 448b | 9c24 9800 | 0000 4489 | 9c24 8000 | 0000 8984 | 2498 0000 
  0x000002d08b1f4764: 0066 6690 

  0x000002d08b1f4768: ;   {runtime_call UncommonTrapBlob}
  0x000002d08b1f4768: c5f8 77e8 

  0x000002d08b1f476c: ; ImmutableOopMap {rbp=Oop [32]=Oop [40]=Oop [48]=Oop [56]=Oop [80]=Oop [88]=NarrowOop [92]=NarrowOop [96]=Oop [128]=NarrowOop [160]=Oop }
                      ;*ifeq {reexecute=1 rethrow=0 return_oop=0}
                      ; - (reexecute) java.util.concurrent.ConcurrentHashMap::get@152
                      ; - java.lang.ClassLoader::definePackage@47
                      ; - java.lang.ClassLoader::getDefinedPackage@32
                      ; - java.lang.ClassLoader::getPackage@2
                      ; - org.eclipse.osgi.internal.loader.ModuleClassLoader::publicGetPackage@9 (line 330)
                      ; - org.eclipse.osgi.internal.loader.classpath.ClasspathManager::definePackage@26 (line 825)
                      ; - org.eclipse.osgi.internal.loader.classpath.ClasspathManager::defineClass@9 (line 733)
  0x000002d08b1f476c: 90f2 3eff 

  0x000002d08b1f4770: ;   {other}
  0x000002d08b1f4770: 0f1f 8400 | e04c 0081 | bac6 ffff | ff48 895c | 2450 4889 | 7424 5890 

  0x000002d08b1f4788: ;   {runtime_call UncommonTrapBlob}
  0x000002d08b1f4788: c5f8 77e8 

  0x000002d08b1f478c: ; ImmutableOopMap {rbp=NarrowOop [80]=Oop [88]=Oop [96]=Oop [104]=Oop [112]=Oop [120]=Oop [136]=Oop }
                      ;*invokevirtual keySet {reexecute=0 rethrow=0 return_oop=0}
                      ; - java.util.HashSet::iterator@4
                      ; - java.util.Collections$UnmodifiableCollection$1::<init>@17
                      ; - java.util.Collections$UnmodifiableCollection::iterator@5
                      ; - org.eclipse.osgi.internal.loader.classpath.ClasspathManager::defineClass@258 (line 764)
  0x000002d08b1f478c: 70f2 3eff 

  0x000002d08b1f4790: ;   {other}
  0x000002d08b1f4790: 0f1f 8400 | 004d 0082 | bac6 ffff | ff48 895c | 2448 4889 | 7424 504c | 8954 2458 

  0x000002d08b1f47ac: ;   {runtime_call UncommonTrapBlob}
  0x000002d08b1f47ac: c5f8 77e8 

  0x000002d08b1f47b0: ; ImmutableOopMap {[72]=Oop [80]=Oop [88]=Oop [96]=Oop [104]=Oop [112]=Oop [120]=Oop [136]=Oop }
                      ;*invokeinterface iterator {reexecute=0 rethrow=0 return_oop=0}
                      ; - java.util.HashSet::iterator@7
                      ; - java.util.Collections$UnmodifiableCollection$1::<init>@17
                      ; - java.util.Collections$UnmodifiableCollection::iterator@5
                      ; - org.eclipse.osgi.internal.loader.classpath.ClasspathManager::defineClass@258 (line 764)
  0x000002d08b1f47b0: 4cf2 3eff 

  0x000002d08b1f47b4: ;   {other}
  0x000002d08b1f47b4: 0f1f 8400 | 244d 0083 | bac6 ffff | ff4c 896c | 2448 4889 | 7c24 5048 | 8974 2458 

  0x000002d08b1f47d0: ;   {runtime_call UncommonTrapBlob}
  0x000002d08b1f47d0: c5f8 77e8 

  0x000002d08b1f47d4: ; ImmutableOopMap {rbp=NarrowOop [72]=Oop [80]=Oop [88]=Oop [96]=Oop [104]=Oop [112]=Oop [120]=Oop [136]=Oop }
                      ;*invokevirtual keySet {reexecute=0 rethrow=0 return_oop=0}
                      ; - java.util.HashSet::iterator@4
                      ; - java.util.Collections$UnmodifiableCollection$1::<init>@17
                      ; - java.util.Collections$UnmodifiableCollection::iterator@5
                      ; - org.eclipse.osgi.internal.loader.classpath.ClasspathManager::defineClass@576 (line 788)
  0x000002d08b1f47d4: 28f2 3eff 

  0x000002d08b1f47d8: ;   {other}
  0x000002d08b1f47d8: 0f1f 8400 | 484d 0084 | bac6 ffff | ff4c 896c | 2440 4889 | 7c24 4848 | 8974 2450 | 4c89 5424 
  0x000002d08b1f47f8: 5866 6690 

  0x000002d08b1f47fc: ;   {runtime_call UncommonTrapBlob}
  0x000002d08b1f47fc: c5f8 77e8 

  0x000002d08b1f4800: ; ImmutableOopMap {[64]=Oop [72]=Oop [80]=Oop [88]=Oop [96]=Oop [104]=Oop [112]=Oop [120]=Oop [136]=Oop }
                      ;*invokeinterface iterator {reexecute=0 rethrow=0 return_oop=0}
                      ; - java.util.HashSet::iterator@7
                      ; - java.util.Collections$UnmodifiableCollection$1::<init>@17
                      ; - java.util.Collections$UnmodifiableCollection::iterator@5
                      ; - org.eclipse.osgi.internal.loader.classpath.ClasspathManager::defineClass@576 (line 788)
  0x000002d08b1f4800: fcf1 3eff 

  0x000002d08b1f4804: ;   {other}
  0x000002d08b1f4804: 0f1f 8400 | 744d 0085 | baf6 ffff | ff4c 8b54 | 2448 4c89 | 5424 404c | 8b54 2450 | 4c89 5424 
  0x000002d08b1f4824: 4866 6690 

  0x000002d08b1f4828: ;   {runtime_call UncommonTrapBlob}
  0x000002d08b1f4828: c5f8 77e8 

  0x000002d08b1f482c: ; ImmutableOopMap {[64]=Oop [72]=Oop [96]=Oop [104]=Oop [112]=Oop [120]=Oop [136]=Oop }
                      ;*aastore {reexecute=1 rethrow=0 return_oop=0}
                      ; - (reexecute) java.util.ArrayList::add@14
                      ; - java.util.ArrayList::add@20
                      ; - org.eclipse.osgi.internal.loader.classpath.ClasspathManager::defineClass@411 (line 777)
  0x000002d08b1f482c: d0f1 3eff 

  0x000002d08b1f4830: ;   {other}
  0x000002d08b1f4830: 0f1f 8400 | a04d 0086 | ba45 ffff | ff4c 8b54 | 2460 4c89 | 5424 204c | 8b54 2468 | 4c89 5424 
  0x000002d08b1f4850: 304c 8b54 | 2470 4c89 | 5424 384c | 8b54 2478 | 4c89 5424 | 4048 895c | 2450 4889 | 7424 584c 
  0x000002d08b1f4870: 895c 2468 | 4489 4424 | 704c 895c | 2478 6690 

  0x000002d08b1f4880: ;   {runtime_call UncommonTrapBlob}
  0x000002d08b1f4880: c5f8 77e8 

  0x000002d08b1f4884: ; ImmutableOopMap {[32]=Oop [48]=Oop [56]=Oop [64]=Oop [80]=Oop [88]=Oop [104]=Oop [112]=NarrowOop [120]=Oop [136]=Oop }
                      ;*ifeq {reexecute=1 rethrow=0 return_oop=0}
                      ; - (reexecute) java.util.LinkedHashMap$LinkedHashIterator::<init>@16
                      ; - java.util.LinkedHashMap$LinkedKeyIterator::<init>@3
                      ; - java.util.LinkedHashMap$LinkedKeySet::iterator@12
                      ; - java.util.HashSet::iterator@7
                      ; - java.util.Collections$UnmodifiableCollection$1::<init>@17
                      ; - java.util.Collections$UnmodifiableCollection::iterator@5
                      ; - org.eclipse.osgi.internal.loader.classpath.ClasspathManager::defineClass@258 (line 764)
  0x000002d08b1f4884: 78f1 3eff 

  0x000002d08b1f4888: ;   {other}
  0x000002d08b1f4888: 0f1f 8400 | f84d 0087 | ba45 ffff | ff4c 8b54 | 2460 4c89 | 5424 204c | 8b54 2468 | 4c89 5424 
  0x000002d08b1f48a8: 304c 8b54 | 2470 4c89 | 5424 384c | 8b54 2478 | 4c89 5424 | 404c 896c | 2448 4889 | 7c24 5048 
  0x000002d08b1f48c8: 8974 2458 | 4889 4c24 | 6848 894c | 2470 4489 | 4424 7890 

  0x000002d08b1f48dc: ;   {runtime_call UncommonTrapBlob}
  0x000002d08b1f48dc: c5f8 77e8 

  0x000002d08b1f48e0: ; ImmutableOopMap {rbp=NarrowOop [32]=Oop [48]=Oop [56]=Oop [64]=Oop [72]=Oop [80]=Oop [88]=Oop [104]=Oop [112]=Oop [136]=Oop }
                      ;*ifeq {reexecute=1 rethrow=0 return_oop=0}
                      ; - (reexecute) java.util.LinkedHashMap$LinkedHashIterator::<init>@16
                      ; - java.util.LinkedHashMap$LinkedKeyIterator::<init>@3
                      ; - java.util.LinkedHashMap$LinkedKeySet::iterator@12
                      ; - java.util.HashSet::iterator@7
                      ; - java.util.Collections$UnmodifiableCollection$1::<init>@17
                      ; - java.util.Collections$UnmodifiableCollection::iterator@5
                      ; - org.eclipse.osgi.internal.loader.classpath.ClasspathManager::defineClass@576 (line 788)
  0x000002d08b1f48e0: 1cf1 3eff 

  0x000002d08b1f48e4: ;   {other}
  0x000002d08b1f48e4: 0f1f 8400 | 544e 0088 | ba3d ffff | ff4c 8b54 | 2460 4c89 | 5424 204c | 8b54 2468 | 4c89 5424 
  0x000002d08b1f4904: 304c 8b54 | 2470 4c89 | 5424 384c | 8b54 2478 | 4c89 5424 | 404c 8b94 | 2498 0000 | 004c 8954 
  0x000002d08b1f4924: 2470 894c | 2464 4489 | 4c24 7c90 

  0x000002d08b1f4930: ;   {runtime_call UncommonTrapBlob}
  0x000002d08b1f4930: c5f8 77e8 

  0x000002d08b1f4934: ; ImmutableOopMap {[32]=Oop [48]=Oop [56]=Oop [64]=Oop [72]=Oop [80]=Oop [112]=Oop [136]=Oop [152]=Oop }
                      ;*if_icmpge {reexecute=1 rethrow=0 return_oop=0}
                      ; - (reexecute) jdk.internal.util.ArraysSupport::newLength@10
                      ; - java.util.ArrayList::grow@27
                      ; - java.util.ArrayList::grow@7
                      ; - java.util.ArrayList::add@7
                      ; - java.util.ArrayList::add@20
                      ; - org.eclipse.osgi.internal.loader.classpath.ClasspathManager::defineClass@411 (line 777)
  0x000002d08b1f4934: c8f0 3eff 

  0x000002d08b1f4938: ;   {other}
  0x000002d08b1f4938: 0f1f 8400 | a84e 0089 | bade ffff | ff66 6690 

  0x000002d08b1f4948: ;   {runtime_call UncommonTrapBlob}
  0x000002d08b1f4948: c5f8 77e8 

  0x000002d08b1f494c: ; ImmutableOopMap {rbp=NarrowOop [80]=Oop [96]=Oop [104]=Oop [112]=Oop [120]=Oop [128]=Oop [136]=Oop }
                      ;*invokevirtual set {reexecute=0 rethrow=0 return_oop=0}
                      ; - org.eclipse.osgi.internal.loader.classpath.ClasspathManager::defineClass@44 (line 737)
  0x000002d08b1f494c: b0f0 3eff 

  0x000002d08b1f4950: ;   {other}
  0x000002d08b1f4950: 0f1f 8400 | c04e 008a | c4c1 797e | c1e9 80e7 | ffff bade | ffff ff4c | 8b5c 2468 | 4c89 5c24 
  0x000002d08b1f4970: 304c 8b5c | 2470 4c89 | 5c24 384c | 8b5c 2478 | 4c89 5c24 | 404c 8b5c | 2460 4c89 | 5c24 484c 
  0x000002d08b1f4990: 8b9c 2480 | 0000 004c | 895c 2458 | 4489 4424 | 6c44 8954 | 2474 6690 

  0x000002d08b1f49a8: ;   {runtime_call UncommonTrapBlob}
  0x000002d08b1f49a8: c5f8 77e8 

  0x000002d08b1f49ac: ; ImmutableOopMap {rbp=NarrowOop [48]=Oop [56]=Oop [64]=Oop [72]=Oop [88]=Oop [108]=NarrowOop [116]=NarrowOop [136]=Oop [144]=Oop }
                      ;*checkcast {reexecute=0 rethrow=0 return_oop=0}
                      ; - java.lang.ClassLoader::getDefinedPackage@16
                      ; - java.lang.ClassLoader::getPackage@2
                      ; - org.eclipse.osgi.internal.loader.ModuleClassLoader::publicGetPackage@9 (line 330)
                      ; - org.eclipse.osgi.internal.loader.classpath.ClasspathManager::definePackage@26 (line 825)
                      ; - org.eclipse.osgi.internal.loader.classpath.ClasspathManager::defineClass@9 (line 733)
  0x000002d08b1f49ac: 50f0 3eff 

  0x000002d08b1f49b0: ;   {other}
  0x000002d08b1f49b0: 0f1f 8400 | 204f 008b | bade ffff | ff48 8b6c | 2460 4c8b | 5c24 684c | 895c 2428 | 4c8b 5c24 
  0x000002d08b1f49d0: 704c 895c | 2430 4c8b | 5c24 784c | 895c 2438 | 4c8b 5c24 | 484c 895c | 2440 4c8b | 5c24 504c 
  0x000002d08b1f49f0: 895c 2448 | 4889 7c24 | 5044 8974 | 2458 4489 | 5424 5c48 | 897c 2460 | 895c 246c 

  0x000002d08b1f4a0c: ;   {runtime_call UncommonTrapBlob}
  0x000002d08b1f4a0c: c5f8 77e8 

  0x000002d08b1f4a10: ; ImmutableOopMap {rbp=Oop [40]=Oop [48]=Oop [56]=Oop [64]=Oop [72]=Oop [80]=Oop [96]=Oop [108]=NarrowOop [128]=Oop [144]=NarrowOop }
                      ;*instanceof {reexecute=0 rethrow=0 return_oop=0}
                      ; - java.lang.String::equals@8
                      ; - java.util.ArrayList::remove@50
                      ; - org.eclipse.osgi.internal.loader.classpath.ClasspathManager::defineClass@455 (line 781)
  0x000002d08b1f4a10: ecef 3eff 

  0x000002d08b1f4a14: ;   {other}
  0x000002d08b1f4a14: 0f1f 8400 | 844f 008c | bade ffff | ff48 8b6c | 2460 4c8b | 4c24 684c | 894c 2428 | 4c8b 4c24 
  0x000002d08b1f4a34: 704c 894c | 2430 c5fb | 1144 2440 | 4c89 7424 | 4844 8944 | 245c 4489 | 5424 6044 | 895c 2470 
  0x000002d08b1f4a54: ;   {runtime_call UncommonTrapBlob}
  0x000002d08b1f4a54: c5f8 77e8 

  0x000002d08b1f4a58: ; ImmutableOopMap {rbp=Oop [40]=Oop [48]=Oop [64]=Oop [72]=Oop [92]=NarrowOop [112]=NarrowOop [120]=Oop [136]=Oop }
                      ;*instanceof {reexecute=0 rethrow=0 return_oop=0}
                      ; - java.lang.String::equals@8
                      ; - java.util.ArrayList::indexOfRange@54
                      ; - java.util.ArrayList::indexOf@7
                      ; - java.util.ArrayList::contains@2
                      ; - org.eclipse.osgi.internal.loader.classpath.ClasspathManager::defineClass@319 (line 773)
  0x000002d08b1f4a58: a4ef 3eff 

  0x000002d08b1f4a5c: ;   {other}
  0x000002d08b1f4a5c: 0f1f 8400 | cc4f 008d | bade ffff | ff48 8b6c | 2460 4c8b | 5424 684c | 8954 2428 | 4c8b 5424 
  0x000002d08b1f4a7c: 384c 8954 | 2430 4c8b | 5424 784c | 8954 2438 | 4889 4424 | 7866 6690 

  0x000002d08b1f4a94: ;   {runtime_call UncommonTrapBlob}
  0x000002d08b1f4a94: c5f8 77e8 

  0x000002d08b1f4a98: ; ImmutableOopMap {rbp=Oop [40]=Oop [48]=Oop [56]=Oop [80]=NarrowOop [84]=NarrowOop [120]=Oop [128]=Oop [136]=Oop [144]=Oop }
                      ;*checkcast {reexecute=0 rethrow=0 return_oop=0}
                      ; - java.lang.ClassLoader::definePackage@81
                      ; - java.lang.ClassLoader::getDefinedPackage@32
                      ; - java.lang.ClassLoader::getPackage@2
                      ; - org.eclipse.osgi.internal.loader.ModuleClassLoader::publicGetPackage@9 (line 330)
                      ; - org.eclipse.osgi.internal.loader.classpath.ClasspathManager::definePackage@26 (line 825)
                      ; - org.eclipse.osgi.internal.loader.classpath.ClasspathManager::defineClass@9 (line 733)
  0x000002d08b1f4a98: 64ef 3eff 

  0x000002d08b1f4a9c: ;   {other}
  0x000002d08b1f4a9c: 0f1f 8400 | 0c50 008e | bade ffff | ff48 895c | 2448 6690 

  0x000002d08b1f4ab0: ;   {runtime_call UncommonTrapBlob}
  0x000002d08b1f4ab0: c5f8 77e8 

  0x000002d08b1f4ab4: ; ImmutableOopMap {[72]=Oop [96]=Oop [104]=Oop [112]=Oop [120]=Oop [128]=Oop [136]=Oop }
                      ;*checkcast {reexecute=0 rethrow=0 return_oop=0}
                      ; - org.eclipse.osgi.internal.loader.classpath.ClasspathManager::defineClass@19 (line 734)
  0x000002d08b1f4ab4: 48ef 3eff 

  0x000002d08b1f4ab8: ;   {other}
  0x000002d08b1f4ab8: 0f1f 8400 | 2850 008f | baf4 ffff | ff4c 8b54 | 2448 4c89 | 5424 404c | 8b54 2450 | 4c89 5424 
  0x000002d08b1f4ad8: 484c 8b54 | 2458 4c89 | 5424 5090 

  0x000002d08b1f4ae4: ;   {runtime_call UncommonTrapBlob}
  0x000002d08b1f4ae4: c5f8 77e8 

  0x000002d08b1f4ae8: ; ImmutableOopMap {[64]=Oop [72]=Oop [80]=Oop [96]=Oop [104]=Oop [112]=Oop [120]=Oop [128]=Oop [136]=Oop }
                      ;*checkcast {reexecute=0 rethrow=0 return_oop=0}
                      ; - org.eclipse.osgi.internal.loader.classpath.ClasspathManager::defineClass@593 (line 788)
  0x000002d08b1f4ae8: 14ef 3eff 

  0x000002d08b1f4aec: ;   {other}
  0x000002d08b1f4aec: 0f1f 8400 | 5c50 0090 | baf6 ffff | ff48 8b6c | 2460 6690 

  0x000002d08b1f4b00: ;   {runtime_call UncommonTrapBlob}
  0x000002d08b1f4b00: c5f8 77e8 

  0x000002d08b1f4b04: ; ImmutableOopMap {rbp=Oop [104]=Oop [112]=Oop [120]=Oop [128]=Oop [136]=Oop }
                      ;*invokevirtual lastIndexOf {reexecute=0 rethrow=0 return_oop=0}
                      ; - org.eclipse.osgi.internal.loader.classpath.ClasspathManager::definePackage@3 (line 820)
                      ; - org.eclipse.osgi.internal.loader.classpath.ClasspathManager::defineClass@9 (line 733)
  0x000002d08b1f4b04: f8ee 3eff 

  0x000002d08b1f4b08: ;   {other}
  0x000002d08b1f4b08: 0f1f 8400 | 7850 0091 | baf6 ffff | ff48 8b6c | 2460 6690 

  0x000002d08b1f4b1c: ;   {runtime_call UncommonTrapBlob}
  0x000002d08b1f4b1c: c5f8 77e8 

  0x000002d08b1f4b20: ; ImmutableOopMap {rbp=Oop [104]=Oop [112]=Oop [120]=Oop [128]=Oop [136]=Oop }
                      ;*arraylength {reexecute=0 rethrow=0 return_oop=0}
                      ; - java.lang.String::length@4
                      ; - java.lang.String::lastIndexOf@3
                      ; - org.eclipse.osgi.internal.loader.classpath.ClasspathManager::definePackage@3 (line 820)
                      ; - org.eclipse.osgi.internal.loader.classpath.ClasspathManager::defineClass@9 (line 733)
  0x000002d08b1f4b20: dcee 3eff 

  0x000002d08b1f4b24: ;   {other}
  0x000002d08b1f4b24: 0f1f 8400 | 9450 0092 | baf6 ffff | ff48 8b6c | 2460 6690 

  0x000002d08b1f4b38: ;   {runtime_call UncommonTrapBlob}
  0x000002d08b1f4b38: c5f8 77e8 

  0x000002d08b1f4b3c: ; ImmutableOopMap {rbp=Oop [104]=Oop [112]=Oop [120]=Oop [128]=Oop [136]=Oop [144]=Oop }
                      ;*invokevirtual publicGetPackage {reexecute=0 rethrow=0 return_oop=0}
                      ; - org.eclipse.osgi.internal.loader.classpath.ClasspathManager::definePackage@26 (line 825)
                      ; - org.eclipse.osgi.internal.loader.classpath.ClasspathManager::defineClass@9 (line 733)
  0x000002d08b1f4b3c: c0ee 3eff 

  0x000002d08b1f4b40: ;   {other}
  0x000002d08b1f4b40: 0f1f 8400 | b050 0093 | baf6 ffff | ff66 6690 

  0x000002d08b1f4b50: ;   {runtime_call UncommonTrapBlob}
  0x000002d08b1f4b50: c5f8 77e8 

  0x000002d08b1f4b54: ; ImmutableOopMap {[96]=Oop [104]=Oop [112]=Oop [120]=Oop [128]=Oop [136]=Oop }
                      ;*invokevirtual get {reexecute=0 rethrow=0 return_oop=0}
                      ; - org.eclipse.osgi.internal.loader.classpath.ClasspathManager::defineClass@16 (line 734)
  0x000002d08b1f4b54: a8ee 3eff 

  0x000002d08b1f4b58: ;   {other}
  0x000002d08b1f4b58: 0f1f 8400 | c850 0094 | baf6 ffff | ff48 895c | 2440 6690 

  0x000002d08b1f4b6c: ;   {runtime_call UncommonTrapBlob}
  0x000002d08b1f4b6c: c5f8 77e8 

  0x000002d08b1f4b70: ; ImmutableOopMap {[64]=Oop [96]=Oop [104]=Oop [112]=Oop [120]=Oop [128]=Oop [136]=Oop }
                      ;*invokevirtual getContainer {reexecute=0 rethrow=0 return_oop=0}
                      ; - org.eclipse.osgi.internal.loader.classpath.ClasspathManager::defineClass@51 (line 741)
  0x000002d08b1f4b70: 8cee 3eff 

  0x000002d08b1f4b74: ;   {other}
  0x000002d08b1f4b74: 0f1f 8400 | e450 0095 | baf6 ffff | ff48 895c | 2440 6690 

  0x000002d08b1f4b88: ;   {runtime_call UncommonTrapBlob}
  0x000002d08b1f4b88: c5f8 77e8 

  0x000002d08b1f4b8c: ; ImmutableOopMap {[64]=Oop [96]=Oop [104]=Oop [112]=Oop [120]=Oop [128]=Oop [136]=Oop }
                      ;*invokevirtual isProcessClassRecursionSupportedByAll {reexecute=0 rethrow=0 return_oop=0}
                      ; - org.eclipse.osgi.internal.loader.classpath.ClasspathManager::defineClass@54 (line 741)
  0x000002d08b1f4b8c: 70ee 3eff 

  0x000002d08b1f4b90: ;   {other}
  0x000002d08b1f4b90: 0f1f 8400 | 0051 0096 | baf6 ffff | ff48 895c | 2440 6690 

  0x000002d08b1f4ba4: ;   {runtime_call UncommonTrapBlob}
  0x000002d08b1f4ba4: c5f8 77e8 

  0x000002d08b1f4ba8: ; ImmutableOopMap {[64]=Oop [96]=Oop [104]=Oop [112]=Oop [120]=Oop [136]=Oop }
                      ;*invokeinterface iterator {reexecute=0 rethrow=0 return_oop=0}
                      ; - org.eclipse.osgi.internal.loader.classpath.ClasspathManager::defineClass@258 (line 764)
  0x000002d08b1f4ba8: 54ee 3eff 

  0x000002d08b1f4bac: ;   {other}
  0x000002d08b1f4bac: 0f1f 8400 | 1c51 0097 | baf6 ffff | ff48 8974 | 2440 4889 | 5c24 4890 

  0x000002d08b1f4bc4: ;   {runtime_call UncommonTrapBlob}
  0x000002d08b1f4bc4: c5f8 77e8 

  0x000002d08b1f4bc8: ; ImmutableOopMap {[64]=Oop [72]=Oop [96]=Oop [104]=Oop [112]=Oop [120]=Oop [136]=Oop }
                      ;*invokeinterface iterator {reexecute=0 rethrow=0 return_oop=0}
                      ; - java.util.Collections$UnmodifiableCollection$1::<init>@17
                      ; - java.util.Collections$UnmodifiableCollection::iterator@5
                      ; - org.eclipse.osgi.internal.loader.classpath.ClasspathManager::defineClass@258 (line 764)
  0x000002d08b1f4bc8: 34ee 3eff 

  0x000002d08b1f4bcc: ;   {other}
  0x000002d08b1f4bcc: 0f1f 8400 | 3c51 0098 | baf6 ffff | ff48 8974 | 2440 4889 | 5c24 4890 

  0x000002d08b1f4be4: ;   {runtime_call UncommonTrapBlob}
  0x000002d08b1f4be4: c5f8 77e8 

  0x000002d08b1f4be8: ; ImmutableOopMap {[64]=Oop [72]=Oop [96]=Oop [104]=Oop [112]=Oop [120]=Oop [136]=Oop }
                      ;*invokeinterface contains {reexecute=0 rethrow=0 return_oop=0}
                      ; - org.eclipse.osgi.internal.loader.classpath.ClasspathManager::defineClass@319 (line 773)
  0x000002d08b1f4be8: 14ee 3eff 

  0x000002d08b1f4bec: ;   {other}
  0x000002d08b1f4bec: 0f1f 8400 | 5c51 0099 | baf6 ffff | ff48 8974 | 2440 4889 | 5c24 4890 

  0x000002d08b1f4c04: ;   {runtime_call UncommonTrapBlob}
  0x000002d08b1f4c04: c5f8 77e8 

  0x000002d08b1f4c08: ; ImmutableOopMap {[64]=Oop [72]=Oop [96]=Oop [104]=Oop [112]=Oop [120]=Oop [136]=Oop }
                      ;*arraylength {reexecute=0 rethrow=0 return_oop=0}
                      ; - java.util.ArrayList::add@2
                      ; - java.util.ArrayList::add@20
                      ; - org.eclipse.osgi.internal.loader.classpath.ClasspathManager::defineClass@411 (line 777)
  0x000002d08b1f4c08: f4ed 3eff 

  0x000002d08b1f4c0c: ;   {other}
  0x000002d08b1f4c0c: 0f1f 8400 | 7c51 009a | baf6 ffff | ff48 8b6c | 2460 4c8b | 5424 704c | 8954 2430 | 4889 7424 
  0x000002d08b1f4c2c: 4048 895c | 2448 6690 

  0x000002d08b1f4c34: ;   {runtime_call UncommonTrapBlob}
  0x000002d08b1f4c34: c5f8 77e8 

  0x000002d08b1f4c38: ; ImmutableOopMap {rbp=Oop [48]=Oop [64]=Oop [72]=Oop [104]=Oop [120]=Oop [136]=Oop }
                      ;*invokevirtual defineClass {reexecute=0 rethrow=0 return_oop=0}
                      ; - org.eclipse.osgi.internal.loader.classpath.ClasspathManager::defineClass@424 (line 779)
  0x000002d08b1f4c38: c4ed 3eff 

  0x000002d08b1f4c3c: ;   {other}
  0x000002d08b1f4c3c: 0f1f 8400 | ac51 009b | baf6 ffff | ff48 8b6c | 2460 4c8b | 5424 704c | 8954 2430 | 4c8b 5424 
  0x000002d08b1f4c5c: 784c 8954 | 2438 4c8b | 5424 484c | 8954 2440 | 4c8b 5424 | 504c 8954 | 2448 4c8b | 5424 684c 
  0x000002d08b1f4c7c: 8954 2458 | 4c89 4424 | 7866 6690 

  0x000002d08b1f4c88: ;   {runtime_call UncommonTrapBlob}
  0x000002d08b1f4c88: c5f8 77e8 

  0x000002d08b1f4c8c: ; ImmutableOopMap {rbp=Oop [48]=Oop [56]=Oop [64]=Oop [72]=Oop [88]=Oop [120]=Oop [136]=Oop [144]=NarrowOop }
                      ;*arraylength {reexecute=0 rethrow=0 return_oop=0}
                      ; - java.lang.String::isEmpty@4
                      ; - java.lang.ClassLoader::checkName@5
                      ; - java.lang.ClassLoader::findLoadedClass@1
                      ; - org.eclipse.osgi.internal.loader.ModuleClassLoader::defineClass@17 (line 313)
                      ; - org.eclipse.osgi.internal.loader.classpath.ClasspathManager::defineClass@424 (line 779)
  0x000002d08b1f4c8c: 70ed 3eff 

  0x000002d08b1f4c90: ;   {other}
  0x000002d08b1f4c90: 0f1f 8400 | 0052 009c | baf6 ffff | ff48 8b6c | 2460 4c8b | 5424 704c | 8954 2430 | 4c8b 5424 
  0x000002d08b1f4cb0: 784c 8954 | 2438 4c8b | 5424 484c | 8954 2440 | 4c8b 5424 | 504c 8954 | 2448 4c89 | 4c24 504c 
  0x000002d08b1f4cd0: 8b54 2468 | 4c89 5424 | 584c 8944 | 2478 6690 

  0x000002d08b1f4ce0: ;   {runtime_call UncommonTrapBlob}
  0x000002d08b1f4ce0: c5f8 77e8 

  0x000002d08b1f4ce4: ; ImmutableOopMap {rbp=Oop [48]=Oop [56]=Oop [64]=Oop [72]=Oop [80]=Oop [88]=Oop [120]=Oop [144]=NarrowOop }
                      ;*arraylength {reexecute=0 rethrow=0 return_oop=0}
                      ; - java.lang.StringLatin1::charAt@2
                      ; - java.lang.String::charAt@12
                      ; - java.lang.ClassLoader::checkName@25
                      ; - java.lang.ClassLoader::findLoadedClass@1
                      ; - org.eclipse.osgi.internal.loader.ModuleClassLoader::defineClass@17 (line 313)
                      ; - org.eclipse.osgi.internal.loader.classpath.ClasspathManager::defineClass@424 (line 779)
  0x000002d08b1f4ce4: 18ed 3eff 

  0x000002d08b1f4ce8: ;   {other}
  0x000002d08b1f4ce8: 0f1f 8400 | 5852 009d | baf6 ffff | ff4c 8b94 | 2488 0000 | 004c 8954 | 2420 4c8b | 5424 484c 
  0x000002d08b1f4d08: 8954 2440 | 4c89 6c24 | 4866 6690 

  0x000002d08b1f4d14: ;   {runtime_call UncommonTrapBlob}
  0x000002d08b1f4d14: c5f8 77e8 

  0x000002d08b1f4d18: ; ImmutableOopMap {[32]=Oop [64]=Oop [72]=Oop [96]=Oop [104]=Oop [112]=Oop [120]=Oop }
                      ;*invokeinterface remove {reexecute=0 rethrow=0 return_oop=0}
                      ; - org.eclipse.osgi.internal.loader.classpath.ClasspathManager::defineClass@455 (line 781)
  0x000002d08b1f4d18: e4ec 3eff 

  0x000002d08b1f4d1c: ;   {other}
  0x000002d08b1f4d1c: 0f1f 8400 | 8c52 009e | baf6 ffff | ff4c 896c | 2440 4889 | 7c24 4890 

  0x000002d08b1f4d34: ;   {runtime_call UncommonTrapBlob}
  0x000002d08b1f4d34: c5f8 77e8 

  0x000002d08b1f4d38: ; ImmutableOopMap {[64]=Oop [72]=Oop [96]=Oop [104]=Oop [112]=Oop [120]=Oop [136]=Oop }
                      ;*invokeinterface iterator {reexecute=0 rethrow=0 return_oop=0}
                      ; - java.util.Collections$UnmodifiableCollection$1::<init>@17
                      ; - java.util.Collections$UnmodifiableCollection::iterator@5
                      ; - org.eclipse.osgi.internal.loader.classpath.ClasspathManager::defineClass@576 (line 788)
  0x000002d08b1f4d38: c4ec 3eff 

  0x000002d08b1f4d3c: ;   {other}
  0x000002d08b1f4d3c: 0f1f 8400 | ac52 009f | baf6 ffff | ff66 6690 

  0x000002d08b1f4d4c: ;   {runtime_call UncommonTrapBlob}
  0x000002d08b1f4d4c: c5f8 77e8 

  0x000002d08b1f4d50: ; ImmutableOopMap {[96]=Oop [104]=Oop [112]=Oop [120]=Oop [128]=Oop [136]=Oop }
                      ;*arraylength {reexecute=0 rethrow=0 return_oop=0}
                      ; - java.lang.ThreadLocal$ThreadLocalMap::getEntry@8
                      ; - java.lang.ThreadLocal::get@12
                      ; - java.lang.ThreadLocal::get@4
                      ; - org.eclipse.osgi.internal.loader.classpath.ClasspathManager::defineClass@16 (line 734)
  0x000002d08b1f4d50: acec 3eff 

  0x000002d08b1f4d54: ;   {other}
  0x000002d08b1f4d54: 0f1f 8400 | c452 00a0 | baf6 ffff | ff48 8b6c | 2460 4c8b | 9424 8800 | 0000 4c89 | 5424 2048 
  0x000002d08b1f4d74: ff74 2468 | 488f 4424 | 284c 8b54 | 2440 4c89 | 5424 304c | 8b54 2448 | 4c89 5424 | 404c 8b54 
  0x000002d08b1f4d94: 2450 4c89 | 5424 484c | 8b94 2498 | 0000 004c | 8954 2470 

  0x000002d08b1f4da8: ;   {runtime_call UncommonTrapBlob}
  0x000002d08b1f4da8: c5f8 77e8 

  0x000002d08b1f4dac: ; ImmutableOopMap {rbp=Oop [32]=Oop [40]=Oop [48]=Oop [64]=Oop [72]=Oop [112]=Oop [120]=Oop [144]=NarrowOop [152]=Oop }
                      ;*arraylength {reexecute=0 rethrow=0 return_oop=0}
                      ; - org.eclipse.osgi.internal.loader.ModuleClassLoader::defineClass@32 (line 315)
                      ; - org.eclipse.osgi.internal.loader.classpath.ClasspathManager::defineClass@424 (line 779)
  0x000002d08b1f4dac: 50ec 3eff 

  0x000002d08b1f4db0: ;   {other}
  0x000002d08b1f4db0: 0f1f 8400 | 2053 00a1 | baf6 ffff | ff48 8b6c | 2460 4c8b | 8424 8800 | 0000 4c89 | 4424 204c 
  0x000002d08b1f4dd0: 894c 2430 | 4c8b 4424 | 484c 8944 | 2440 4c8b | 4424 504c | 8944 2448 | 48ff 7424 | 6848 8f44 
  0x000002d08b1f4df0: 2458 4c8b | 9c24 9800 | 0000 4489 | 5424 6c4c | 895c 2470 

  0x000002d08b1f4e04: ;   {runtime_call UncommonTrapBlob}
  0x000002d08b1f4e04: c5f8 77e8 

  0x000002d08b1f4e08: ; ImmutableOopMap {rbp=Oop [32]=Oop [48]=Oop [64]=Oop [72]=Oop [88]=Oop [112]=Oop [120]=Oop [144]=NarrowOop [152]=Oop }
                      ;*invokevirtual getDomain {reexecute=0 rethrow=0 return_oop=0}
                      ; - org.eclipse.osgi.internal.loader.ModuleClassLoader::defineClass@34 (line 315)
                      ; - org.eclipse.osgi.internal.loader.classpath.ClasspathManager::defineClass@424 (line 779)
  0x000002d08b1f4e08: f4eb 3eff 

  0x000002d08b1f4e0c: ;   {other}
  0x000002d08b1f4e0c: 0f1f 8400 | 7c53 00a2 | baf6 ffff | ff4c 8b54 | 2448 4c89 | 5424 404c | 8b54 2450 | 4c89 5424 
  0x000002d08b1f4e2c: 484c 8b94 | 2498 0000 | 004c 8954 | 2458 6690 

  0x000002d08b1f4e3c: ;   {runtime_call UncommonTrapBlob}
  0x000002d08b1f4e3c: c5f8 77e8 

  0x000002d08b1f4e40: ; ImmutableOopMap {[64]=Oop [72]=Oop [88]=Oop [96]=Oop [104]=Oop [112]=Oop [120]=Oop [136]=Oop [152]=Oop }
                      ;*invokevirtual getCodeSource {reexecute=0 rethrow=0 return_oop=0}
                      ; - java.lang.ClassLoader::defineClassSourceLocation@1
                      ; - java.lang.ClassLoader::defineClass@12
                      ; - org.eclipse.osgi.internal.loader.ModuleClassLoader::defineClass@37 (line 315)
                      ; - org.eclipse.osgi.internal.loader.classpath.ClasspathManager::defineClass@424 (line 779)
  0x000002d08b1f4e40: bceb 3eff 

  0x000002d08b1f4e44: ;   {other}
  0x000002d08b1f4e44: 0f1f 8400 | b453 00a3 | baf6 ffff | ff48 8974 | 2440 4889 | 5c24 4890 

  0x000002d08b1f4e5c: ;   {runtime_call UncommonTrapBlob}
  0x000002d08b1f4e5c: c5f8 77e8 

  0x000002d08b1f4e60: ; ImmutableOopMap {[64]=Oop [72]=Oop [96]=Oop [104]=Oop [112]=Oop [120]=Oop [136]=Oop }
                      ;*invokevirtual keySet {reexecute=0 rethrow=0 return_oop=0}
                      ; - java.util.HashSet::iterator@4
                      ; - java.util.Collections$UnmodifiableCollection$1::<init>@17
                      ; - java.util.Collections$UnmodifiableCollection::iterator@5
                      ; - org.eclipse.osgi.internal.loader.classpath.ClasspathManager::defineClass@258 (line 764)
  0x000002d08b1f4e60: 9ceb 3eff 

  0x000002d08b1f4e64: ;   {other}
  0x000002d08b1f4e64: 0f1f 8400 | d453 00a4 | baf6 ffff | ff4c 896c | 2440 4889 | 7c24 4890 

  0x000002d08b1f4e7c: ;   {runtime_call UncommonTrapBlob}
  0x000002d08b1f4e7c: c5f8 77e8 

  0x000002d08b1f4e80: ; ImmutableOopMap {[64]=Oop [72]=Oop [96]=Oop [104]=Oop [112]=Oop [120]=Oop [136]=Oop }
                      ;*invokevirtual keySet {reexecute=0 rethrow=0 return_oop=0}
                      ; - java.util.HashSet::iterator@4
                      ; - java.util.Collections$UnmodifiableCollection$1::<init>@17
                      ; - java.util.Collections$UnmodifiableCollection::iterator@5
                      ; - org.eclipse.osgi.internal.loader.classpath.ClasspathManager::defineClass@576 (line 788)
  0x000002d08b1f4e80: 7ceb 3eff 

  0x000002d08b1f4e84: ;   {other}
  0x000002d08b1f4e84: 0f1f 8400 | f453 00a5 | baf6 ffff | ff48 8974 | 2440 4889 | 5c24 4890 

  0x000002d08b1f4e9c: ;   {runtime_call UncommonTrapBlob}
  0x000002d08b1f4e9c: c5f8 77e8 

  0x000002d08b1f4ea0: ; ImmutableOopMap {[64]=Oop [72]=Oop [96]=Oop [104]=Oop [112]=Oop [120]=Oop [136]=Oop }
                      ;*getfield modCount {reexecute=1 rethrow=0 return_oop=0}
                      ; - (reexecute) java.util.HashMap$HashIterator::<init>@11
                      ; - java.util.HashMap$KeyIterator::<init>@2
                      ; - java.util.HashMap$KeySet::iterator@8
                      ; - java.util.HashSet::iterator@7
                      ; - java.util.Collections$UnmodifiableCollection$1::<init>@17
                      ; - java.util.Collections$UnmodifiableCollection::iterator@5
                      ; - org.eclipse.osgi.internal.loader.classpath.ClasspathManager::defineClass@258 (line 764)
  0x000002d08b1f4ea0: 5ceb 3eff 

  0x000002d08b1f4ea4: ;   {other}
  0x000002d08b1f4ea4: 0f1f 8400 | 1454 00a6 | baf6 ffff | ff4c 896c | 2440 4889 | 7c24 4890 

  0x000002d08b1f4ebc: ;   {runtime_call UncommonTrapBlob}
  0x000002d08b1f4ebc: c5f8 77e8 

  0x000002d08b1f4ec0: ; ImmutableOopMap {[64]=Oop [72]=Oop [96]=Oop [104]=Oop [112]=Oop [120]=Oop [136]=Oop }
                      ;*getfield modCount {reexecute=1 rethrow=0 return_oop=0}
                      ; - (reexecute) java.util.HashMap$HashIterator::<init>@11
                      ; - java.util.HashMap$KeyIterator::<init>@2
                      ; - java.util.HashMap$KeySet::iterator@8
                      ; - java.util.HashSet::iterator@7
                      ; - java.util.Collections$UnmodifiableCollection$1::<init>@17
                      ; - java.util.Collections$UnmodifiableCollection::iterator@5
                      ; - org.eclipse.osgi.internal.loader.classpath.ClasspathManager::defineClass@576 (line 788)
  0x000002d08b1f4ec0: 3ceb 3eff 

  0x000002d08b1f4ec4: ;   {other}
  0x000002d08b1f4ec4: 0f1f 8400 | 3454 00a7 | baf6 ffff | ff4c 8b54 | 2460 4c89 | 5424 204c | 8b94 2498 | 0000 004c 
  0x000002d08b1f4ee4: 8954 2460 

  0x000002d08b1f4ee8: ;   {runtime_call UncommonTrapBlob}
  0x000002d08b1f4ee8: c5f8 77e8 

  0x000002d08b1f4eec: ; ImmutableOopMap {rbp=NarrowOop [32]=Oop [72]=Oop [80]=Oop [96]=Oop [104]=Oop [112]=Oop [120]=Oop [136]=Oop [152]=Oop }
                      ;*invokevirtual toExternalForm {reexecute=0 rethrow=0 return_oop=0}
                      ; - java.net.URL::toExternalForm@5
                      ; - java.net.URL::toString@1
                      ; - java.lang.ClassLoader::defineClassSourceLocation@22
                      ; - java.lang.ClassLoader::defineClass@12
                      ; - org.eclipse.osgi.internal.loader.ModuleClassLoader::defineClass@37 (line 315)
                      ; - org.eclipse.osgi.internal.loader.classpath.ClasspathManager::defineClass@424 (line 779)
  0x000002d08b1f4eec: 10eb 3eff 

  0x000002d08b1f4ef0: ;   {other}
  0x000002d08b1f4ef0: 0f1f 8400 | 6054 00a8 | baf6 ffff | ff48 8b6c | 2460 4c8b | 5424 704c | 8954 2430 | 4489 4424 
  0x000002d08b1f4f10: 6466 6690 

  0x000002d08b1f4f14: ;   {runtime_call UncommonTrapBlob}
  0x000002d08b1f4f14: c5f8 77e8 

  0x000002d08b1f4f18: ; ImmutableOopMap {rbp=Oop [48]=Oop [100]=NarrowOop [104]=Oop [120]=Oop [128]=Oop [136]=Oop [144]=Oop }
                      ;*arraylength {reexecute=0 rethrow=0 return_oop=0}
                      ; - java.lang.String::isEmpty@4
                      ; - java.lang.ClassLoader::definePackage@1
                      ; - java.lang.ClassLoader::getDefinedPackage@32
                      ; - java.lang.ClassLoader::getPackage@2
                      ; - org.eclipse.osgi.internal.loader.ModuleClassLoader::publicGetPackage@9 (line 330)
                      ; - org.eclipse.osgi.internal.loader.classpath.ClasspathManager::definePackage@26 (line 825)
                      ; - org.eclipse.osgi.internal.loader.classpath.ClasspathManager::defineClass@9 (line 733)
  0x000002d08b1f4f18: e4ea 3eff 

  0x000002d08b1f4f1c: ;   {other}
  0x000002d08b1f4f1c: 0f1f 8400 | 8c54 00a9 | ba45 ffff | ff48 8b6c | 2460 4c8b | 5424 384c | 8954 2420 | 4c8b 5424 
  0x000002d08b1f4f3c: 404c 8954 | 2430 4c8b | 5424 784c | 8954 2438 | 4c8b 5424 | 484c 8954 | 2440 4c8b | 5424 504c 
  0x000002d08b1f4f5c: 8954 2448 | 4c8b 5424 | 684c 8954 | 2458 4c8b | 9424 9800 | 0000 4c89 | 5424 6848 | 8944 2478 
  0x000002d08b1f4f7c: 898c 2484 | 0000 0090 

  0x000002d08b1f4f84: ;   {runtime_call UncommonTrapBlob}
  0x000002d08b1f4f84: c5f8 77e8 

  0x000002d08b1f4f88: ; ImmutableOopMap {rbp=Oop [32]=Oop [48]=Oop [56]=Oop [64]=Oop [72]=Oop [88]=Oop [104]=Oop [120]=Oop [132]=NarrowOop [144]=NarrowOop [152]=Oop }
                      ;*ifnull {reexecute=1 rethrow=0 return_oop=0}
                      ; - (reexecute) java.lang.ClassLoader::defineClassSourceLocation@8
                      ; - java.lang.ClassLoader::defineClass@12
                      ; - org.eclipse.osgi.internal.loader.ModuleClassLoader::defineClass@37 (line 315)
                      ; - org.eclipse.osgi.internal.loader.classpath.ClasspathManager::defineClass@424 (line 779)
  0x000002d08b1f4f88: 74ea 3eff 

  0x000002d08b1f4f8c: ;   {other}
  0x000002d08b1f4f8c: 0f1f 8400 | fc54 00aa | baf4 ffff | ff48 8b6c | 2460 4c8b | 5424 684c | 8954 2428 | 4c8b 5424 
  0x000002d08b1f4fac: 384c 8954 | 2430 6690 

  0x000002d08b1f4fb4: ;   {runtime_call UncommonTrapBlob}
  0x000002d08b1f4fb4: c5f8 77e8 

  0x000002d08b1f4fb8: ; ImmutableOopMap {rbp=Oop [40]=Oop [48]=Oop [80]=NarrowOop [84]=NarrowOop [120]=Oop [128]=Oop [136]=Oop [144]=Oop }
                      ;*checkcast {reexecute=0 rethrow=0 return_oop=0}
                      ; - java.lang.ClassLoader::definePackage@81
                      ; - java.lang.ClassLoader::getDefinedPackage@32
                      ; - java.lang.ClassLoader::getPackage@2
                      ; - org.eclipse.osgi.internal.loader.ModuleClassLoader::publicGetPackage@9 (line 330)
                      ; - org.eclipse.osgi.internal.loader.classpath.ClasspathManager::definePackage@26 (line 825)
                      ; - org.eclipse.osgi.internal.loader.classpath.ClasspathManager::defineClass@9 (line 733)
  0x000002d08b1f4fb8: 44ea 3eff 

  0x000002d08b1f4fbc: ;   {other}
  0x000002d08b1f4fbc: 0f1f 8400 | 2c55 00ab | 488b 6c24 | 68eb 0548 | 8b6c 2468 | baf4 ffff | ff4c 8b54 | 2458 4c89 
  0x000002d08b1f4fdc: 5424 4890 

  0x000002d08b1f4fe0: ;   {runtime_call UncommonTrapBlob}
  0x000002d08b1f4fe0: c5f8 77e8 

  0x000002d08b1f4fe4: ; ImmutableOopMap {rbp=Oop [72]=Oop [96]=Oop [112]=Oop [120]=Oop [136]=Oop [144]=Oop [152]=Oop }
                      ;*checkcast {reexecute=0 rethrow=0 return_oop=0}
                      ; - org.eclipse.osgi.internal.loader.classpath.ClasspathManager::defineClass@275 (line 764)
  0x000002d08b1f4fe4: 18ea 3eff 

  0x000002d08b1f4fe8: ;   {other}
  0x000002d08b1f4fe8: 0f1f 8400 | 5855 00ac | baf6 ffff | ff66 6690 

  0x000002d08b1f4ff8: ;   {runtime_call UncommonTrapBlob}
  0x000002d08b1f4ff8: c5f8 77e8 

  0x000002d08b1f4ffc: ; ImmutableOopMap {[96]=Oop [104]=Oop [112]=Oop [120]=Oop [128]=Oop [136]=Oop }
                      ;*invokevirtual getBundleInfo {reexecute=0 rethrow=0 return_oop=0}
                      ; - org.eclipse.osgi.internal.loader.classpath.ClasspathManager::definePackage@59 (line 834)
                      ; - org.eclipse.osgi.internal.loader.classpath.ClasspathManager::defineClass@9 (line 733)
  0x000002d08b1f4ffc: 00ea 3eff 

  0x000002d08b1f5000: ;   {other}
  0x000002d08b1f5000: 0f1f 8400 | 7055 00ad | baf6 ffff | ff66 6690 

  0x000002d08b1f5010: ;   {runtime_call UncommonTrapBlob}
  0x000002d08b1f5010: c5f8 77e8 

  0x000002d08b1f5014: ; ImmutableOopMap {[96]=Oop [104]=Oop [112]=Oop [120]=Oop [128]=Oop [136]=Oop }
                      ;*invokevirtual getStorage {reexecute=0 rethrow=0 return_oop=0}
                      ; - org.eclipse.osgi.internal.loader.classpath.ClasspathManager::definePackage@62 (line 834)
                      ; - org.eclipse.osgi.internal.loader.classpath.ClasspathManager::defineClass@9 (line 733)
  0x000002d08b1f5014: e8e9 3eff 

  0x000002d08b1f5018: ;   {other}
  0x000002d08b1f5018: 0f1f 8400 | 8855 00ae | baf6 ffff | ff66 6690 

  0x000002d08b1f5028: ;   {runtime_call UncommonTrapBlob}
  0x000002d08b1f5028: c5f8 77e8 

  0x000002d08b1f502c: ; ImmutableOopMap {[96]=Oop [104]=Oop [112]=Oop [120]=Oop [128]=Oop [136]=Oop }
                      ;*invokevirtual getConfiguration {reexecute=0 rethrow=0 return_oop=0}
                      ; - org.eclipse.osgi.internal.loader.classpath.ClasspathManager::definePackage@65 (line 834)
                      ; - org.eclipse.osgi.internal.loader.classpath.ClasspathManager::defineClass@9 (line 733)
  0x000002d08b1f502c: d0e9 3eff 

  0x000002d08b1f5030: ;   {other}
  0x000002d08b1f5030: 0f1f 8400 | a055 00af | baf6 ffff | ff66 6690 

  0x000002d08b1f5040: ;   {runtime_call UncommonTrapBlob}
  0x000002d08b1f5040: c5f8 77e8 

  0x000002d08b1f5044: ; ImmutableOopMap {[96]=Oop [104]=Oop [112]=Oop [120]=Oop [128]=Oop [136]=Oop }
                      ;*invokevirtual getConfiguration {reexecute=0 rethrow=0 return_oop=0}
                      ; - org.eclipse.osgi.storage.Storage::getConfiguration@4 (line 600)
                      ; - org.eclipse.osgi.internal.loader.classpath.ClasspathManager::definePackage@65 (line 834)
                      ; - org.eclipse.osgi.internal.loader.classpath.ClasspathManager::defineClass@9 (line 733)
  0x000002d08b1f5044: b8e9 3eff 

  0x000002d08b1f5048: ;   {other}
  0x000002d08b1f5048: 0f1f 8400 | b855 00b0 | baf6 ffff | ff66 6690 

  0x000002d08b1f5058: ;   {runtime_call UncommonTrapBlob}
  0x000002d08b1f5058: c5f8 77e8 

  0x000002d08b1f505c: ; ImmutableOopMap {[96]=Oop [104]=Oop [112]=Oop [120]=Oop [128]=Oop [136]=Oop }
                      ;*getfield DEFINE_PACKAGE_ATTRIBUTES {reexecute=1 rethrow=0 return_oop=0}
                      ; - (reexecute) org.eclipse.osgi.internal.loader.classpath.ClasspathManager::definePackage@68 (line 834)
                      ; - org.eclipse.osgi.internal.loader.classpath.ClasspathManager::defineClass@9 (line 733)
  0x000002d08b1f505c: a0e9 3eff 

  0x000002d08b1f5060: ;   {other}
  0x000002d08b1f5060: 0f1f 8400 | d055 00b1 | baf6 ffff | ff66 6690 

  0x000002d08b1f5070: ;   {runtime_call UncommonTrapBlob}
  0x000002d08b1f5070: c5f8 77e8 

  0x000002d08b1f5074: ; ImmutableOopMap {[96]=Oop [104]=Oop [112]=Oop [120]=Oop [128]=Oop [136]=Oop }
                      ;*invokevirtual getSpecification {reexecute=0 rethrow=0 return_oop=0}
                      ; - org.eclipse.osgi.internal.loader.classpath.ClasspathManager::definePackage@84 (line 837)
                      ; - org.eclipse.osgi.internal.loader.classpath.ClasspathManager::defineClass@9 (line 733)
  0x000002d08b1f5074: 88e9 3eff 

  0x000002d08b1f5078: ;   {other}
  0x000002d08b1f5078: 0f1f 8400 | e855 00b2 | baf6 ffff | ff66 6690 

  0x000002d08b1f5088: ;   {runtime_call UncommonTrapBlob}
  0x000002d08b1f5088: c5f8 77e8 

  0x000002d08b1f508c: ; ImmutableOopMap {[96]=Oop [104]=Oop [112]=Oop [120]=Oop [128]=Oop [136]=Oop }
                      ;*invokevirtual getTitle {reexecute=0 rethrow=0 return_oop=0}
                      ; - org.eclipse.osgi.internal.loader.classpath.ClasspathManager::definePackage@98 (line 839)
                      ; - org.eclipse.osgi.internal.loader.classpath.ClasspathManager::defineClass@9 (line 733)
  0x000002d08b1f508c: 70e9 3eff 

  0x000002d08b1f5090: ;   {other}
  0x000002d08b1f5090: 0f1f 8400 | 0056 00b3 | baf6 ffff | ff66 6690 

  0x000002d08b1f50a0: ;   {runtime_call UncommonTrapBlob}
  0x000002d08b1f50a0: c5f8 77e8 

  0x000002d08b1f50a4: ; ImmutableOopMap {[96]=Oop [104]=Oop [112]=Oop [120]=Oop [128]=Oop [136]=Oop }
                      ;*invokevirtual getTitle {reexecute=0 rethrow=0 return_oop=0}
                      ; - org.eclipse.osgi.internal.loader.classpath.ClasspathManager::definePackage@119 (line 842)
                      ; - org.eclipse.osgi.internal.loader.classpath.ClasspathManager::defineClass@9 (line 733)
  0x000002d08b1f50a4: 58e9 3eff 

  0x000002d08b1f50a8: ;   {other}
  0x000002d08b1f50a8: 0f1f 8400 | 1856 00b4 | baf6 ffff | ff48 8974 | 2440 4889 | 5c24 4890 

  0x000002d08b1f50c0: ;   {runtime_call UncommonTrapBlob}
  0x000002d08b1f50c0: c5f8 77e8 

  0x000002d08b1f50c4: ; ImmutableOopMap {[64]=Oop [72]=Oop [96]=Oop [104]=Oop [112]=Oop [120]=Oop [136]=Oop }
                      ;*getfield head {reexecute=1 rethrow=0 return_oop=0}
                      ; - (reexecute) java.util.LinkedHashMap$LinkedHashIterator::<init>@27
                      ; - java.util.LinkedHashMap$LinkedKeyIterator::<init>@3
                      ; - java.util.LinkedHashMap$LinkedKeySet::iterator@12
                      ; - java.util.HashSet::iterator@7
                      ; - java.util.Collections$UnmodifiableCollection$1::<init>@17
                      ; - java.util.Collections$UnmodifiableCollection::iterator@5
                      ; - org.eclipse.osgi.internal.loader.classpath.ClasspathManager::defineClass@258 (line 764)
  0x000002d08b1f50c4: 38e9 3eff 

  0x000002d08b1f50c8: ;   {other}
  0x000002d08b1f50c8: 0f1f 8400 | 3856 00b5 | baf6 ffff | ff4c 896c | 2440 4889 | 7c24 4890 

  0x000002d08b1f50e0: ;   {runtime_call UncommonTrapBlob}
  0x000002d08b1f50e0: c5f8 77e8 

  0x000002d08b1f50e4: ; ImmutableOopMap {[64]=Oop [72]=Oop [96]=Oop [104]=Oop [112]=Oop [120]=Oop [136]=Oop }
                      ;*getfield head {reexecute=1 rethrow=0 return_oop=0}
                      ; - (reexecute) java.util.LinkedHashMap$LinkedHashIterator::<init>@27
                      ; - java.util.LinkedHashMap$LinkedKeyIterator::<init>@3
                      ; - java.util.LinkedHashMap$LinkedKeySet::iterator@12
                      ; - java.util.HashSet::iterator@7
                      ; - java.util.Collections$UnmodifiableCollection$1::<init>@17
                      ; - java.util.Collections$UnmodifiableCollection::iterator@5
                      ; - org.eclipse.osgi.internal.loader.classpath.ClasspathManager::defineClass@576 (line 788)
  0x000002d08b1f50e4: 18e9 3eff 

  0x000002d08b1f50e8: ;   {other}
  0x000002d08b1f50e8: 0f1f 8400 | 5856 00b6 | baf4 ffff | ff66 6690 

  0x000002d08b1f50f8: ;   {runtime_call UncommonTrapBlob}
  0x000002d08b1f50f8: c5f8 77e8 

  0x000002d08b1f50fc: ; ImmutableOopMap {rbp=Oop [64]=Oop [80]=Oop [96]=Oop [112]=Oop [120]=Oop [136]=Oop }
                      ;*checkcast {reexecute=0 rethrow=0 return_oop=0}
                      ; - org.eclipse.osgi.internal.loader.classpath.ClasspathManager::defineClass@514 (line 788)
  0x000002d08b1f50fc: 00e9 3eff 

  0x000002d08b1f5100: ;   {other}
  0x000002d08b1f5100: 0f1f 8400 | 7056 00b7 | baf6 ffff | ff66 6690 

  0x000002d08b1f5110: ;   {runtime_call UncommonTrapBlob}
  0x000002d08b1f5110: c5f8 77e8 

  0x000002d08b1f5114: ; ImmutableOopMap {[80]=Oop [96]=Oop [104]=Oop [112]=Oop [120]=Oop [128]=Oop [136]=Oop }
                      ;*invokevirtual set {reexecute=0 rethrow=0 return_oop=0}
                      ; - org.eclipse.osgi.internal.loader.classpath.ClasspathManager::defineClass@44 (line 737)
  0x000002d08b1f5114: e8e8 3eff 

  0x000002d08b1f5118: ;   {other}
  0x000002d08b1f5118: 0f1f 8400 | 8856 00b8 | ba97 ffff | ff48 8b6c | 2460 4c8b | 5424 684c | 8954 2428 | 4c8b 5424 
  0x000002d08b1f5138: 704c 8954 | 2430 6690 

  0x000002d08b1f5140: ;   {runtime_call UncommonTrapBlob}
  0x000002d08b1f5140: c5f8 77e8 

  0x000002d08b1f5144: ; ImmutableOopMap {rbp=Oop [32]=Oop [40]=Oop [48]=Oop [80]=NarrowOop [88]=Oop [120]=Oop [128]=Oop }
                      ;*invokevirtual clone {reexecute=1 rethrow=0 return_oop=0}
                      ; - (reexecute) java.util.Arrays::copyOfRange@18
                      ; - java.lang.StringLatin1::newString@16
                      ; - java.lang.String::substring@41
                      ; - org.eclipse.osgi.internal.loader.classpath.ClasspathManager::definePackage@15 (line 824)
                      ; - org.eclipse.osgi.internal.loader.classpath.ClasspathManager::defineClass@9 (line 733)
  0x000002d08b1f5144: b8e8 3eff 

  0x000002d08b1f5148: ;   {other}
  0x000002d08b1f5148: 0f1f 8400 | b856 00b9 | 488b e84c | 8b54 2468 | 4c89 5424 | 50e9 e003 | 0000 4889 | ac24 8800 
  0x000002d08b1f5168: 0000 4c8b | 5424 204c | 8954 2460 | eb16 eb14 | 4889 ac24 | 8800 0000 | 4c8b 5424 | 204c 8954 
  0x000002d08b1f5188: 2460 eb00 | 488b e84c | 8b54 2468 | 4c89 5424 | 50e9 a403 | 0000 e9ca | 0000 00e9 | cf00 0000 
  0x000002d08b1f51a8: e9c0 0000 | 00e9 c500 | 0000 488b | d8e9 a002 | 0000 e992 | 0000 0048 | 8bd8 e989 | 0100 0048 
  0x000002d08b1f51c8: 8be8 4c8b | 5424 684c | 8954 2450 | e969 0300 | 0048 8bd8 | 4c8b 5424 | 204c 8994 | 2488 0000 
  0x000002d08b1f51e8: 00e9 0202 | 0000 488b | d8e9 fa01 | 0000 eb75 | eb7d 488b | e8e9 fe02 | 0000 488b | d0e9 3904 
  0x000002d08b1f5208: 0000 488b | d0e9 3104 | 0000 488b | d8e9 4002 | 0000 488b | d8e9 3802 | 0000 488b | e84c 8b54 
  0x000002d08b1f5228: 2468 4c89 | 5424 50e9 | 0e03 0000 | 488b d0e9 | 0704 0000 | 488b d0e9 | ff03 0000 

  0x000002d08b1f5244: ;   {no_reloc}
  0x000002d08b1f5244: 488b d0e9 | f703 0000 | e9da 0000 | 0048 8be8 | 4c8b 5424 | 684c 8954 | 2450 e9df | 0200 0048 
  0x000002d08b1f5264: 8bd8 e9e5 | 0000 00eb | 0048 8bd0 | e9ce 0300 | 00eb 0048 | 8be8 4c8b | 5424 684c | 8954 2450 
  0x000002d08b1f5284: 4c8b 5424 | 204c 8994 | 2488 0000 | 004c 8b54 | 2428 4c89 | 5424 60e9 | a202 0000 | 488b d8e9 
  0x000002d08b1f52a4: b201 0000 | 488b d8e9 | a000 0000 | 488b d0e9 | 8b03 0000 | 488b d8e9 | 3001 0000 | 488b d8e9 
  0x000002d08b1f52c4: 2801 0000 | 488b d8e9 | 8000 0000 | 4c8b 5424 | 68e9 2d01 | 0000 4c8b | 5424 68e9 | 3501 0000 
  0x000002d08b1f52e4: 4c8b 5424 | 68e9 3d01 | 0000 488b | d0e9 4d03 | 0000 e93d | 0100 00e9 | 4001 0000 | 488b d8eb 
  0x000002d08b1f5304: 4b48 8bd8 | eb46 488b | d8eb 4148 | 8be8 4c8b | 5424 684c | 8954 2450 | e921 0200 | 0048 8bd8 
  0x000002d08b1f5324: eb2a 488b | d8eb 2548 | 8be8 4c8b | 5424 684c | 8954 2450 | e905 0200 | 0048 8bd8 | e915 0100 
  0x000002d08b1f5344: ;   {no_reloc}
  0x000002d08b1f5344: 0048 8be8 | e9b3 0100 | 0048 8bd8 | 488d 8424 | d000 0000 | 4c8b 5c24 | 4048 8338 | 000f 8479 
  0x000002d08b1f5364: 0000 004d | 8b13 41f6 | c202 0f84 | 6200 0000 | 4983 ba86 | 0000 0000 | 7409 49ff | 8a86 0000 
  0x000002d08b1f5384: 00eb 4b49 | 8b82 9600 | 0000 490b | 828e 0000 | 0075 0a49 | c742 3e00 | 0000 00eb | 3d49 83ba 
  0x000002d08b1f53a4: 9e00 0000 | 0074 2248 | 33c0 49c7 | 423e 0000 | 0000 f083 | 0424 0049 | 83ba 9e00 | 0000 0075 
  0x000002d08b1f53c4: 0df0 4d0f | b17a 3e75 | 0583 c801 | eb0c a800 | eb08 4c8b | 10f0 4d0f | b113 750a | 49ff 8f50 
  0x000002d08b1f53e4: 0500 0045 | 33d2 0f85 | b802 0000 | 488b eb4c | 8b54 2468 | 4c89 5424 | 50e9 4001 | 0000 4c8b 
  0x000002d08b1f5404: 5424 6848 | 8be8 4c89 | 5424 50e9 | 2e01 0000 | 4c8b 5424 | 6848 8be8 | 4c89 5424 | 50e9 1c01 
  0x000002d08b1f5424: 0000 4c8b | 5424 6848 | 8be8 4c89 | 5424 50e9 | 0a01 0000 | 488b d0e9 | 0302 0000 | 488b d0e9 
  0x000002d08b1f5444: ;   {no_reloc}
  0x000002d08b1f5444: fb01 0000 | 488b d8eb | 0d48 8bd8 | eb08 488b | d8eb 0348 | 8bd8 4c8b | 9c24 9800 | 0000 488d 
  0x000002d08b1f5464: 8424 d000 | 0000 4883 | 3800 0f84 | 7900 0000 | 4d8b 1341 | f6c2 020f | 8462 0000 | 0049 83ba 
  0x000002d08b1f5484: 8600 0000 | 0074 0949 | ff8a 8600 | 0000 eb4b | 498b 8296 | 0000 0049 | 0b82 8e00 | 0000 750a 
  0x000002d08b1f54a4: 49c7 423e | 0000 0000 | eb3d 4983 | ba9e 0000 | 0000 7422 | 4833 c049 | c742 3e00 | 0000 00f0 
  0x000002d08b1f54c4: 8304 2400 | 4983 ba9e | 0000 0000 | 750d f04d | 0fb1 7a3e | 7505 83c8 | 01eb 0ca8 | 00eb 084c 
  0x000002d08b1f54e4: 8b10 f04d | 0fb1 1375 | 0a49 ff8f | 5005 0000 | 4533 d20f | 857b 0100 | 0048 8beb | 4c8b 5424 
  0x000002d08b1f5504: 5045 8b52 | 1049 8bd2 | 4c8b 5424 | 484c 8954 | 2420 4c8b | 8424 8800 | 0000 c5f8 | 7748 b8ff 
  0x000002d08b1f5524: ffff ffff 

  0x000002d08b1f5528: ;   {virtual_call}
  0x000002d08b1f5528: ffff ffe8 

  0x000002d08b1f552c: ; ImmutableOopMap {rbp=Oop [32]=Oop [96]=Oop [104]=Oop [112]=Oop [120]=Oop [128]=Oop [136]=Oop }
                      ;*invokeinterface remove {reexecute=0 rethrow=0 return_oop=0}
                      ; - org.eclipse.osgi.internal.loader.classpath.ClasspathManager::defineClass@440 (line 781)
  0x000002d08b1f552c: 5095 3eff 

  0x000002d08b1f5530: ;   {other}
  0x000002d08b1f5530: 0f1f 8400 | a05a 00ba | 4c8b 5424 | 684c 8954 | 2450 488b | 9424 8000 | 0000 c5f8 | 7748 b8ff 
  0x000002d08b1f5550: ffff ffff 

  0x000002d08b1f5554: ;   {virtual_call}
  0x000002d08b1f5554: ffff ffe8 

  0x000002d08b1f5558: ; ImmutableOopMap {rbp=Oop [80]=Oop [96]=Oop [112]=Oop [120]=Oop [136]=Oop }
                      ;*invokeinterface iterator {reexecute=0 rethrow=0 return_oop=1}
                      ; - org.eclipse.osgi.internal.loader.classpath.ClasspathManager::defineClass@497 (line 788)
  0x000002d08b1f5558: 2495 3eff 

  0x000002d08b1f555c: ;   {other}
  0x000002d08b1f555c: 0f1f 8400 | cc5a 00bb | 4889 4424 | 4048 8bd0 | 6690 c5f8 | 7748 b8ff | ffff ffff 

  0x000002d08b1f5578: ;   {virtual_call}
  0x000002d08b1f5578: ffff ffe8 

  0x000002d08b1f557c: ; ImmutableOopMap {rbp=Oop [64]=Oop [80]=Oop [96]=Oop [112]=Oop [120]=Oop [136]=Oop }
                      ;*invokeinterface hasNext {reexecute=0 rethrow=0 return_oop=0}
                      ; - org.eclipse.osgi.internal.loader.classpath.ClasspathManager::defineClass@534 (line 788)
  0x000002d08b1f557c: 0095 3eff 

  0x000002d08b1f5580: ;   {other}
  0x000002d08b1f5580: 0f1f 8400 | f05a 00bc | 85c0 0f84 | b000 0000 | 488b 5424 | 4090 c5f8 | 7748 b8ff | ffff ffff 
  0x000002d08b1f55a0: ;   {virtual_call}
  0x000002d08b1f55a0: ffff ffe8 

  0x000002d08b1f55a4: ; ImmutableOopMap {rbp=Oop [64]=Oop [80]=Oop [96]=Oop [112]=Oop [120]=Oop [136]=Oop }
                      ;*invokeinterface next {reexecute=0 rethrow=0 return_oop=1}
                      ; - org.eclipse.osgi.internal.loader.classpath.ClasspathManager::defineClass@509 (line 788)
  0x000002d08b1f55a4: d894 3eff 

  0x000002d08b1f55a8: ;   {other}
  0x000002d08b1f55a8: 0f1f 8400 | 185b 00bd 

  0x000002d08b1f55b0: ; implicit exception: dispatches to 0x000002d08b1f50f0
  0x000002d08b1f55b0: 448b 5808 | 49ba 0000 | 0097 d002 | 0000 4d03 | d34d 8b52 

  0x000002d08b1f55c4: ;   {metadata('org/eclipse/osgi/internal/hookregistry/ClassLoaderHook')}
  0x000002d08b1f55c4: 3849 bb78 | eb08 98d0 | 0200 004d | 3bd3 0f85 | 7b00 0000 | 488b d04c | 8b84 2488 | 0000 0045 
  0x000002d08b1f55e4: 33c9 488b | 7c24 5048 | 8b74 2470 | 488b 4c24 | 784c 8b54 | 2460 4c89 | 1424 c5f8 | 7748 b8ff 
  0x000002d08b1f5604: ffff ffff 

  0x000002d08b1f5608: ;   {virtual_call}
  0x000002d08b1f5608: ffff ffe8 

  0x000002d08b1f560c: ; ImmutableOopMap {rbp=Oop [64]=Oop [80]=Oop [96]=Oop [112]=Oop [120]=Oop [136]=Oop }
                      ;*invokevirtual recordClassDefine {reexecute=0 rethrow=0 return_oop=0}
                      ; - org.eclipse.osgi.internal.loader.classpath.ClasspathManager::defineClass@529 (line 789)
  0x000002d08b1f560c: 7094 3eff 

  0x000002d08b1f5610: ;   {other}
  0x000002d08b1f5610: 0f1f 8400 | 805b 00be | 488b 5424 | 4090 c5f8 | 7748 b8ff | ffff ffff 

  0x000002d08b1f5628: ;   {virtual_call}
  0x000002d08b1f5628: ffff ffe8 

  0x000002d08b1f562c: ; ImmutableOopMap {rbp=Oop [64]=Oop [80]=Oop [96]=Oop [112]=Oop [120]=Oop [136]=Oop }
                      ;*invokeinterface hasNext {reexecute=0 rethrow=0 return_oop=0}
                      ; - org.eclipse.osgi.internal.loader.classpath.ClasspathManager::defineClass@534 (line 788)
  0x000002d08b1f562c: 5094 3eff 

  0x000002d08b1f5630: ;   {other}
  0x000002d08b1f5630: 0f1f 8400 | a05b 00bf | 85c0 0f85 | 50ff ffff | 488b d5c5 | f877 4881 | c4e0 0000 

  0x000002d08b1f564c: ;   {runtime_call _rethrow_Java}
  0x000002d08b1f564c: 005d e9ad | 494a ffba | deff ffff | 4c8b 5424 | 504c 8954 | 2448 4889 | 4424 5090 

  0x000002d08b1f5668: ;   {runtime_call UncommonTrapBlob}
  0x000002d08b1f5668: c5f8 77e8 

  0x000002d08b1f566c: ; ImmutableOopMap {rbp=Oop [64]=Oop [72]=Oop [80]=Oop [96]=Oop [112]=Oop [120]=Oop [136]=Oop }
                      ;*checkcast {reexecute=0 rethrow=0 return_oop=0}
                      ; - org.eclipse.osgi.internal.loader.classpath.ClasspathManager::defineClass@514 (line 788)
  0x000002d08b1f566c: 90e3 3eff 

  0x000002d08b1f5670: ;   {other}
  0x000002d08b1f5670: 0f1f 8400 | e05b 00c0 | 488b 8c24 | 9800 0000 | 488d 9424 | d000 0000 | 4d8b c7c5 | f877 49ba 
  0x000002d08b1f5690: b0cf a019 | f87f 0000 

  0x000002d08b1f5698: ;   {other}
  0x000002d08b1f5698: 41ff d20f | 1f84 0000 | 0000 00e9 | 55fe ffff | 488b 4c24 | 4048 8d94 | 24d0 0000 | 004d 8bc7 
  0x000002d08b1f56b8: c5f8 7749 | bab0 cfa0 | 19f8 7f00 | 0041 ffd2 

  0x000002d08b1f56c8: ;   {other}
  0x000002d08b1f56c8: 0f1f 8400 | 0000 0000 | e91b fdff 

  0x000002d08b1f56d4: ;   {internal_word}
  0x000002d08b1f56d4: ff49 ba35 | 1d1f 8bd0 | 0200 004d | 8997 6804 

  0x000002d08b1f56e4: ;   {runtime_call SafepointBlob}
  0x000002d08b1f56e4: 0000 e915 

  0x000002d08b1f56e8: ;   {runtime_call StubRoutines (final stubs)}
  0x000002d08b1f56e8: f43e ffe8 | f032 3dff | e989 aaff | fff4 f4f4 
[Stub Code]
  0x000002d08b1f56f8: ;   {no_reloc}
  0x000002d08b1f56f8: 48bb 0000 | 0000 0000 

  0x000002d08b1f5700: ;   {runtime_call nmethod}
  0x000002d08b1f5700: 0000 e9fb 

  0x000002d08b1f5704: ;   {static_stub}
  0x000002d08b1f5704: ffff ff48 | bb00 0000 | 0000 0000 

  0x000002d08b1f5710: ;   {runtime_call nmethod}
  0x000002d08b1f5710: 00e9 fbff 

  0x000002d08b1f5714: ;   {static_stub}
  0x000002d08b1f5714: ffff 48bb | 0000 0000 | 0000 0000 

  0x000002d08b1f5720: ;   {runtime_call nmethod}
  0x000002d08b1f5720: e9fb ffff 

  0x000002d08b1f5724: ;   {static_stub}
  0x000002d08b1f5724: ff48 bb00 | 0000 0000 

  0x000002d08b1f572c: ;   {runtime_call nmethod}
  0x000002d08b1f572c: 0000 00e9 | fbff ffff 

  0x000002d08b1f5734: ;   {static_stub}
  0x000002d08b1f5734: 48bb 0000 | 0000 0000 

  0x000002d08b1f573c: ;   {runtime_call nmethod}
  0x000002d08b1f573c: 0000 e9fb 

  0x000002d08b1f5740: ;   {static_stub}
  0x000002d08b1f5740: ffff ff48 | bb00 0000 | 0000 0000 

  0x000002d08b1f574c: ;   {runtime_call nmethod}
  0x000002d08b1f574c: 00e9 fbff 

  0x000002d08b1f5750: ;   {static_stub}
  0x000002d08b1f5750: ffff 48bb | 0000 0000 | 0000 0000 

  0x000002d08b1f575c: ;   {runtime_call nmethod}
  0x000002d08b1f575c: e9fb ffff 

  0x000002d08b1f5760: ;   {static_stub}
  0x000002d08b1f5760: ff48 bb00 | 0000 0000 

  0x000002d08b1f5768: ;   {runtime_call nmethod}
  0x000002d08b1f5768: 0000 00e9 | fbff ffff 

  0x000002d08b1f5770: ;   {static_stub}
  0x000002d08b1f5770: 48bb 0000 | 0000 0000 

  0x000002d08b1f5778: ;   {runtime_call nmethod}
  0x000002d08b1f5778: 0000 e9fb 

  0x000002d08b1f577c: ;   {static_stub}
  0x000002d08b1f577c: ffff ff48 | bb00 0000 | 0000 0000 

  0x000002d08b1f5788: ;   {runtime_call nmethod}
  0x000002d08b1f5788: 00e9 fbff 

  0x000002d08b1f578c: ;   {static_stub}
  0x000002d08b1f578c: ffff 48bb | 0000 0000 | 0000 0000 

  0x000002d08b1f5798: ;   {runtime_call nmethod}
  0x000002d08b1f5798: e9fb ffff 

  0x000002d08b1f579c: ;   {static_stub}
  0x000002d08b1f579c: ff48 bb00 | 0000 0000 

  0x000002d08b1f57a4: ;   {runtime_call nmethod}
  0x000002d08b1f57a4: 0000 00e9 | fbff ffff 

  0x000002d08b1f57ac: ;   {static_stub}
  0x000002d08b1f57ac: 48bb 0000 | 0000 0000 

  0x000002d08b1f57b4: ;   {runtime_call nmethod}
  0x000002d08b1f57b4: 0000 e9fb 

  0x000002d08b1f57b8: ;   {static_stub}
  0x000002d08b1f57b8: ffff ff48 | bb00 0000 | 0000 0000 

  0x000002d08b1f57c4: ;   {runtime_call nmethod}
  0x000002d08b1f57c4: 00e9 fbff 

  0x000002d08b1f57c8: ;   {static_stub}
  0x000002d08b1f57c8: ffff 48bb | 0000 0000 | 0000 0000 

  0x000002d08b1f57d4: ;   {runtime_call nmethod}
  0x000002d08b1f57d4: e9fb ffff 

  0x000002d08b1f57d8: ;   {static_stub}
  0x000002d08b1f57d8: ff48 bb00 | 0000 0000 

  0x000002d08b1f57e0: ;   {runtime_call nmethod}
  0x000002d08b1f57e0: 0000 00e9 | fbff ffff 

  0x000002d08b1f57e8: ;   {static_stub}
  0x000002d08b1f57e8: 48bb 0000 | 0000 0000 

  0x000002d08b1f57f0: ;   {runtime_call nmethod}
  0x000002d08b1f57f0: 0000 e9fb 

  0x000002d08b1f57f4: ;   {static_stub}
  0x000002d08b1f57f4: ffff ff48 | bb00 0000 | 0000 0000 

  0x000002d08b1f5800: ;   {runtime_call nmethod}
  0x000002d08b1f5800: 00e9 fbff 

  0x000002d08b1f5804: ;   {static_stub}
  0x000002d08b1f5804: ffff 48bb | 0000 0000 | 0000 0000 

  0x000002d08b1f5810: ;   {runtime_call nmethod}
  0x000002d08b1f5810: e9fb ffff 

  0x000002d08b1f5814: ;   {static_stub}
  0x000002d08b1f5814: ff48 bb00 | 0000 0000 

  0x000002d08b1f581c: ;   {runtime_call nmethod}
  0x000002d08b1f581c: 0000 00e9 | fbff ffff 

  0x000002d08b1f5824: ;   {static_stub}
  0x000002d08b1f5824: 48bb 0000 | 0000 0000 

  0x000002d08b1f582c: ;   {runtime_call nmethod}
  0x000002d08b1f582c: 0000 e9fb 

  0x000002d08b1f5830: ;   {static_stub}
  0x000002d08b1f5830: ffff ff48 | bb00 0000 | 0000 0000 

  0x000002d08b1f583c: ;   {runtime_call nmethod}
  0x000002d08b1f583c: 00e9 fbff 

  0x000002d08b1f5840: ;   {runtime_call ExceptionBlob}
  0x000002d08b1f5840: ffff e939 | f849 ffe8 | 0000 0000 | 4883 2c24 

  0x000002d08b1f5850: ;   {runtime_call DeoptimizationBlob}
  0x000002d08b1f5850: 05e9 4ae5 | 3eff f4f4 
[/MachCode]


Compiled method (c2) 74983 4895   !   4       org.eclipse.osgi.internal.loader.classpath.ClasspathManager::findClassImpl (328 bytes)
 total in heap  [0x000002d08af81190,0x000002d08af8fc88] = 60152
 relocation     [0x000002d08af812f0,0x000002d08af81b10] = 2080
 main code      [0x000002d08af81b20,0x000002d08af89f50] = 33840
 stub code      [0x000002d08af89f50,0x000002d08af8a190] = 576
 oops           [0x000002d08af8a190,0x000002d08af8a1d0] = 64
 metadata       [0x000002d08af8a1d0,0x000002d08af8a8b0] = 1760
 scopes data    [0x000002d08af8a8b0,0x000002d08af8de08] = 13656
 scopes pcs     [0x000002d08af8de08,0x000002d08af8f058] = 4688
 dependencies   [0x000002d08af8f058,0x000002d08af8f250] = 504
 handler table  [0x000002d08af8f250,0x000002d08af8fa00] = 1968
 nul chk table  [0x000002d08af8fa00,0x000002d08af8fc88] = 648

[Constant Pool (empty)]

[MachCode]
[Entry Point]
  # {method} {0x000002d0db692dd0} 'findClassImpl' '(Ljava/lang/String;Lorg/eclipse/osgi/internal/loader/classpath/ClasspathEntry;Ljava/util/List;)Ljava/lang/Class;' in 'org/eclipse/osgi/internal/loader/classpath/ClasspathManager'
  # this:     rdx:rdx   = 'org/eclipse/osgi/internal/loader/classpath/ClasspathManager'
  # parm0:    r8:r8     = 'java/lang/String'
  # parm1:    r9:r9     = 'org/eclipse/osgi/internal/loader/classpath/ClasspathEntry'
  # parm2:    rdi:rdi   = 'java/util/List'
  #           [sp+0x120]  (sp of caller)
  0x000002d08af81b20: 448b 5208 | 49bb 0000 | 0097 d002 | 0000 4d03 | d349 3bc2 

  0x000002d08af81b34: ;   {runtime_call ic_miss_stub}
  0x000002d08af81b34: 0f85 46c9 | 65ff 6690 | 0f1f 4000 
[Verified Entry Point]
  0x000002d08af81b40: 8984 2400 | 80ff ff55 | 4881 ec10 | 0100 0090 | 4181 7f20 | 0400 0000 | 0f85 e483 | 0000 4889 
  0x000002d08af81b60: 7c24 404c | 894c 2438 | 4c89 4424 | 3048 8954 | 2448 448b | 5a18 4585 | db0f 847a | 3c00 0049 
  0x000002d08af81b80: 8bd3 4d8b | 9788 0300 | 004d 8b12 | 4c89 9424 | 8000 0000 

  0x000002d08af81b94: ;   {optimized virtual_call}
  0x000002d08af81b94: c5f8 77e8 

  0x000002d08af81b98: ; ImmutableOopMap {[48]=Oop [56]=Oop [64]=Oop [72]=Oop [128]=Oop }
                      ;*invokevirtual loaderWithClass {reexecute=0 rethrow=0 return_oop=1}
                      ; - org.eclipse.osgi.internal.loader.classpath.ClasspathManager::findClassImpl@5 (line 667)
  0x000002d08af81b98: 04d1 d9ff 

  0x000002d08af81b9c: ;   {other}
  0x000002d08af81b9c: 0f1f 8400 | 0c0a 0000 | 4885 c00f | 8527 3e00 | 004c 8b54 | 2430 450f | be5a 1045 | 85db 0f85 
  0x000002d08af81bbc: f33d 0000 | 458b 5a14 

  0x000002d08af81bc4: ; implicit exception: dispatches to 0x000002d08af87e8c
  0x000002d08af81bc4: 458b 430c | 4585 c00f | 8687 0000 | 0041 8d48 | ff41 3bc8 | 0f83 3a3c | 0000 450f | be53 1041 
  0x000002d08af81be4: 8d58 fd41 | 83fa 2e0f | 84c8 2400 | 0083 fb01 | 0f8e 7e3c | 0000 41b9 | 0100 0000 | 4963 f945 
  0x000002d08af81c04: 0fbe 543b | 1041 83fa | 2e74 6345 | 0fbe 543b | 1141 83fa | 2e74 4e45 | 0fbe 543b | 1241 83fa 
  0x000002d08af81c24: 2e74 4745 | 0fbe 543b | 1341 83fa | 2e74 3241 | 83c1 0444 | 3bcb 7cc4 | 453b c87d | 1766 6690 
  0x000002d08af81c44: 470f be54 | 0b10 4183 | fa2e 7422 | 41ff c145 | 3bc8 7cec | 498b fb4c | 8b5c 2430 | e942 0200 
  0x000002d08af81c64: 0041 83c1 | 0241 ffc1 | eb04 4183 | c102 453b | c87d e141 | 81f8 0000 | 1000 0f87 | cd32 0000 
  0x000002d08af81c84: 498b 97c8 | 0100 0049 | 8bbf b801 | 0000 4d63 | d049 83c2 

  0x000002d08af81c98: ;   {no_reloc}
  0x000002d08af81c98: 1749 83e2 | f848 8bf7 | 4903 f248 | 3bf2 0f83 | a532 0000 | 4989 b7b8 | 0100 000f | 1886 0001 
  0x000002d08af81cb8: 0000 48c7 | 0701 0000 | 000f 1886 | 4001 0000 

  0x000002d08af81cc8: ;   {metadata({type array byte})}
  0x000002d08af81cc8: c747 0818 | 2300 0044 | 8947 0c0f | 1886 8001 | 0000 4585 | c90f 8e92 | 0000 0041 | 8d51 ff41 
  0x000002d08af81ce8: 3bd0 0f83 | 943c 0000 | 4585 c00f | 868b 3c00 | 004d 63d1 | ba04 0000 | 0041 83f9 | 044c 0f4f 
  0x000002d08af81d08: d241 8bd2 | 33c0 4863 | f045 0fbe | 5433 1044 | 8854 3710 | 8d70 013b | f27d 048b | c6eb e745 
  0x000002d08af81d28: 8d51 fd41 | 3bf2 0f8d | 783c 0000 | ffc0 6666 | 0f1f 8400 | 0000 0000 | 4863 d0c4 | c179 6e44 
  0x000002d08af81d48: 1310 c5f9 | 7e44 1710 | 83c0 0441 | 3bc2 7ce8 | 413b c17d | 1866 6690 | 4863 d045 | 0fbe 5413 
  0x000002d08af81d68: 1044 8854 | 1710 ffc0 | 413b c17c | eb45 3bc8 | 0f8d de00 | 0000 453b | c80f 8355 | 3b00 0041 
  0x000002d08af81d88: 3bc8 0f83 | 4c3b 0000 | 418d 5101 | 4963 c945 | 0fbe 540b | 1041 83fa | 2e0f 8443 | 2000 0044 
  0x000002d08af81da8: 8854 0f10 | 418d 4901 | 3bca 7d05 | 448b c9eb | db3b cb7d | 7741 ffc1 | eb3c 41ba 

  0x000002d08af81dc4: ;   {no_reloc}
  0x000002d08af81dc4: 2f00 0000 | 0f1f 8400 | 0000 0000 | 4488 5417 | 1141 0fbe | 4c13 1283 | f92e 744d | 884c 1712 
  0x000002d08af81de4: 450f be54 | 1313 4183 | fa2e 7435 | 4488 5417 | 1341 83c1 | 0444 3bcb | 7d39 4963 | d141 0fbe 
  0x000002d08af81e04: 4c13 1083 | f92e 7412 | 884c 1710 | 450f be54 | 1311 4183 | fa2e 75b4 | eba4 b92f | 0000 00eb 
  0x000002d08af81e24: e741 ba2f | 0000 00eb | c3b9 2f00 | 0000 ebac | 448b c945 | 3bc8 7d20 | 4963 c945 | 0fbe 540b 
  0x000002d08af81e44: 1041 83fa | 2e0f 845f | 2200 0044 | 8854 0f10 | 41ff c145 | 3bc8 7ce0 | 4d8b 97c8 | 0100 004d 
  0x000002d08af81e64: 8b9f b801 | 0000 4d8b | c349 83c0 | 184d 3bc2 | 0f83 5531 | 0000 4d89 | 87b8 0100 | 0041 0f18 
  0x000002d08af81e84: 8000 0100 | 0049 c703 | 0100 0000 

  0x000002d08af81e90: ;   {metadata('java/lang/String')}
  0x000002d08af81e90: 41c7 4308 | 78e8 0000 | 4589 630c | 4d89 6310 | 4c8b c745 | 8943 1444 | 8b57 0c45 | 85d2 7772 
  0x000002d08af81eb0: 498b 87b8 | 0100 004d | 8b97 c801 | 0000 4c8b | d849 83c3 | 184d 3bda | 0f83 7735 | 0000 4d89 
  0x000002d08af81ed0: 9fb8 0100 | 0041 0f18 | 8300 0100 | 0048 c700 | 0100 0000 

  0x000002d08af81ee4: ;   {metadata('java/lang/String')}
  0x000002d08af81ee4: c740 0878 | e800 0044 | 8960 0c44 

  0x000002d08af81ef0: ;   {oop([B{0x00000000808a4018})}
  0x000002d08af81ef0: 8960 10c7 | 4014 1840 

  0x000002d08af81ef8: ;   {oop(".class"{0x0000000080003f08})}
  0x000002d08af81ef8: 8a80 49ba | 083f 0080 | 0000 0000 | 458b 420c | 4489 400c | 450f b652 | 1144 8850 | 1148 8984 
  0x000002d08af81f18: 2488 0000 | 00e9 8d01 | 0000 410f | be4b 10c4 | 4272 f7c2 | 4963 d883 | f901 0f84 | 543b 0000 
  0x000002d08af81f38: 4585 c00f | 8cd3 3a00 | 0048 8d73 | 068b ee85 | ed0f 8c05 | 3b00 004c | 8bce 49c1 | f920 458b 
  0x000002d08af81f58: c9c4 6231 | f7cd 4585 | c90f 8c6d | 3b00 0041 | 81f9 0000 | 1000 0f87 | 9039 0000 | 4963 d141 
  0x000002d08af81f78: 81f9 0000 | 1000 0f87 | 7c30 0000 | 488b c749 | 8baf b801 | 0000 498b | bfc8 0100 | 0048 83c2 
  0x000002d08af81f98: 1748 83e2 | f84c 8bed | 4c03 ea4c | 3bef 0f83 | 5130 0000 | 4d89 afb8 | 0100 0041 | 0f18 8500 
  0x000002d08af81fb8: 0100 0048 | c745 0001 | 0000 0041 | 0f18 8540 

  0x000002d08af81fc8: ;   {metadata({type array byte})}
  0x000002d08af81fc8: 0100 00c7 | 4508 1823 | 0000 4489 | 4d0c 410f | 1885 8001 | 0000 418d | 7806 443b | cf0f 8221 
  0x000002d08af81fe8: 3900 004d | 63d8 4585 | c00f 8fca | 1d00 0042 | c644 1d10 | 2e42 c644 | 1d11 6342 | c644 1d12 
  0x000002d08af82008: 6c42 c644 | 1d13 6142 | c644 1d14 | 7342 c644 | 1d15 7348 | 8bd5 4883 | c210 4c8b | d849 83c3 
  0x000002d08af82028: 1085 c90f | 8584 3000 | 0045 3bca | 0f82 1e39 | 0000 4585 | d276 1e4d | 63c2 498b | cbc5 f877 
  0x000002d08af82048: 49ba c06d | 5c8a d002 | 0000 41ff 

  0x000002d08af82054: ;   {other}
  0x000002d08af82054: d20f 1f84 | 0000 0000 | 0049 8b87 | b801 0000 | 4d8b 97c8 | 0100 004c | 8bd8 4983 | c318 4d3b 
  0x000002d08af82074: da0f 8319 | 3000 004d | 899f b801 | 0000 410f | 1883 0001 | 0000 48c7 | 0001 0000 

  0x000002d08af82090: ;   {metadata('java/lang/String')}
  0x000002d08af82090: 00c7 4008 | 78e8 0000 | 4489 600c | 4c89 6010 | 4c8b dd44 | 8958 1448 | 8984 2488 | 0000 004c 
  0x000002d08af820b0: 8b44 2438 

  0x000002d08af820b4: ; implicit exception: dispatches to 0x000002d08af87eac
  0x000002d08af820b4: 458b 501c 

  0x000002d08af820b8: ; implicit exception: dispatches to 0x000002d08af87ecc
  0x000002d08af820b8: 458b 4a08 

  0x000002d08af820bc: ;   {metadata('java/util/Collections$EmptyList')}
  0x000002d08af820bc: 4181 f9a8 | 561d 000f | 852c 1d00 

  0x000002d08af820c8: ;   {oop(a 'java/util/Collections$EmptyIterator'{0x00000000801dfc40})}
  0x000002d08af820c8: 0049 b940 | fc1d 8000 | 0000 0045 

  0x000002d08af820d4: ;   {metadata('java/util/Collections$EmptyIterator')}
  0x000002d08af820d4: 8b51 0841 | 81fa 90e1 | 1c00 0f84 | 0c01 0000 

  0x000002d08af820e4: ;   {metadata('java/util/Collections$UnmodifiableCollection$1')}
  0x000002d08af820e4: 4181 fad8 | 731d 000f | 8519 4800 | 0049 8be9 | 448b 5d0c 

  0x000002d08af820f8: ; implicit exception: dispatches to 0x000002d08af88ae0
  0x000002d08af820f8: 458b 5308 

  0x000002d08af820fc: ;   {metadata('java/util/HashMap$KeyIterator')}
  0x000002d08af820fc: 498b d341 | 81fa 3053 | 1a00 0f85 | 3324 0000 | 8b4a 1445 | 33d2 85c9 | 410f 95c2 | 4585 d20f 
  0x000002d08af8211c: 84cf 0000 | 0041 8b49 

  0x000002d08af82124: ;   {metadata('java/util/Collections$UnmodifiableCollection$1')}
  0x000002d08af82124: 0881 f9d8 | 731d 000f | 852f 5200 | 004c 8944 | 2478 458b | 590c 4c89 | 4c24 2049 | 8bd3 4c8b 
  0x000002d08af82144: 5424 784c | 8954 2438 | 6690 c5f8 | 7748 b818 | 2c18 97d0 

  0x000002d08af82158: ;   {virtual_call}
  0x000002d08af82158: 0200 00e8 

  0x000002d08af8215c: ; ImmutableOopMap {[32]=Oop [48]=Oop [56]=Oop [64]=Oop [72]=Oop [120]=Oop [128]=Oop [136]=Oop }
                      ;*invokeinterface next {reexecute=0 rethrow=0 return_oop=1}
                      ; - java.util.Collections$UnmodifiableCollection$1::next@4
                      ; - org.eclipse.osgi.internal.loader.classpath.ClasspathEntry::findEntry@14 (line 203)
                      ; - org.eclipse.osgi.internal.loader.classpath.ClasspathManager::findClassImpl@95 (line 675)
  0x000002d08af8215c: c02f d9ff 

  0x000002d08af82160: ;   {other}
  0x000002d08af82160: 0f1f 8400 | d00f 0001 | 4c8b d044 

  0x000002d08af8216c: ;   {metadata('org/eclipse/osgi/storage/bundlefile/NestedDirBundleFile')}
  0x000002d08af8216c: 8b58 0841 | 81fb 88f4 | 0901 0f85 | ec5b 0000 | 4c89 5424 | 2849 8bd2 | 4c8b 8424 | 8800 0000 
  0x000002d08af8218c: 4c8b 5424 | 784c 8954 | 2450 6690 

  0x000002d08af82198: ;   {optimized virtual_call}
  0x000002d08af82198: c5f8 77e8 

  0x000002d08af8219c: ; ImmutableOopMap {[32]=Oop [40]=Oop [48]=Oop [64]=Oop [72]=Oop [80]=Oop [120]=Oop [128]=Oop [136]=Oop }
                      ;*invokespecial filterPath {reexecute=0 rethrow=0 return_oop=0}
                      ; - org.eclipse.osgi.storage.bundlefile.NestedDirBundleFile::getEntry@2 (line 93)
                      ; - org.eclipse.osgi.internal.loader.classpath.ClasspathEntry::findEntry@25 (line 204)
                      ; - org.eclipse.osgi.internal.loader.classpath.ClasspathManager::findClassImpl@95 (line 675)
  0x000002d08af8219c: e054 0300 

  0x000002d08af821a0: ;   {other}
  0x000002d08af821a0: 0f1f 8400 | 1010 0002 | 85c0 0f84 | 9a00 0000 | 4c8b 4c24 | 2045 8b59 | 0c45 8b53 | 0849 8bd3 
  0x000002d08af821c0: ;   {metadata('java/util/HashMap$KeyIterator')}
  0x000002d08af821c0: 4181 fa30 | 531a 000f | 854f 2600 | 0044 8b5a | 1433 c045 | 85db 0f95 | c04d 8b9f 

  0x000002d08af821dc: ; ImmutableOopMap {r9=Oop [48]=Oop [64]=Oop [72]=Oop [120]=Oop [128]=Oop [136]=Oop }
                      ;*ifne {reexecute=1 rethrow=0 return_oop=0}
                      ; - (reexecute) org.eclipse.osgi.internal.loader.classpath.ClasspathEntry::findEntry@44 (line 203)
                      ; - org.eclipse.osgi.internal.loader.classpath.ClasspathManager::findClassImpl@95 (line 675)
  0x000002d08af821dc: 5804 0000 

  0x000002d08af821e0: ;   {poll}
  0x000002d08af821e0: 4185 0385 | c00f 854b | ffff ff4c | 8b44 2478 | 418b 680c 

  0x000002d08af821f4: ; implicit exception: dispatches to 0x000002d08af87ef0
  0x000002d08af821f4: 448b 5508 

  0x000002d08af821f8: ;   {metadata('org/eclipse/osgi/storage/bundlefile/ZipBundleFile')}
  0x000002d08af821f8: 4181 fa70 | a509 010f | 853b 3600 | 004c 8944 | 2478 488b | d54c 8b84 | 2488 0000 | 0066 6690 
  0x000002d08af82218: ;   {optimized virtual_call}
  0x000002d08af82218: c5f8 77e8 

  0x000002d08af8221c: ; ImmutableOopMap {[48]=Oop [64]=Oop [72]=Oop [120]=Oop [128]=Oop [136]=Oop }
                      ;*invokevirtual getEntry {reexecute=0 rethrow=0 return_oop=1}
                      ; - org.eclipse.osgi.internal.loader.classpath.ClasspathEntry::findEntry@52 (line 209)
                      ; - org.eclipse.osgi.internal.loader.classpath.ClasspathManager::findClassImpl@95 (line 675)
  0x000002d08af8221c: e0ce f1ff 

  0x000002d08af82220: ;   {other}
  0x000002d08af82220: 0f1f 8400 | 9010 0004 | 4885 c075 | 7833 c0e9 | 741b 0000 | 660f 1f44 | 0000 660f | 1f44 0000 
  0x000002d08af82240: 448b 5424 | 20e9 aa14 | 0000 4c8b | 5424 2841 | 8b6a 1449 | 8bd2 4c8b | 8424 8800 | 0000 6690 
  0x000002d08af82260: ;   {optimized virtual_call}
  0x000002d08af82260: c5f8 77e8 

  0x000002d08af82264: ; ImmutableOopMap {rbp=NarrowOop [32]=Oop [48]=Oop [64]=Oop [72]=Oop [80]=Oop [120]=Oop [128]=Oop [136]=Oop }
                      ;*invokespecial prependNestedDir {reexecute=0 rethrow=0 return_oop=1}
                      ; - org.eclipse.osgi.storage.bundlefile.NestedDirBundleFile::getEntry@16 (line 96)
                      ; - org.eclipse.osgi.internal.loader.classpath.ClasspathEntry::findEntry@25 (line 204)
                      ; - org.eclipse.osgi.internal.loader.classpath.ClasspathManager::findClassImpl@95 (line 675)
  0x000002d08af82264: 984a 0300 

  0x000002d08af82268: ;   {other}
  0x000002d08af82268: 0f1f 8400 | d810 0005 | 488b d54c | 8bc0 4c8b | 5424 504c | 8954 2438 | 6690 c5f8 | 7748 b870 
  0x000002d08af82288: a509 98d0 

  0x000002d08af8228c: ;   {virtual_call}
  0x000002d08af8228c: 0200 00e8 

  0x000002d08af82290: ; ImmutableOopMap {[32]=Oop [48]=Oop [56]=Oop [64]=Oop [72]=Oop [120]=Oop [128]=Oop [136]=Oop }
                      ;*invokevirtual getEntry {reexecute=0 rethrow=0 return_oop=1}
                      ; - org.eclipse.osgi.storage.bundlefile.NestedDirBundleFile::getEntry@19 (line 96)
                      ; - org.eclipse.osgi.internal.loader.classpath.ClasspathEntry::findEntry@25 (line 204)
                      ; - org.eclipse.osgi.internal.loader.classpath.ClasspathManager::findClassImpl@95 (line 675)
  0x000002d08af82290: 4cce f1ff 

  0x000002d08af82294: ;   {other}
  0x000002d08af82294: 0f1f 8400 | 0411 0006 | 4885 c00f | 840b ffff | ff48 8984 | 2490 0000 | 0044 8b58 

  0x000002d08af822b0: ;   {metadata('org/eclipse/osgi/storage/bundlefile/ZipBundleEntry')}
  0x000002d08af822b0: 0841 81fb | e831 0b01 | 0f85 da3b | 0000 4c8b | d04c 8994 | 2498 0000 | 0045 8b72 | 1045 8b42 
  0x000002d08af822d0: 0c45 8b5e | 1c41 8b6b | 0c44 8b55 

  0x000002d08af822dc: ;   {metadata('java/util/concurrent/locks/ReentrantLock$NonfairSync')}
  0x000002d08af822dc: 0841 81fa | 48b9 1a00 | 0f85 e63b | 0000 4d8b | d64c 8954 | 2450 4c8b | 9424 8000 | 0000 498b 
  0x000002d08af822fc: d24c 8bcd | 33c0 41ba | 0100 0000 | f045 0fb1 | 5110 410f | 94c3 450f | b6db 4585 | db0f 84c4 
  0x000002d08af8231c: 1f00 0041 | 8951 0c4d | 8bd1 49c1 | ea09 49bb | 0000 b1fc | d002 0000 | 4788 2413 | 450f b65e 
  0x000002d08af8233c: 1845 8b56 | 2445 85db | 0f85 3520 | 0000 418b | 6a0c 83fd | 0a0f 8c6d | 4b00 0049 | 8bfa 488d 
  0x000002d08af8235c: 9c24 f000 | 0000 488b | 07a8 020f | 8523 0000 | 0048 83c8 | 0148 8903 | f048 0fb1 | 1f0f 8437 
  0x000002d08af8237c: 0000 0048 | 2bc4 4825 | 07f0 ffff | 4889 03e9 | 2400 0000 | 4c8b d848 | 33c0 f04d | 0fb1 7b3e 
  0x000002d08af8239c: 48c7 0303 | 0000 0074 | 114c 3bf8 | 7515 49ff | 8386 0000 | 0048 33c0 | 7509 49ff | 8750 0500 
  0x000002d08af823bc: 0033 c00f | 853f 4400 | 0045 8b5e | 0c45 85db | 7c60 418b | 6a0c 443b | dd0f 8d29 | 4b00 0041 
  0x000002d08af823dc: ;   {no_reloc}
  0x000002d08af823dc: 8b6a 208b | 4d0c 443b | d90f 836d | 4300 0042 | 8b6c 9d10 | 413b ee0f | 8583 4a00 | 0049 8b4a 
  0x000002d08af823fc: 1049 b9ff | ffff ffff | ffff 7f49 | 3bc9 0f84 | 3c4b 0000 | 458b 4a24 | 4883 c101 | 4989 4a10 
  0x000002d08af8241c: ; implicit exception: dispatches to 0x000002d08af88a98
  0x000002d08af8241c: 418b 590c | 443b db0f | 838b 4300 | 004b 894c | d910 488d | 8424 f000 | 0000 4883 | 3800 0f84 
  0x000002d08af8243c: 7900 0000 | 4c8b 1741 | f6c2 020f | 8462 0000 | 0049 83ba | 8600 0000 | 0074 0949 | ff8a 8600 
  0x000002d08af8245c: 0000 eb4b | 498b 8296 | 0000 0049 | 0b82 8e00 | 0000 750a | 49c7 423e | 0000 0000 | eb3d 4983 
  0x000002d08af8247c: ba9e 0000 | 0000 7422 | 4833 c049 | c742 3e00 | 0000 00f0 | 8304 2400 | 4983 ba9e | 0000 0000 
  0x000002d08af8249c: 750d f04d | 0fb1 7a3e | 7505 83c8 | 01eb 0ca8 | 00eb 084c | 8b10 f04c | 0fb1 1775 | 0a49 ff8f 
  0x000002d08af824bc: 5005 0000 | 4533 d20f | 85d2 4300 | 0041 8b6e | 3044 8b55 

  0x000002d08af824d0: ;   {metadata('java/util/zip/ZipFile')}
  0x000002d08af824d0: 0841 81fa | 2818 1900 | 0f85 323a | 0000 4c8b | d545 85c0 | 0f84 3236 | 0000 458b | 4a18 458b 
  0x000002d08af824f0: 5918 458b | 490c 488d | 9c24 f000 | 0000 498b | 02a8 020f | 8523 0000 | 0048 83c8 | 0148 8903 
  0x000002d08af82510: f049 0fb1 | 1a0f 8437 | 0000 0048 | 2bc4 4825 | 07f0 ffff | 4889 03e9 | 2400 0000 | 488b c848 
  0x000002d08af82530: 33c0 f04c | 0fb1 793e | 48c7 0303 | 0000 0074 | 114c 3bf8 | 7515 48ff | 8186 0000 | 0048 33c0 
  0x000002d08af82550: 7509 49ff | 8750 0500 | 0033 c00f | 85ef 3900 | 0041 0fb6 | 6a10 85ed | 0f85 0645 | 0000 418b 
  0x000002d08af82570: 4a18 8b69 | 1885 ed0f | 8453 4500 | 0045 8b68 | 3c41 8b4a | 1c41 3bcd | 0f84 7301 | 0000 85c9 
  0x000002d08af82590: 0f84 0201 | 0000 413b | cd0f 8462 | 0100 0045 | 85ed 0f84 | f000 0000 | 410f be5d | 100f be69 
  0x000002d08af825b0: 103b eb0f | 8545 4d00 | 0041 8b5d | 1444 8b41 | 148b 730c | 418b 480c | 3bce 0f85 | c800 0000 
  0x000002d08af825d0: ;   {no_reloc}
  0x000002d08af825d0: 488b fb48 | 8d73 1049 | 8bd8 498d | 7810 85c9 | 0f84 9d00 | 0000 8bc1 | 83e0 1f83 | e1e0 0f84 
  0x000002d08af825f0: 4b00 0000 | 488d 3c0f | 488d 340e | 48f7 d9c5 | fe6f 0c0f | c5fe 6f04 | 0ec5 f5ef | c8c4 e27d 
  0x000002d08af82610: 17c9 0f85 | 7200 0000 | 4883 c120 | 75e1 85c0 | 0f84 5d00 | 0000 c5fe | 6f4c 07e0 | c5fe 6f44 
  0x000002d08af82630: 06e0 c5f5 | efc8 c4e2 | 7d17 c975 | 4deb 448b | c883 e1fc | 7419 488d | 3c0f 488d | 340e 48f7 
  0x000002d08af82650: d98b 1c0f | 3b1c 0e75 | 3148 83c1 | 0475 f2a8 | 0274 120f | b71f 0fb7 | 0e3b d975 | 1d48 8d7f 
  0x000002d08af82670: 0248 8d76 | 02a8 0174 | 0a0f b61f | 0fb6 0e3b | d975 07b8 | 0100 0000 | eb02 33c0 | c5f5 efc9 
  0x000002d08af82690: c5fd efc0 | 85c0 7569 | 4585 db0f | 8433 4a00 | 0044 894c | 243c 4c89 | 5424 2889 | 5424 2444 
  0x000002d08af826b0: 8974 2420 | 488b ac24 | 8000 0000 | 4d8b c549 | 8bd3 4489 | 5c24 3845 | 33c9 6690 

  0x000002d08af826cc: ;   {optimized virtual_call}
  0x000002d08af826cc: c5f8 77e8 

  0x000002d08af826d0: ; ImmutableOopMap {rbp=Oop [32]=NarrowOop [36]=NarrowOop [40]=Oop [48]=Oop [56]=NarrowOop [60]=NarrowOop [64]=Oop [72]=Oop [80]=Oop [120]=Oop [136]=Oop [144]=Oop [152]=Oop }
                      ;*invokevirtual getEntryPos {reexecute=0 rethrow=0 return_oop=0}
                      ; - java.util.zip.ZipFile::getInputStream@63
                      ; - org.eclipse.osgi.storage.bundlefile.ZipBundleFile::doGetInputStream@5 (line 101)
                      ; - org.eclipse.osgi.storage.bundlefile.ZipBundleFile::doGetInputStream@5 (line 1)
                      ; - org.eclipse.osgi.storage.bundlefile.CloseableBundleFile::getInputStream@20 (line 487)
                      ; - org.eclipse.osgi.storage.bundlefile.ZipBundleEntry::getInputStream@8 (line 58)
                      ; - org.eclipse.osgi.storage.bundlefile.BundleEntry::getBytes@1 (line 97)
                      ; - org.eclipse.osgi.internal.loader.classpath.ClasspathManager::findClassImpl@109 (line 681)
  0x000002d08af826d0: acc0 65ff 

  0x000002d08af826d4: ;   {other}
  0x000002d08af826d4: 0f1f 8400 | 4415 0007 | 4889 ac24 | 8000 0000 | 448b 7424 | 208b 5424 | 244c 8b54 | 2428 448b 
  0x000002d08af826f4: 5c24 3844 | 8b4c 243c | 448b c0eb | 0445 8b42 | 0c41 83f8 | ff0f 841d | 4400 0049 | 8bbf b801 
  0x000002d08af82714: 0000 498b | 8fc8 0100 | 0048 8bdf | 4883 c338 | 483b d90f | 834c 2b00 | 0049 899f | b801 0000 
  0x000002d08af82734: 0f18 8300 | 0100 0048 | c707 0100 

  0x000002d08af82740: ;   {metadata('java/util/zip/ZipFile$ZipFileInputStream')}
  0x000002d08af82740: 0000 c747 | 08b0 9831 | 0044 8967 | 0c4c 8967 | 104c 8967 | 184c 8967 | 204c 8967 | 284c 8967 
  0x000002d08af82760: 3041 8b73 | 3848 8bcf | 418d 5814 | 48c1 e909 | 48b8 0000 | b1fc d002 | 0000 4488 | 2408 498b 
  0x000002d08af82780: ea89 6f30 

  0x000002d08af82784: ; implicit exception: dispatches to 0x000002d08af880f0
  0x000002d08af82784: 8b4e 0c3b | d90f 83cd | 3300 0089 | 6c24 60c5 | f96e ce48 | 897c 2458 | 4489 4424 | 3c44 894c 
  0x000002d08af827a4: 2438 c4c1 | 796e c34d | 8bea 8954 | 2424 4489 | 7424 2049 | 63f8 440f | b654 3e24 | 4489 5424 
  0x000002d08af827c4: 2845 8d58 | 2d44 3bd9 | 0f83 3634 | 0000 0fb6 | 543e 2b0f | b66c 3e2a | 440f b644 | 3e29 0fb6 
  0x000002d08af827e4: 5c3e 3a0f | b64c 3e28 | 0fb6 743e | 3bc4 c179 | 7eca 410f | b644 3a3c | 450f b654 | 3a27 c4c1 
  0x000002d08af82804: 797e cb45 | 0fb6 4c3b | 3d45 0fb6 | 743b 2645 | 0fb6 5c3b | 25c1 e208 | 0bea 41c1 | e308 440b 
  0x000002d08af82824: 5c24 28c1 | e510 41c1 | e108 410b | c141 c1e2 | 0845 0bf2 | c1e0 1041 | c1e6 1045 

  0x000002d08af82840: ;   {no_reloc}
  0x000002d08af82840: 0bde c1e6 | 080b de0b | d845 8bd3 | 4c8b 5c24 | 584d 8953 | 2044 8bcb | 4d89 4b10 | 41c1 e008 
  0x000002d08af82860: 410b c80b | cd44 8bd9 | 4c8b 4424 | 584d 8958 | 2841 b8ff | ffff ff4d | 3bd0 0f84 | ec42 0000 
  0x000002d08af82880: 4d3b d80f | 8463 4300 | 004d 3bc8 | 0f84 da43 | 0000 458b | 5518 458b | 5a18 4d8b | 5310 4c89 
  0x000002d08af828a0: 6c24 284d | 03d1 448b | 4424 3c41 | 83c0 0a49 | f7da 4c8b | 5c24 584d | 8953 10c4 | c179 7ec2 
  0x000002d08af828c0: 458b 5a38 

  0x000002d08af828c4: ; implicit exception: dispatches to 0x000002d08af881e4
  0x000002d08af828c4: 418b 4b0c | 443b c10f | 83af 3300 | 0045 0fb6 | 4c3b 1a44 | 8b54 243c | 4183 c21b | 443b d10f 
  0x000002d08af828e4: 83eb 3300 | 0041 0fb6 | 6c3b 1bc1 | e508 410b | e983 fd08 | 0f85 1537 | 0000 450f | b654 3b2b 
  0x000002d08af82904: 450f b64c | 3b28 450f | b644 3b2a | 410f b64c | 3b29 41c1 | e208 450b | c2c1 e108 | 440b c941 
  0x000002d08af82924: c1e0 1045 | 0bc8 4983 | c102 4981 | f900 0001 | 000f 8f31 | 1e00 004d | 8b97 c801 

  0x000002d08af82940: ;   {no_reloc}
  0x000002d08af82940: 0000 498b | 87b8 0100 | 004c 8bd8 | 4983 c330 | 4d3b da0f | 838c 2900 | 004d 899f | b801 0000 
  0x000002d08af82960: 410f 1883 | 0001 0000 | 48c7 0001 

  0x000002d08af8296c: ;   {metadata('java/util/zip/ZipFile$ZipFileInflaterInputStream')}
  0x000002d08af8296c: 0000 00c7 | 4008 d0a3 | 3100 4489 | 600c 4c89 | 6010 4c89 | 6018 4c89 | 6020 4c89 | 6028 4c8b 
  0x000002d08af8298c: 4424 2845 | 8b50 1845 | 8b5a 1045 | 8bc9 4585 | db0f 8485 | 3300 0044 | 894c 2470 | 4889 4424 
  0x000002d08af829ac: 684d 8bc3 | 4c89 8424 | a000 0000 | 4489 5c24 | 644d 8bda | 4c89 9c24 | a800 0000 | 4489 5424 
  0x000002d08af829cc: 3c48 8d9c | 24f8 0000 | 0049 8b00 | a802 0f85 | 2300 0000 | 4883 c801 | 4889 03f0 | 490f b118 
  0x000002d08af829ec: 0f84 3700 | 0000 482b | c448 2507 | f0ff ff48 | 8903 e924 | 0000 004c | 8bd0 4833 | c0f0 4d0f 
  0x000002d08af82a0c: b17a 3e48 | c703 0300 | 0000 7411 | 4c3b f875 | 1549 ff82 | 8600 0000 | 4833 c075 | 0949 ff87 
  0x000002d08af82a2c: 5005 0000 | 33c0 0f85 | 0c36 0000 | 448b 5c24 | 3c41 8b6b | 1044 8b55 

  0x000002d08af82a44: ;   {metadata('java/util/ArrayDeque')}
  0x000002d08af82a44: 0841 81fa | 30cc 2000 | 0f85 1336 | 0000 488b | cd44 8b49 | 1444 8b41 | 0c45 8b59 | 0c45 3bc3 
  0x000002d08af82a64: 0f83 3233 | 0000 438b | 6c81 1085 | ed0f 844a | 1600 0045 | 8d50 0145 | 3bd3 0f8d | 5f1a 0000 
  0x000002d08af82a84: 4489 510c | 4789 6481 | 1044 8b5d 

  0x000002d08af82a90: ;   {metadata('java/util/zip/Inflater')}
  0x000002d08af82a90: 0841 81fb | 1881 3500 | 0f85 7253 | 0000 4c8b | 9c24 a000 | 0000 488d | 8424 f800 | 0000 4883 
  0x000002d08af82ab0: 3800 0f84 | 7900 0000 | 4d8b 1341 | f6c2 020f | 8462 0000 | 0049 83ba | 8600 0000 | 0074 0949 
  0x000002d08af82ad0: ff8a 8600 | 0000 eb4b | 498b 8296 | 0000 0049 | 0b82 8e00 | 0000 750a | 49c7 423e | 0000 0000 
  0x000002d08af82af0: eb3d 4983 | ba9e 0000 | 0000 7422 | 4833 c049 | c742 3e00 | 0000 00f0 | 8304 2400 | 4983 ba9e 
  0x000002d08af82b10: 0000 0000 | 750d f04d | 0fb1 7a3e | 7505 83c8 | 01eb 0ca8 | 00eb 084c | 8b10 f04d | 0fb1 1375 
  0x000002d08af82b30: 0a49 ff8f | 5005 0000 | 4533 d20f | 859e 3d00 | 004c 8bd5 | 4c89 9424 | d000 0000 | 4c8b 5424 
  0x000002d08af82b50: 6844 8b5c | 2460 4589 | 5a2c 4c8b | 5424 584d | 8bda 4c8b | 5424 6849 | c1ea 0949 | b800 00b1 
  0x000002d08af82b70: fcd0 0200 | 0047 8824 | 104c 8b54 | 2468 4589 | 5a0c 49c1 | ea09 49bb | 0000 b1fc | d002 0000 
  0x000002d08af82b90: ;   {no_reloc}
  0x000002d08af82b90: 4788 2413 | f083 4424 | c000 4c8b | 5424 6845 | 8862 1445 | 8862 1645 | 8862 1549 | 8b87 b801 
  0x000002d08af82bb0: 0000 4d8b | 97c8 0100 | 004c 8bd8 | 4983 c318 | 4d3b da0f | 8343 2700 | 004d 899f | b801 0000 
  0x000002d08af82bd0: 410f 1883 | 0001 0000 | 48c7 0001 | 0000 0041 | 0f18 8340 

  0x000002d08af82be4: ;   {metadata({type array byte})}
  0x000002d08af82be4: 0100 00c7 | 4008 1823 | 0000 410f | 1883 8001 | 0000 c740 | 0c01 0000 | 004c 8960 | 104c 8b4c 
  0x000002d08af82c04: 2468 4d8b | d14c 8bd8 | 4589 5920 | 49c1 ea09 | 49bb 0000 | b1fc d002 | 0000 4788 | 2413 448b 
  0x000002d08af82c24: 5424 7045 | 85d2 0f8e | bc40 0000 | 4181 fa00 | 0010 000f | 87db 3100 | 0049 63ca | 4c89 4c24 
  0x000002d08af82c44: 584d 8bd9 | 4c8b 8424 | d000 0000 | 498b e841 | 8969 1849 | c1eb 0949 | b800 00b1 | fcd0 0200 
  0x000002d08af82c64: 0047 8824 | 1841 81fa | 0000 1000 | 0f87 0927 | 0000 498b | 9fb8 0100 | 004d 8b9f | c801 0000 
  0x000002d08af82c84: 4883 c117 | 4c8b c149 | 83e0 f84c | 8bcb 4d03 | c84d 3bcb | 0f83 e126 | 0000 4d89 | 8fb8 0100 
  0x000002d08af82ca4: 0048 8bfb | 4883 c710 | 48c7 0301 | 0000 0041 | 0f18 8100 

  0x000002d08af82cb8: ;   {metadata({type array byte})}
  0x000002d08af82cb8: 0100 00c7 | 4308 1823 | 0000 4489 | 530c 410f | 1881 4001 | 0000 410f | 1881 8001 | 0000 48c1 
  0x000002d08af82cd8: e903 4883 | c1fe 4833 | c048 83f9 | 087f 1048 | ffc9 784f | 4889 04cf | 48ff c97d | f7eb 44c5 
  0x000002d08af82cf8: fdef c0e9 | 0d00 0000 | c5fe 7f07 | c5fe 7f47 | 2048 83c7 | 4048 83e9 | 087d ed48 | 83c1 047c 
  0x000002d08af82d18: 0cc5 fe7f | 0748 83c7 | 2048 83e9 | 0448 83c1 | 047e 1048 | ffc9 c5f9 | d607 4883 | c708 48ff 
  0x000002d08af82d38: c97d f34c | 8b54 2458 | 4588 6224 | 4c8b db45 | 895a 1c49 | c1ea 0949 | bb00 00b1 | fcd0 0200 
  0x000002d08af82d58: 0047 8824 | 134d 8b8f | b801 0000 | 4d8b 97c8 | 0100 004d | 8bd9 4983 | c318 4d3b | da0f 83b6 
  0x000002d08af82d78: 2500 004d | 899f b801 | 0000 410f | 1883 0001 | 0000 49c7 | 0101 0000 

  0x000002d08af82d90: ;   {metadata('java/util/zip/ZipFile$InflaterCleanupAction')}
  0x000002d08af82d90: 0041 c741 | 08a8 cf31 | 0045 8961 | 0c4d 8961 | 1041 8969 | 0c44 8b5c | 243c 4589 | 5910 4d8b 
  0x000002d08af82db0: 87b8 0100 | 004d 8b97 | c801 0000 | 4d8b d849 | 83c3 304d | 3bda 0f83 | 8825 0000 | 4d89 9fb8 
  0x000002d08af82dd0: 0100 0041 | 0f18 8300 | 0100 0049 | c700 0100 

  0x000002d08af82de0: ;   {metadata('jdk/internal/ref/CleanerImpl$PhantomCleanableRef')}
  0x000002d08af82de0: 0000 41c7 | 4008 d841 | 2500 4589 | 600c 4d89 | 6010 4d89 | 6018 4d89 | 6020 4d89 

  0x000002d08af82dfc: ;   {oop(a 'java/lang/Class'{0x00000000800004b0} = 'jdk/internal/ref/CleanerImpl')}
  0x000002d08af82dfc: 6028 48b9 | b004 0080 | 0000 0000 | 8b69 7044 

  0x000002d08af82e0c: ;   {metadata('java/lang/ref/Cleaner$1')}
  0x000002d08af82e0c: 8b55 0841 | 81fa 6847 | 2500 0f85 | ac32 0000 

  0x000002d08af82e1c: ;   {oop(a 'java/lang/ref/Cleaner'{0x00000000800058e0})}
  0x000002d08af82e1c: 49ba e058 | 0080 0000 | 0000 458b | 520c 458b | 5a10 4585 

  0x000002d08af82e30: ;   {oop(a 'java/lang/ref/ReferenceQueue$Null'{0x00000000800011d0})}
  0x000002d08af82e30: db75 0c49 | bbd0 1100 | 8000 0000 | 00eb 004c | 894c 2460 | 4d8b d044 | 8954 243c | 4c8b 5424 
  0x000002d08af82e50: 584d 8bca | 4589 480c | 4489 4c24 | 684d 8bd0 | 4d8b c34d | 8bda 49c1 | eb09 49b9 | 0000 b1fc 
  0x000002d08af82e70: d002 0000 | 4788 2419 | 4589 4210 | 4d8b da49 | c1eb 0949 | b800 00b1 | fcd0 0200 | 0047 8824 
  0x000002d08af82e90: 18f0 8344 | 24c0 0044 | 8b44 243c | 4589 421c | 4589 4220 | 8b69 704d | 8bda 49c1 | eb09 49b8 
  0x000002d08af82eb0: 0000 b1fc | d002 0000 | 4788 2418 

  0x000002d08af82ebc: ; implicit exception: dispatches to 0x000002d08af88378
  0x000002d08af82ebc: 448b 4508 

  0x000002d08af82ec0: ;   {metadata('java/lang/ref/Cleaner$1')}
  0x000002d08af82ec0: 4181 f868 | 4725 000f | 856f 3200 

  0x000002d08af82ecc: ;   {oop(a 'java/lang/ref/Cleaner'{0x00000000800058e0})}
  0x000002d08af82ecc: 0049 bbe0 | 5800 8000 | 0000 0045 | 8b43 0c41 | 8b68 0c4d | 8bc2 4189 | 6824 4d8b | d049 c1ea 
  0x000002d08af82eec: 0949 bb00 | 00b1 fcd0 | 0200 0047 | 8824 1385 | ed0f 841d | 2f00 004c | 8bcd 488d | 9c24 f800 
  0x000002d08af82f0c: 0000 498b | 01a8 020f | 8523 0000 | 0048 83c8 | 0148 8903 | f049 0fb1 | 190f 8437 | 0000 0048 
  0x000002d08af82f2c: 2bc4 4825 | 07f0 ffff | 4889 03e9 | 2400 0000 | 4c8b d048 | 33c0 f04d | 0fb1 7a3e | 48c7 0303 
  0x000002d08af82f4c: 0000 0074 | 114c 3bf8 | 7515 49ff | 8286 0000 | 0048 33c0 | 7509 49ff | 8750 0500 | 0033 c00f 
  0x000002d08af82f6c: 8537 3200 | 0041 8968 | 1c44 8b5d | 2045 8958 | 204d 8bd0 | 49c1 ea09 | 48b9 0000 | b1fc d002 
  0x000002d08af82f8c: 0000 4688 | 2411 448b | 5424 3c45 | 8953 1c44 | 8955 2049 | c1eb 0946 | 8824 194d | 8bd9 49c1 
  0x000002d08af82fac: eb09 4688 | 2419 488d | 8424 f800 | 0000 4883 | 3800 0f84 | 7900 0000 | 4d8b 1941 | f6c3 020f 
  0x000002d08af82fcc: ;   {no_reloc}
  0x000002d08af82fcc: 8462 0000 | 0049 83bb | 8600 0000 | 0074 0949 | ff8b 8600 | 0000 eb4b | 498b 8396 | 0000 0049 
  0x000002d08af82fec: 0b83 8e00 | 0000 750a | 49c7 433e | 0000 0000 | eb3d 4983 | bb9e 0000 | 0000 7422 | 4833 c049 
  0x000002d08af8300c: c743 3e00 | 0000 00f0 | 8304 2400 | 4983 bb9e | 0000 0000 | 750d f04d | 0fb1 7b3e | 7505 83c8 
  0x000002d08af8302c: 01eb 0ca8 | 00eb 084c | 8b18 f04d | 0fb1 1975 | 0a49 ff8f | 5005 0000 | 4533 db0f | 8595 3100 
  0x000002d08af8304c: 004c 8b5c | 2460 4589 | 5828 4d8b | d849 c1eb | 0949 b800 | 00b1 fcd0 | 0200 0047 | 8824 184c 
  0x000002d08af8306c: 8b4c 2458 | 4589 5128 | 4d8b d149 | c1ea 0949 | bb00 00b1 | fcd0 0200 | 0047 8824 | 1344 8b54 
  0x000002d08af8308c: 2438 418b | 6a08 4d8b | c248 8d9c | 24f8 0000 | 0049 8b00 | a802 0f85 | 2300 0000 | 4883 c801 
  0x000002d08af830ac: 4889 03f0 | 490f b118 | 0f84 3700 | 0000 482b | c448 2507 | f0ff ff48 | 8903 e924 

  0x000002d08af830c8: ;   {no_reloc}
  0x000002d08af830c8: 0000 004c | 8bd8 4833 | c0f0 4d0f | b17b 3e48 | c703 0300 | 0000 7411 | 4c3b f875 | 1549 ff83 
  0x000002d08af830e8: 8600 0000 | 4833 c075 | 0949 ff87 | 5005 0000 | 33c0 0f85 | 4c31 0000 

  0x000002d08af83100: ;   {metadata('java/util/Collections$SetFromMap')}
  0x000002d08af83100: 81fd 2822 | 1d00 0f85 | 0d31 0000 | 418b 680c 

  0x000002d08af83110: ; implicit exception: dispatches to 0x000002d08af88464
  0x000002d08af83110: 448b 5d08 

  0x000002d08af83114: ;   {metadata('java/util/WeakHashMap')}
  0x000002d08af83114: 4c8b d541 | 81fb e8fd | 0f00 0f85 | 2817 0000 | 4d8b 1949 | 8bcb 4883 | e103 4883 | f901 0f85 
  0x000002d08af83134: 6a1c 0000 | 49c1 eb08 | 418b c325 | ffff ff7f | 85c0 0f84 | 561c 0000 | 418b 4a28 | 8bf8 c1ef 
  0x000002d08af83154: 148b d8c1 | eb0c 33fb | 33f8 8bd7 | c1ea 0444 | 8bdf 41c1 | eb07 4433 | df44 33da 

  0x000002d08af83170: ; implicit exception: dispatches to 0x000002d08af88644
                      ;   {metadata('java/lang/ref/ReferenceQueue')}
  0x000002d08af83170: 8b59 0881 | fb20 0904 | 000f 85fb | 3100 0048 | 8bf9 8b5f | 0c85 db0f | 8511 1400 | 0048 8b8c 
  0x000002d08af83190: 2480 0000 

  0x000002d08af83194: ;   {oop(a 'java/lang/ref/ReferenceQueue$Null'{0x00000000800011d0})}
  0x000002d08af83194: 0048 bad0 | 1100 8000 | 0000 0041 | 8b72 248b | 7e0c 8d5f | ff41 23db | 85ff 0f86 | 3c32 0000 
  0x000002d08af831b4: 89bc 24a0 | 0000 0044 | 895c 246c | 4c89 5424 | 704c 8944 | 2438 4889 | 5424 604c | 894c 2458 
  0x000002d08af831d4: 4889 8c24 | 8000 0000 | 4c8b d64c | 8d5c 9e10 | 4c89 9c24 | b000 0000 | 4c89 9424 | a800 0000 
  0x000002d08af831f4: 899c 24a4 | 0000 0041 | 8b2b 85ed | 0f85 e512 | 0000 498b | 87b8 0100 | 004d 8b97 | c801 0000 
  0x000002d08af83214: 4c8b d849 | 83c3 284c | 8b44 2470 | 458b 4020 | 41ff c04c | 8b4c 2470 | 4589 4120 | 4d3b da0f 
  0x000002d08af83234: 83eb 2100 | 004d 899f | b801 0000 | 410f 1883 | 0001 0000 | 48c7 0001 

  0x000002d08af8324c: ;   {metadata('java/util/WeakHashMap$Entry')}
  0x000002d08af8324c: 0000 00c7 | 4008 e0b9 | 2000 4489 | 600c 4c89 | 6010 4c89 | 6018 4c89 | 6020 4c8b | 5424 7045 
  0x000002d08af8326c: 8b5a 2845 | 85db 7507 | 4c8b 5424 | 60eb 034d | 8bd3 448b | 5c24 6844 | 8958 0c44 | 8950 104c 
  0x000002d08af8328c: 8bd0 4c8b | c849 c1ea | 0949 bb00 | 00b1 fcd0 | 0200 0047 | 8824 13f0 | 8344 24c0 | 0044 8b54 
  0x000002d08af832ac: 246c 4489 | 501c 8968 

  0x000002d08af832b4: ;   {oop(a 'java/lang/Boolean'{0x0000000080003d70} = true)}
  0x000002d08af832b4: 24c7 4020 | 703d 0080 | 4c8b d049 | c1ea 0947 | 8824 134c | 8b94 24b0 | 0000 0045 | 890a 4c8b 
  0x000002d08af832d4: 5424 7045 | 8b52 144c | 8b9c 24b0 | 0000 0041 | ffc2 4c8b | 4424 7045 | 8950 1449 | c1eb 0949 
  0x000002d08af832f4: b800 00b1 | fcd0 0200 | 0047 8824 | 184c 8b5c | 2470 458b | 4318 453b | d00f 8f16 | 1c00 004c 
  0x000002d08af83314: 8b5c 2438 | 488d 8424 | f800 0000 | 4883 3800 | 0f84 7900 | 0000 4d8b | 1341 f6c2 | 020f 8462 
  0x000002d08af83334: 0000 0049 | 83ba 8600 | 0000 0074 | 0949 ff8a | 8600 0000 | eb4b 498b | 8296 0000 | 0049 0b82 
  0x000002d08af83354: 8e00 0000 | 750a 49c7 | 423e 0000 | 0000 eb3d | 4983 ba9e | 0000 0000 | 7422 4833 | c049 c742 
  0x000002d08af83374: 3e00 0000 | 00f0 8304 | 2400 4983 | ba9e 0000 | 0000 750d | f04d 0fb1 | 7a3e 7505 | 83c8 01eb 
  0x000002d08af83394: 0ca8 00eb | 084c 8b10 | f04d 0fb1 | 1375 0a49 | ff8f 5005 | 0000 4533 | d20f 85cd | 2e00 004c 
  0x000002d08af833b4: ;   {no_reloc}
  0x000002d08af833b4: 8b5c 2428 | 488d 8424 | f000 0000 | 4883 3800 | 0f84 7900 | 0000 4d8b | 1341 f6c2 | 020f 8462 
  0x000002d08af833d4: 0000 0049 | 83ba 8600 | 0000 0074 | 0949 ff8a | 8600 0000 | eb4b 498b | 8296 0000 | 0049 0b82 
  0x000002d08af833f4: 8e00 0000 | 750a 49c7 | 423e 0000 | 0000 eb3d | 4983 ba9e | 0000 0000 | 7422 4833 | c049 c742 
  0x000002d08af83414: 3e00 0000 | 00f0 8304 | 2400 4983 | ba9e 0000 | 0000 750d | f04d 0fb1 | 7a3e 7505 | 83c8 01eb 
  0x000002d08af83434: 0ca8 00eb | 084c 8b10 | f04d 0fb1 | 1375 0a49 | ff8f 5005 | 0000 4533 | d20f 855a | 2e00 0044 
  0x000002d08af83454: 8b54 2420 | 458b 5a24 

  0x000002d08af8345c: ; implicit exception: dispatches to 0x000002d08af88b04
  0x000002d08af8345c: 418b 6b0c | 83fd 0a0f | 8c53 3500 | 0049 8bb7 | b801 0000 | 4d8b 9fc8 | 0100 004c | 8bc6 4983 
  0x000002d08af8347c: c018 4d3b | c30f 831d | 1f00 004d | 8987 b801 | 0000 410f | 1880 0001 | 0000 48c7 | 0601 0000 
  0x000002d08af8349c: ;   {metadata('org/eclipse/osgi/storage/bundlefile/CloseableBundleFile$BundleEntryInputStream')}
  0x000002d08af8349c: 00c7 4608 | a82a 0b01 | 4489 660c | 4c89 6610 | 4489 5614 | 448b 5c24 | 6844 895e | 0c4c 8bde 
  0x000002d08af834bc: 49c1 eb09 | 49b8 0000 | b1fc d002 | 0000 4788 | 2418 f083 | 4424 c000 | 458b 5a1c | 4488 6610 
  0x000002d08af834dc: ; implicit exception: dispatches to 0x000002d08af88498
  0x000002d08af834dc: 418b 6b0c 

  0x000002d08af834e0: ; implicit exception: dispatches to 0x000002d08af884d0
  0x000002d08af834e0: 448b 4508 

  0x000002d08af834e4: ;   {metadata('java/util/concurrent/locks/ReentrantLock$NonfairSync')}
  0x000002d08af834e4: 4181 f848 | b91a 000f | 85ea 2d00 | 004c 8bcd | 33c0 41b8 | 0100 0000 | f045 0fb1 | 4110 410f 
  0x000002d08af83504: 94c3 450f | b6db 4585 | db0f 8402 | 0e00 0044 | 8b44 2424 | 4589 410c | 4d8b d949 | c1eb 0949 
  0x000002d08af83524: b800 00b1 | fcd0 0200 | 0047 8824 | 1845 8b42 | 1c45 8b5a | 1441 ffc3 | 4589 5a14 

  0x000002d08af83540: ; implicit exception: dispatches to 0x000002d08af88508
  0x000002d08af83540: 458b 400c 

  0x000002d08af83544: ; implicit exception: dispatches to 0x000002d08af88540
  0x000002d08af83544: 458b 5810 | 418b 680c | 4c8b cd48 | 8b8c 2480 | 0000 004c | 3bc9 0f85 | cc37 0000 | 418d 4bff 
  0x000002d08af83564: 4183 fb01 | 7504 4589 | 600c 4189 | 4810 f083 | 4424 c000 | 4183 fb01 | 750d 458b | 5814 4585 
  0x000002d08af83584: db0f 853c | 1600 0045 | 8b52 1c45 | 8b4a 0c45 | 8b59 1041 | 8b69 0c4c | 8bd5 4c8b | 8424 8000 
  0x000002d08af835a4: 0000 4d3b | d00f 85c1 | 3700 0045 | 8d53 ff41 | 83fb 0175 | 0445 8961 | 0c45 8951 | 10f0 8344 
  0x000002d08af835c4: 24c0 0041 | 83fb 0175 | 0d45 8b59 | 1445 85db | 0f85 8c16 | 0000 4c8b | b424 9800 

  0x000002d08af835e0: ;   {no_reloc}
  0x000002d08af835e0: 0000 458b | 5e0c 4d8b | 5320 458b | d245 85d2 | 0f8e fe33 | 0000 4181 | fa00 0010 | 000f 878d 
  0x000002d08af83600: 2800 0049 | 63ca 4181 | fa00 0010 | 000f 87bc | 1d00 004d | 8b9f c801 | 0000 4d8b | afb8 0100 
  0x000002d08af83620: 0048 83c1 | 174c 8bc1 | 4983 e0f8 | 4d8b cd4d | 03c8 4d3b | cb0f 8394 | 1d00 004d | 898f b801 
  0x000002d08af83640: 0000 410f | 1881 0001 | 0000 49c7 | 4500 0100 | 0000 410f | 1881 4001 

  0x000002d08af83658: ;   {metadata({type array byte})}
  0x000002d08af83658: 0000 41c7 | 4508 1823 | 0000 4589 | 550c 410f | 1881 8001 | 0000 498b | fd48 83c7 | 1048 c1e9 
  0x000002d08af83678: 0348 83c1 | fe48 33c0 | 4883 f908 | 7f10 48ff | c978 4f48 | 8904 cf48 | ffc9 7df7 | eb44 c5fd 
  0x000002d08af83698: efc0 e90d | 0000 00c5 | fe7f 07c5 | fe7f 4720 | 4883 c740 | 4883 e908 | 7ded 4883 | c104 7c0c 
  0x000002d08af836b8: c5fe 7f07 | 4883 c720 | 4883 e904 | 4883 c104 | 7e10 48ff | c9c5 f9d6 | 0748 83c7 | 0848 ffc9 
  0x000002d08af836d8: 7df3 4585 | d20f 8e84 | 0000 0033 | ed4c 8974 | 2450 4889 | 7424 384c | 896c 2428 | 418b fa44 
  0x000002d08af836f8: 8954 2420 | 2bfd 4c8b | 5424 3845 | 8b5a 0c49 | 8bd3 4c8b | 4424 2844 | 8bcd c5f8 | 7748 b8d0 
  0x000002d08af83718: a331 97d0 

  0x000002d08af8371c: ;   {virtual_call}
  0x000002d08af8371c: 0200 00e8 

  0x000002d08af83720: ; ImmutableOopMap {[36]=NarrowOop [40]=Oop [48]=Oop [56]=Oop [64]=Oop [72]=Oop [80]=Oop [120]=Oop [128]=Oop [136]=Oop [144]=Oop }
                      ;*invokevirtual read {reexecute=0 rethrow=0 return_oop=0}
                      ; - java.io.FilterInputStream::read@7
                      ; - org.eclipse.osgi.storage.bundlefile.CloseableBundleFile$BundleEntryInputStream::read@4 (line 553)
                      ; - org.eclipse.osgi.storage.StorageUtil::getBytes@22 (line 187)
                      ; - org.eclipse.osgi.storage.bundlefile.BundleEntry::getBytes@16 (line 102)
                      ; - org.eclipse.osgi.internal.loader.classpath.ClasspathManager::findClassImpl@109 (line 681)
  0x000002d08af83720: dc23 faff 

  0x000002d08af83724: ;   {other}
  0x000002d08af83724: 0f1f 8400 | 9425 0008 | 85c0 0f8e | 6432 0000 | 4d8b 9758 | 0400 0003 

  0x000002d08af8373c: ; ImmutableOopMap {[36]=NarrowOop [40]=Oop [48]=Oop [56]=Oop [64]=Oop [72]=Oop [80]=Oop [120]=Oop [128]=Oop [136]=Oop [144]=Oop }
                      ;*if_icmplt {reexecute=1 rethrow=0 return_oop=0}
                      ; - (reexecute) org.eclipse.osgi.storage.StorageUtil::getBytes@45 (line 186)
                      ; - org.eclipse.osgi.storage.bundlefile.BundleEntry::getBytes@16 (line 102)
                      ; - org.eclipse.osgi.internal.loader.classpath.ClasspathManager::findClassImpl@109 (line 681)
                      ;   {poll}
  0x000002d08af8373c: e841 8502 | 3b6c 2420 | 0f8c f6ea | ffff 448b | 5c24 2044 | 3bdd 0f8f | c439 0000 | 4c8b 7424 
  0x000002d08af8375c: 5048 8b74 | 2438 4c8b | 6c24 2844 | 8b56 0c45 | 8b42 0849 

  0x000002d08af83770: ;   {metadata('java/util/zip/ZipFile$ZipFileInflaterInputStream')}
  0x000002d08af83770: 8bd2 4181 | f8d0 a331 | 000f 854e | 1000 004c | 8bc2 450f | b650 1745 | 85d2 0f85 | b703 0000 
  0x000002d08af83790: 41c6 4017 | 01f0 8344 | 24c0 0041 | 0fb6 6814 | 85ed 0f85 | 8832 0000 | 410f b668 | 1685 ed0f 
  0x000002d08af837b0: 8537 3600 | 0041 8b68 | 0c44 8b5d 

  0x000002d08af837bc: ;   {metadata('java/util/zip/ZipFile$ZipFileInputStream')}
  0x000002d08af837bc: 0841 81fb | b098 3100 | 0f85 662d | 0000 4c89 | 4424 584c | 896c 2450 | 4889 7424 | 384c 8974 
  0x000002d08af837dc: 2428 488b | d566 6690 

  0x000002d08af837e4: ;   {optimized virtual_call}
  0x000002d08af837e4: c5f8 77e8 

  0x000002d08af837e8: ; ImmutableOopMap {[36]=NarrowOop [40]=Oop [48]=Oop [56]=Oop [64]=Oop [72]=Oop [80]=Oop [88]=Oop [120]=Oop [128]=Oop [136]=Oop [144]=Oop }
                      ;*invokevirtual close {reexecute=0 rethrow=0 return_oop=0}
                      ; - java.util.zip.InflaterInputStream::close@25
                      ; - java.util.zip.ZipFile$ZipFileInflaterInputStream::close@14
                      ; - java.io.FilterInputStream::close@4
                      ; - org.eclipse.osgi.storage.bundlefile.CloseableBundleFile$BundleEntryInputStream::close@1 (line 528)
                      ; - org.eclipse.osgi.storage.StorageUtil::getBytes@161 (line 213)
                      ; - org.eclipse.osgi.storage.bundlefile.BundleEntry::getBytes@16 (line 102)
                      ; - org.eclipse.osgi.internal.loader.classpath.ClasspathManager::findClassImpl@109 (line 681)
  0x000002d08af837e8: 14aa f6ff 

  0x000002d08af837ec: ;   {other}
  0x000002d08af837ec: 0f1f 8400 | 5c26 000a | 4c8b 5424 | 5841 c642 | 1401 458b | 5a2c 458b | 4318 458b | 580c 4585 
  0x000002d08af8380c: db0f 8451 | 2c00 0049 | 8bcb 488d | 9c24 f000 | 0000 488b | 01a8 020f | 8523 0000 | 0048 83c8 
  0x000002d08af8382c: 0148 8903 | f048 0fb1 | 190f 8437 | 0000 0048 | 2bc4 4825 | 07f0 ffff | 4889 03e9 | 2400 0000 
  0x000002d08af8384c: 4c8b c048 | 33c0 f04d | 0fb1 783e | 48c7 0303 | 0000 0074 | 114c 3bf8 | 7515 49ff | 8086 0000 
  0x000002d08af8386c: 0048 33c0 | 7509 49ff | 8750 0500 | 0033 c00f | 85f3 2c00 | 0045 8b4a | 2c45 8b41 | 1841 8b68 
  0x000002d08af8388c: 0c44 8b4d 

  0x000002d08af83890: ;   {metadata('java/util/Collections$SetFromMap')}
  0x000002d08af83890: 0841 81f9 | 2822 1d00 | 0f85 102d | 0000 4889 | 4c24 604c | 8954 2458 | 488b d54d | 8bc2 6690 
  0x000002d08af838b0: ;   {optimized virtual_call}
  0x000002d08af838b0: c5f8 77e8 

  0x000002d08af838b4: ; ImmutableOopMap {[36]=NarrowOop [40]=Oop [48]=Oop [56]=Oop [64]=Oop [72]=Oop [80]=Oop [88]=Oop [96]=Oop [120]=Oop [128]=Oop [136]=Oop [144]=Oop }
                      ;*invokeinterface remove {reexecute=0 rethrow=0 return_oop=0}
                      ; - java.util.zip.ZipFile$ZipFileInflaterInputStream::close@41
                      ; - java.io.FilterInputStream::close@4
                      ; - org.eclipse.osgi.storage.bundlefile.CloseableBundleFile$BundleEntryInputStream::close@1 (line 528)
                      ; - org.eclipse.osgi.storage.StorageUtil::getBytes@161 (line 213)
                      ; - org.eclipse.osgi.storage.bundlefile.BundleEntry::getBytes@16 (line 102)
                      ; - org.eclipse.osgi.internal.loader.classpath.ClasspathManager::findClassImpl@109 (line 681)
  0x000002d08af838b4: a8ab ddf8 

  0x000002d08af838b8: ;   {other}
  0x000002d08af838b8: 0f1f 8400 | 2827 000b | 4c8b 5c24 | 6048 8d84 | 24f0 0000 | 0048 8338 | 000f 8479 | 0000 004d 
  0x000002d08af838d8: 8b13 41f6 | c202 0f84 | 6200 0000 | 4983 ba86 | 0000 0000 | 7409 49ff | 8a86 0000 | 00eb 4b49 
  0x000002d08af838f8: 8b82 9600 | 0000 490b | 828e 0000 | 0075 0a49 | c742 3e00 | 0000 00eb | 3d49 83ba | 9e00 0000 
  0x000002d08af83918: 0074 2248 | 33c0 49c7 | 423e 0000 | 0000 f083 | 0424 0049 | 83ba 9e00 | 0000 0075 | 0df0 4d0f 
  0x000002d08af83938: b17a 3e75 | 0583 c801 | eb0c a800 | eb08 4c8b | 10f0 4d0f | b113 750a | 49ff 8f50 | 0500 0045 
  0x000002d08af83958: 33d2 0f85 | 842c 0000 | 4c8b 5424 | 5841 8b6a | 2844 8b5d 

  0x000002d08af8396c: ;   {metadata('jdk/internal/ref/CleanerImpl$PhantomCleanableRef')}
  0x000002d08af8396c: 0841 81fb | d841 2500 | 0f85 952c | 0000 488b | fd44 8b57 | 2445 85d2 | 0f84 0a2b | 0000 498b 
  0x000002d08af8398c: ca48 8d9c | 24f0 0000 | 0048 8b01 | a802 0f85 | 2300 0000 | 4883 c801 | 4889 03f0 | 480f b119 
  0x000002d08af839ac: 0f84 3700 | 0000 482b | c448 2507 | f0ff ff48 | 8903 e924 | 0000 004c | 8bd8 4833 | c0f0 4d0f 
  0x000002d08af839cc: b17b 3e48 | c703 0300 | 0000 7411 | 4c3b f875 | 1549 ff83 | 8600 0000 | 4833 c075 | 0949 ff87 
  0x000002d08af839ec: 5005 0000 | 33c0 0f85 | 402c 0000 | 448b 5f20 | 4d8b c34c | 3bc7 0f84 | 2834 0000 | 8b6f 1c41 
  0x000002d08af83a0c: 896b 1c44 | 8b4f 1c4d | 8bc3 49c1 | e809 48bb | 0000 b1fc | d002 0000 | 4688 2403 

  0x000002d08af83a28: ; implicit exception: dispatches to 0x000002d08af8899c
  0x000002d08af83a28: 4589 5920 | 4d8b d14c | 8bdf 49c1 | eb09 49c1 | ea09 49b8 | 0000 b1fc | d002 0000 | 4788 2410 
  0x000002d08af83a48: 49ba 0000 | b1fc d002 | 0000 4788 | 241a 4c8b | df44 895f | 2044 895f | 1c48 8d84 | 24f0 0000 
  0x000002d08af83a68: 0048 8338 

  0x000002d08af83a6c: ;   {no_reloc}
  0x000002d08af83a6c: 000f 8479 | 0000 004c | 8b11 41f6 | c202 0f84 | 6200 0000 | 4983 ba86 | 0000 0000 | 7409 49ff 
  0x000002d08af83a8c: 8a86 0000 | 00eb 4b49 | 8b82 9600 | 0000 490b | 828e 0000 | 0075 0a49 | c742 3e00 | 0000 00eb 
  0x000002d08af83aac: 3d49 83ba | 9e00 0000 | 0074 2248 | 33c0 49c7 | 423e 0000 | 0000 f083 | 0424 0049 | 83ba 9e00 
  0x000002d08af83acc: 0000 0075 | 0df0 4d0f | b17a 3e75 | 0583 c801 | eb0c a800 | eb08 4c8b | 10f0 4c0f | b111 750a 
  0x000002d08af83aec: 49ff 8f50 | 0500 0045 | 33d2 0f85 | 762b 0000 | 488b ef48 | 8bd7 6690 

  0x000002d08af83b04: ;   {optimized virtual_call}
  0x000002d08af83b04: c5f8 77e8 

  0x000002d08af83b08: ; ImmutableOopMap {rbp=Oop [36]=NarrowOop [40]=Oop [48]=Oop [56]=Oop [64]=Oop [72]=Oop [80]=Oop [120]=Oop [128]=Oop [136]=Oop [144]=Oop }
                      ;*invokevirtual clear0 {reexecute=0 rethrow=0 return_oop=0}
                      ; - java.lang.ref.Reference::clear@1
                      ; - jdk.internal.ref.PhantomCleanable::clean@8
                      ; - java.util.zip.ZipFile$ZipFileInflaterInputStream::close@61
                      ; - java.io.FilterInputStream::close@4
                      ; - org.eclipse.osgi.storage.bundlefile.CloseableBundleFile$BundleEntryInputStream::close@1 (line 528)
                      ; - org.eclipse.osgi.storage.StorageUtil::getBytes@161 (line 213)
                      ; - org.eclipse.osgi.storage.bundlefile.BundleEntry::getBytes@16 (line 102)
                      ; - org.eclipse.osgi.internal.loader.classpath.ClasspathManager::findClassImpl@109 (line 681)
  0x000002d08af83b08: 343c dcff 

  0x000002d08af83b0c: ;   {other}
  0x000002d08af83b0c: 0f1f 8400 | 7c29 000c | 448b 5528 | 498b d266 | 6690 c5f8 | 7748 b8a8 | cf31 97d0 

  0x000002d08af83b28: ;   {virtual_call}
  0x000002d08af83b28: 0200 00e8 

  0x000002d08af83b2c: ; ImmutableOopMap {[36]=NarrowOop [40]=Oop [48]=Oop [56]=Oop [64]=Oop [72]=Oop [80]=Oop [120]=Oop [128]=Oop [136]=Oop [144]=Oop }
                      ;*invokeinterface run {reexecute=0 rethrow=0 return_oop=0}
                      ; - jdk.internal.ref.CleanerImpl$PhantomCleanableRef::performCleanup@4
                      ; - jdk.internal.ref.PhantomCleanable::clean@12
                      ; - java.util.zip.ZipFile$ZipFileInflaterInputStream::close@61
                      ; - java.io.FilterInputStream::close@4
                      ; - org.eclipse.osgi.storage.bundlefile.CloseableBundleFile$BundleEntryInputStream::close@1 (line 528)
                      ; - org.eclipse.osgi.storage.StorageUtil::getBytes@161 (line 213)
                      ; - org.eclipse.osgi.storage.bundlefile.BundleEntry::getBytes@16 (line 102)
                      ; - org.eclipse.osgi.internal.loader.classpath.ClasspathManager::findClassImpl@109 (line 681)
  0x000002d08af83b2c: 50c4 0500 

  0x000002d08af83b30: ;   {other}
  0x000002d08af83b30: 0f1f 8400 | a029 000d | 4c8b 7424 | 2848 8b74 | 2438 4c8b | 6c24 5048 | 8d9c 24f0 | 0000 0048 
  0x000002d08af83b50: 8b06 a802 | 0f85 2300 | 0000 4883 | c801 4889 | 03f0 480f | b11e 0f84 | 3700 0000 | 482b c448 
  0x000002d08af83b70: 2507 f0ff | ff48 8903 | e924 0000 | 004c 8bd0 | 4833 c0f0 | 4d0f b17a | 3e48 c703 | 0300 0000 
  0x000002d08af83b90: 7411 4c3b | f875 1549 | ff82 8600 | 0000 4833 | c075 0949 | ff87 5005 | 0000 33c0 | 0f85 6627 
  0x000002d08af83bb0: 0000 440f | b656 1045 | 85d2 0f85 | e60a 0000 | c646 1001 | 488d 8424 | f000 0000 | 4883 3800 
  0x000002d08af83bd0: 0f84 7900 | 0000 4c8b | 1641 f6c2 | 020f 8462 | 0000 0049 | 83ba 8600 | 0000 0074 | 0949 ff8a 
  0x000002d08af83bf0: 8600 0000 | eb4b 498b | 8296 0000 | 0049 0b82 | 8e00 0000 | 750a 49c7 | 423e 0000 | 0000 eb3d 
  0x000002d08af83c10: 4983 ba9e | 0000 0000 | 7422 4833 | c049 c742 | 3e00 0000 | 00f0 8304 | 2400 4983 

  0x000002d08af83c2c: ;   {no_reloc}
  0x000002d08af83c2c: ba9e 0000 | 0000 750d | f04d 0fb1 | 7a3e 7505 | 83c8 01eb | 0ca8 00eb | 084c 8b10 | f04c 0fb1 
  0x000002d08af83c4c: 1675 0a49 | ff8f 5005 | 0000 4533 | d20f 8569 | 2800 0044 | 8b56 1445 | 8b42 1c45 | 8b40 0c45 
  0x000002d08af83c6c: ;   {metadata('java/util/concurrent/locks/ReentrantLock$NonfairSync')}
  0x000002d08af83c6c: 8b58 0841 | 81fb 48b9 | 1a00 0f85 | 7728 0000 | 498b ca4d | 8bc8 33c0 | 41b8 0100 | 0000 f045 
  0x000002d08af83c8c: 0fb1 4110 | 410f 94c3 | 450f b6db | 4585 db0f | 84a9 0600 | 0044 8b44 | 2424 4589 | 410c 4d8b 
  0x000002d08af83cac: d949 c1eb | 0949 b800 | 00b1 fcd0 | 0200 0047 | 8824 1845 | 8b42 1441 | ffc8 4533 | db45 33c9 
  0x000002d08af83ccc: 453b c345 | 0f4c c145 | 8942 1445 | 85c0 7551 | 418b 6a20 

  0x000002d08af83ce0: ; implicit exception: dispatches to 0x000002d08af889dc
  0x000002d08af83ce0: 448b 5d08 

  0x000002d08af83ce4: ;   {metadata('java/util/concurrent/locks/AbstractQueuedSynchronizer$ConditionObject')}
  0x000002d08af83ce4: 4181 fbb0 | d61a 000f | 85a9 2900 | 004c 8bcd | 418b 5914 

  0x000002d08af83cf8: ; implicit exception: dispatches to 0x000002d08af88a14
  0x000002d08af83cf8: 448b 4308 | 418b 690c 

  0x000002d08af83d00: ;   {metadata('java/util/concurrent/locks/ReentrantLock$NonfairSync')}
  0x000002d08af83d00: 4181 f848 | b91a 000f | 85cb 2900 | 004c 8bdb | 458b 5b0c | 4c8b 8424 | 8000 0000 | 4d3b d80f 
  0x000002d08af83d20: 85fb 2900 | 0085 ed0f | 85a3 1100 | 0045 8b52 | 1c41 8b4a | 0c44 8b59 | 108b 690c | 4c8b d54c 
  0x000002d08af83d40: 8b84 2480 | 0000 004d | 3bd0 0f85 | 6030 0000 | 458d 53ff | 4183 fb01 | 7504 4489 | 610c 4489 
  0x000002d08af83d60: 5110 f083 | 4424 c000 | 4183 fb01 | 750d 448b | 5914 4585 | db0f 8576 | 0f00 0048 | 8b54 2448 
  0x000002d08af83d80: 4c8b 4424 | 304d 8bcd | 488b 7c24 | 7849 8bf6 | 488b 4c24 | 4066 6690 

  0x000002d08af83d98: ;   {optimized virtual_call}
  0x000002d08af83d98: c5f8 77e8 

  0x000002d08af83d9c: ; ImmutableOopMap {[48]=Oop [72]=Oop }
                      ;*invokespecial defineClass {reexecute=0 rethrow=0 return_oop=1}
                      ; - org.eclipse.osgi.internal.loader.classpath.ClasspathManager::findClassImpl@288 (line 695)
  0x000002d08af83d9c: c0c3 2600 

  0x000002d08af83da0: ;   {other}
  0x000002d08af83da0: 0f1f 8400 | 102c 000e | c5f8 7748 | 81c4 1001 

  0x000002d08af83db0: ;   {poll_return}
  0x000002d08af83db0: 0000 5d49 | 3ba7 5004 | 0000 0f87 | 6c61 0000 | c342 c644 | 1d15 7342 | c644 1d14 | 7342 c644 
  0x000002d08af83dd0: 1d13 6142 | c644 1d12 | 6c42 c644 | 1d11 6342 | c644 1d10 | 2ee9 31e2 | ffff 41ba | 2f00 0000 
  0x000002d08af83df0: e9b2 dfff 

  0x000002d08af83df4: ;   {metadata('java/util/Collections$UnmodifiableRandomAccessList')}
  0x000002d08af83df4: ff41 81f9 | 90a3 1c00 | 0f85 c731 | 0000 4d8b | 9fc8 0100 | 004d 8b8f | b801 0000 | 498b c948 
  0x000002d08af83e14: 83c1 1849 | 3bcb 0f83 | 4516 0000 | 4989 8fb8 | 0100 000f | 1881 0001 | 0000 49c7 | 0101 0000 
  0x000002d08af83e34: ;   {metadata('java/util/Collections$UnmodifiableCollection$1')}
  0x000002d08af83e34: 0041 c741 | 08d8 731d | 0045 8961 | 0c4d 8961 | 1045 8b5a | 0c45 8951 | 1045 8b53 | 0849 8bd3 
  0x000002d08af83e54: ;   {metadata('java/util/HashSet')}
  0x000002d08af83e54: 4181 fa78 | c40d 000f | 8516 0900 | 008b 6a0c 

  0x000002d08af83e64: ; implicit exception: dispatches to 0x000002d08af88ba0
  0x000002d08af83e64: 448b 5d08 

  0x000002d08af83e68: ;   {metadata('java/util/HashMap')}
  0x000002d08af83e68: 488b cd41 | 81fb 68a9 | 0800 0f85 | 5e0f 0000 | 448b 510c | 4585 d20f | 84c3 0b00 | 004d 8bda 
  0x000002d08af83e88: 458b 5308 

  0x000002d08af83e8c: ;   {metadata('java/util/HashMap$KeySet')}
  0x000002d08af83e8c: 4181 fa30 | 101a 000f | 85a1 0f00 | 0049 8b8f | b801 0000 | 4d8b 97c8 | 0100 0048 | 8bd9 4883 
  0x000002d08af83eac: c320 493b | da0f 8302 | 1600 0049 | 899f b801 | 0000 0f18 | 8300 0100 | 0048 c701 | 0100 0000 
  0x000002d08af83ecc: ;   {metadata('java/util/HashMap$KeyIterator')}
  0x000002d08af83ecc: c741 0830 | 531a 0044 | 8961 0c4c | 8961 104c | 8961 1845 | 8b53 0c44 | 8951 1c41 | 8b7a 2441 
  0x000002d08af83eec: 8b5a 1889 | 590c 85ff | 0f84 c803 | 0000 458b | 5a14 4585 | db0f 8ebb | 0300 008b | 5f0c 85db 
  0x000002d08af83f0c: 0f86 8c32 | 0000 81fb | feff ff7f | 0f8f e630 | 0000 8d73 | 0149 c7c2 | ffff ffff | 41bb 0200 
  0x000002d08af83f2c: 0000 443b | de44 0f4f | de49 63d3 | 4183 fbff | 490f 4cd2 | 8bd2 3bd6 | 0f4f d633 | ed41 bb01 
  0x000002d08af83f4c: 0000 0044 | 8959 103b | eb0f 83e9 | 2900 0044 | 8b54 af10 | 4489 5114 | 488b c148 | c1e8 0948 
  0x000002d08af83f6c: bd00 00b1 | fcd0 0200 | 0044 8864 | 0500 4585 | d20f 853f | 0300 0045 | 8d53 0144 | 3bd2 7d08 
  0x000002d08af83f8c: 418b eb45 | 8bda ebbb | 4863 d348 | 63c6 488d | 6aff 48ff | c849 c7c5 | 0000 0080 | 483d 0000 
  0x000002d08af83fac: 0080 490f | 4cc5 483b | d048 0f4c | c248 83c0 | fe48 3d00 | 0000 8049 | 0f4c c548 

  0x000002d08af83fc8: ;   {no_reloc}
  0x000002d08af83fc8: 3be8 480f | 4cc5 8bd0 | 443b d20f | 8dc7 0000 | 0045 8bd3 | 41ff c290 | 4489 5110 | 443b db0f 
  0x000002d08af83fe8: 835a 2900 | 0046 8b5c | 9f10 4489 | 5914 488b | c148 c1e8 | 0948 bd00 | 00b1 fcd0 | 0200 0044 
  0x000002d08af84008: 8864 0500 | 4585 db0f | 85ad 0200 | 0042 8b44 | 9710 8941 | 1445 8d5a | 0144 8959 | 104c 8bd9 
  0x000002d08af84028: 49c1 eb09 | 4688 641d | 0085 c00f | 8589 0200 | 0042 8b6c | 9714 8969 | 1441 8d42 | 0289 4110 
  0x000002d08af84048: 4c8b d949 | c1eb 0948 | b800 00b1 | fcd0 0200 | 0046 8824 | 1885 ed0f | 855d 0200 | 0042 8b6c 
  0x000002d08af84068: 9718 8969 | 1445 8d5a | 0344 8959 | 1048 8bc1 | 48c1 e809 | 49bd 0000 | b1fc d002 | 0000 4588 
  0x000002d08af84088: 6405 0085 | ed0f 852f | 0200 0041 | 83c2 0444 | 3bd2 0f8c | 40ff ffff | 443b d60f | 8d6f 3b00 
  0x000002d08af840a8: 00e9 a42f | 0000 41ba | 2f00 0000 | e996 ddff | ff45 33c9 | e9b1 dbff | ff4c 8b9c | 24a0 0000 
  0x000002d08af840c8: ;   {no_reloc}
  0x000002d08af840c8: 0048 8d84 | 24f8 0000 | 0048 8338 | 000f 8479 | 0000 004d | 8b13 41f6 | c202 0f84 | 6200 0000 
  0x000002d08af840e8: 4983 ba86 | 0000 0000 | 7409 49ff | 8a86 0000 | 00eb 4b49 | 8b82 9600 | 0000 490b | 828e 0000 
  0x000002d08af84108: 0075 0a49 | c742 3e00 | 0000 00eb | 3d49 83ba | 9e00 0000 | 0074 2248 | 33c0 49c7 | 423e 0000 
  0x000002d08af84128: 0000 f083 | 0424 0049 | 83ba 9e00 | 0000 0075 | 0df0 4d0f | b17a 3e75 | 0583 c801 | eb0c a800 
  0x000002d08af84148: eb08 4c8b | 10f0 4d0f | b113 750a | 49ff 8f50 | 0500 0045 | 33d2 0f85 | 7c30 0000 | 498b 87b8 
  0x000002d08af84168: 0100 004d | 8b97 c801 | 0000 4c8b | d849 83c3 | 404d 3bda | 0f83 f813 | 0000 4d89 | 9fb8 0100 
  0x000002d08af84188: 0041 0f18 | 8300 0100 | 0048 c700 | 0100 0000 

  0x000002d08af84198: ;   {metadata('java/util/zip/Inflater')}
  0x000002d08af84198: c740 0818 | 8135 0044 | 8960 0c4c | 8960 104c | 8960 184c | 8960 204c | 8960 2844 | 8960 304c 
  0x000002d08af841b8: ;   {oop(a 'java/nio/HeapByteBuffer'{0x0000000080003e40})}
  0x000002d08af841b8: 8960 38c7 | 4034 403e | 0080 4c8b | d049 8bea | 4d8b 97c8 | 0100 0049 | 8b87 b801 | 0000 4c8b 
  0x000002d08af841d8: d849 83c3 | 184d 3bda | 0f83 b313 | 0000 4d89 | 9fb8 0100 | 0041 0f18 | 8300 0100 | 0048 c700 
  0x000002d08af841f8: 0100 0000 

  0x000002d08af841fc: ;   {metadata('java/util/zip/Inflater$InflaterZStreamRef')}
  0x000002d08af841fc: c740 0830 | 9a35 0044 | 8960 0c4c | 8960 104c | 8bd0 4c89 | 9424 a000 | 0000 ba01 | 0000 0090 
  0x000002d08af8421c: ;   {static_call}
  0x000002d08af8421c: c5f8 77e8 

  0x000002d08af84220: ; ImmutableOopMap {rbp=Oop [32]=NarrowOop [36]=NarrowOop [40]=Oop [48]=Oop [56]=NarrowOop [60]=NarrowOop [64]=Oop [72]=Oop [80]=Oop [88]=Oop [96]=NarrowOop [104]=Oop [120]=Oop [128]=Oop [136]=Oop [144]=Oop [152]=Oop [160]=Oop [168]=Oop }
                      ;*invokestatic init {reexecute=0 rethrow=0 return_oop=0}
                      ; - java.util.zip.Inflater::<init>@18
                      ; - java.util.zip.ZipFile$CleanableResource::getInflater@43
                      ; - java.util.zip.ZipFile$ZipFileInflaterInputStream::<init>@5
                      ; - java.util.zip.ZipFile::getInputStream@216
                      ; - org.eclipse.osgi.storage.bundlefile.ZipBundleFile::doGetInputStream@5 (line 101)
                      ; - org.eclipse.osgi.storage.bundlefile.ZipBundleFile::doGetInputStream@5 (line 1)
                      ; - org.eclipse.osgi.storage.bundlefile.CloseableBundleFile::getInputStream@20 (line 487)
                      ; - org.eclipse.osgi.storage.bundlefile.ZipBundleEntry::getInputStream@8 (line 58)
                      ; - org.eclipse.osgi.storage.bundlefile.BundleEntry::getBytes@1 (line 97)
                      ; - org.eclipse.osgi.internal.loader.classpath.ClasspathManager::findClassImpl@109 (line 681)
  0x000002d08af84220: 3c3b e6ff 

  0x000002d08af84224: ;   {other}
  0x000002d08af84224: 0f1f 8400 | 9430 000f | 4889 8424 | b000 0000 

  0x000002d08af84234: ;   {oop(a 'java/lang/ref/Cleaner'{0x00000000800058e0})}
  0x000002d08af84234: 48ba e058 | 0080 0000 | 0000 4c8b | c54c 8b8c | 24a0 0000 | 0066 6690 

  0x000002d08af8424c: ;   {optimized virtual_call}
  0x000002d08af8424c: c5f8 77e8 

  0x000002d08af84250: ; ImmutableOopMap {rbp=Oop [32]=NarrowOop [36]=NarrowOop [40]=Oop [48]=Oop [56]=NarrowOop [60]=NarrowOop [64]=Oop [72]=Oop [80]=Oop [88]=Oop [96]=NarrowOop [104]=Oop [120]=Oop [128]=Oop [136]=Oop [144]=Oop [152]=Oop [160]=Oop [168]=Oop }
                      ;*invokevirtual register {reexecute=0 rethrow=0 return_oop=1}
                      ; - java.util.zip.Inflater$InflaterZStreamRef::<init>@14
                      ; - java.util.zip.Inflater::<init>@21
                      ; - java.util.zip.ZipFile$CleanableResource::getInflater@43
                      ; - java.util.zip.ZipFile$ZipFileInflaterInputStream::<init>@5
                      ; - java.util.zip.ZipFile::getInputStream@216
                      ; - org.eclipse.osgi.storage.bundlefile.ZipBundleFile::doGetInputStream@5 (line 101)
                      ; - org.eclipse.osgi.storage.bundlefile.ZipBundleFile::doGetInputStream@5 (line 1)
                      ; - org.eclipse.osgi.storage.bundlefile.CloseableBundleFile::getInputStream@20 (line 487)
                      ; - org.eclipse.osgi.storage.bundlefile.ZipBundleEntry::getInputStream@8 (line 58)
                      ; - org.eclipse.osgi.storage.bundlefile.BundleEntry::getBytes@1 (line 97)
                      ; - org.eclipse.osgi.internal.loader.classpath.ClasspathManager::findClassImpl@109 (line 681)
  0x000002d08af84250: 2cfb e1ff 

  0x000002d08af84254: ;   {other}
  0x000002d08af84254: 0f1f 8400 | c430 0010 | 4c8b 9424 | a000 0000 | 4c8b 9c24 | b000 0000 | 4d89 5a10 | 4c8b 9c24 
  0x000002d08af84274: a000 0000 | 4c8b c84c | 8b84 24a0 | 0000 0045 | 8948 0c49 | c1eb 0949 | b800 00b1 | fcd0 0200 
  0x000002d08af84294: 0047 8824 | 1844 8955 | 304c 8bd5 | 49c1 ea09 | 49bb 0000 | b1fc d002 | 0000 4788 | 2413 4c8b 
  0x000002d08af842b4: d54c 8994 | 24d0 0000 | 00e9 8ae8 | ffff 4c8b | d945 8959 | 0c4d 8bd1 | 49c1 ea09 | 49bb 0000 
  0x000002d08af842d4: b1fc d002 | 0000 4788 | 2413 e9f0 | ddff ff45 | 8b51 0c4c | 8b9c 2480 | 0000 004d | 3bd3 0f85 
  0x000002d08af842f4: 740e 0000 | 418b 6910 | ffc5 85ed | 0f8c f830 | 0000 4189 | 6910 f083 | 4424 c000 | e923 e0ff 
  0x000002d08af84314: ff45 8b41 | 0c4d 8bd8 | 4c8b 8424 | 8000 0000 | 4d3b d80f | 85b3 0e00 | 0041 8b69 | 10ff c585 
  0x000002d08af84334: ed0f 8c05 | 3100 0041 | 8969 10f0 | 8344 24c0 | 00e9 e7f1 | ffff 458b | 410c 4d8b 

  0x000002d08af84350: ;   {no_reloc}
  0x000002d08af84350: d84c 8b84 | 2480 0000 | 004d 3bd8 | 0f85 c10e | 0000 418b | 6910 ffc5 | 85ed 0f8c | 1431 0000 
  0x000002d08af84370: 4189 6910 | f083 4424 | c000 e940 | f9ff ff45 | 85d2 0f84 | 8000 0000 | 8954 2458 | 4489 4424 
  0x000002d08af84390: 3c44 8974 | 2438 4c8b | 9c24 9800 | 0000 4c89 | 5c24 284c | 8b9c 2490 | 0000 004c | 895c 2420 
  0x000002d08af843b0: 488b ac24 | 8000 0000 | 498b d24c | 8b44 2450 

  0x000002d08af843c0: ;   {optimized virtual_call}
  0x000002d08af843c0: c5f8 77e8 

  0x000002d08af843c4: ; ImmutableOopMap {rbp=Oop [32]=Oop [40]=Oop [48]=Oop [56]=NarrowOop [60]=NarrowOop [64]=Oop [72]=Oop [80]=Oop [88]=NarrowOop [120]=Oop [136]=Oop }
                      ;*invokevirtual add {reexecute=0 rethrow=0 return_oop=0}
                      ; - org.eclipse.osgi.storage.bundlefile.CloseableBundleFile::mruListAdd@12 (line 435)
                      ; - org.eclipse.osgi.storage.bundlefile.CloseableBundleFile::internalOpen@8 (line 131)
                      ; - org.eclipse.osgi.storage.bundlefile.CloseableBundleFile::lockOpen@8 (line 87)
                      ; - org.eclipse.osgi.storage.bundlefile.CloseableBundleFile::getInputStream@1 (line 483)
                      ; - org.eclipse.osgi.storage.bundlefile.ZipBundleEntry::getInputStream@8 (line 58)
                      ; - org.eclipse.osgi.storage.bundlefile.BundleEntry::getBytes@1 (line 97)
                      ; - org.eclipse.osgi.internal.loader.classpath.ClasspathManager::findClassImpl@109 (line 681)
  0x000002d08af843c4: b8a3 65ff 

  0x000002d08af843c8: ;   {other}
  0x000002d08af843c8: 0f1f 8400 | 3832 0011 | 85c0 0f85 | 4831 0000 | 4889 ac24 | 8000 0000 | 4c8b 5424 | 204c 8994 
  0x000002d08af843e8: 2490 0000 | 004c 8b54 | 2428 4c89 | 9424 9800 | 0000 448b | 7424 3844 | 8b44 243c | 8b54 2458 
  0x000002d08af84408: 410f b66e | 1885 ed0f | 84b3 3000 | 0089 5424 | 6044 8944 | 243c 4c8b | 9424 9800 | 0000 4c89 
  0x000002d08af84428: 5424 284c | 8b94 2490 | 0000 004c | 8954 2420 | 4c8b 9424 | 8000 0000 | 4c89 5424 | 5845 8b5e 
  0x000002d08af84448: 1045 0fb6 | 4e19 4489 | 7424 384d 

  0x000002d08af84454: ;   {oop(a 'org/eclipse/osgi/framework/util/SecureAction'{0x00000000801df6f0})}
  0x000002d08af84454: 8bc3 48ba | f0f6 1d80 | 0000 0000 

  0x000002d08af84460: ;   {optimized virtual_call}
  0x000002d08af84460: c5f8 77e8 

  0x000002d08af84464: ; ImmutableOopMap {[32]=Oop [40]=Oop [48]=Oop [56]=NarrowOop [60]=NarrowOop [64]=Oop [72]=Oop [80]=Oop [88]=Oop [96]=NarrowOop [120]=Oop [136]=Oop }
                      ;*invokevirtual getZipFile {reexecute=0 rethrow=0 return_oop=1}
                      ; - org.eclipse.osgi.storage.bundlefile.ZipBundleFile::doOpen@12 (line 51)
                      ; - org.eclipse.osgi.storage.bundlefile.CloseableBundleFile::internalOpen@64 (line 150)
                      ; - org.eclipse.osgi.storage.bundlefile.CloseableBundleFile::lockOpen@8 (line 87)
                      ; - org.eclipse.osgi.storage.bundlefile.CloseableBundleFile::getInputStream@1 (line 483)
                      ; - org.eclipse.osgi.storage.bundlefile.ZipBundleEntry::getInputStream@8 (line 58)
                      ; - org.eclipse.osgi.storage.bundlefile.BundleEntry::getBytes@1 (line 97)
                      ; - org.eclipse.osgi.internal.loader.classpath.ClasspathManager::findClassImpl@109 (line 681)
  0x000002d08af84464: 18a3 65ff 

  0x000002d08af84468: ;   {other}
  0x000002d08af84468: 0f1f 8400 | d832 0012 | 4c8b d044 | 8b74 2438 | 4589 5630 | 4c8b 5424 | 5049 c1ea | 0949 bb00 
  0x000002d08af84488: 00b1 fcd0 | 0200 0047 | 8824 1345 | 8866 18f0 | 8344 24c0 | 0045 8b56 | 2c41 0fb6 | 6a1d 85ed 
  0x000002d08af844a8: 0f85 5a30 | 0000 4c8b | 5424 584c | 8994 2480 | 0000 004c | 8b54 2420 | 4c89 9424 | 9000 0000 
  0x000002d08af844c8: 4c8b 5424 | 284c 8994 | 2498 0000 | 0044 8b44 | 243c 8b54 | 2460 e9e6 | dfff ff45 | 33d2 e999 
  0x000002d08af844e8: e5ff ff4c | 8bd5 4c89 | 9424 d000 | 0000 4c8b | 9424 d000 | 0000 458b | 5a1c 448b | 5424 6c45 
  0x000002d08af84508: 3bd3 0f84 | d304 0000 | 4d8b 9758 | 0400 004c | 8b9c 24d0 | 0000 0045 

  0x000002d08af84520: ; ImmutableOopMap {r11=NarrowOop [32]=NarrowOop [36]=NarrowOop [40]=Oop [48]=Oop [56]=Oop [64]=Oop [72]=Oop [80]=Oop [88]=Oop [96]=Oop [104]=NarrowOop [112]=Oop [120]=Oop [128]=Oop [136]=Oop [144]=Oop [152]=Oop [168]=Oop [176]=Derived_oop_[168] }
                      ;*goto {reexecute=1 rethrow=0 return_oop=0}
                      ; - (reexecute) java.util.WeakHashMap::put@89
                      ; - java.util.Collections$SetFromMap::add@8
                      ; - java.util.zip.ZipFile::getInputStream@231
                      ; - org.eclipse.osgi.storage.bundlefile.ZipBundleFile::doGetInputStream@5 (line 101)
                      ; - org.eclipse.osgi.storage.bundlefile.ZipBundleFile::doGetInputStream@5 (line 1)
                      ; - org.eclipse.osgi.storage.bundlefile.CloseableBundleFile::getInputStream@20 (line 487)
                      ; - org.eclipse.osgi.storage.bundlefile.ZipBundleEntry::getInputStream@8 (line 58)
                      ; - org.eclipse.osgi.storage.bundlefile.BundleEntry::getBytes@1 (line 97)
                      ; - org.eclipse.osgi.internal.loader.classpath.ClasspathManager::findClassImpl@109 (line 681)
                      ;   {poll}
  0x000002d08af84520: 8b5b 2441 | 8502 4585 | db0f 8563 | 0800 004c | 8b94 24b0 | 0000 0041 | 8b2a e9c7 | ecff ff4c 
  0x000002d08af84540: 894c 2458 | 4c89 4424 | 384c 8b54 | 2430 4c89 | 5424 284c | 8b54 2448 | 4c89 5424 | 2090 c5f8 
  0x000002d08af84560: 7748 b818 | 2c18 97d0 

  0x000002d08af84568: ;   {virtual_call}
  0x000002d08af84568: 0200 00e8 

  0x000002d08af8456c: ; ImmutableOopMap {rbp=Oop [32]=Oop [40]=Oop [56]=Oop [64]=Oop [88]=Oop [128]=Oop [136]=Oop }
                      ;*invokeinterface hasNext {reexecute=0 rethrow=0 return_oop=0}
                      ; - java.util.Collections$UnmodifiableCollection$1::hasNext@4
                      ; - org.eclipse.osgi.internal.loader.classpath.ClasspathEntry::findEntry@39 (line 203)
                      ; - org.eclipse.osgi.internal.loader.classpath.ClasspathManager::findClassImpl@95 (line 675)
  0x000002d08af8456c: b0fd d8ff 

  0x000002d08af84570: ;   {other}
  0x000002d08af84570: 0f1f 8400 | e033 0014 | 4c8b 5424 | 204c 8954 | 2448 4c8b | 5424 284c | 8954 2430 | 4c8b 4424 
  0x000002d08af84590: 384c 8b4c | 2458 448b | d0e9 7adb | ffff 8b5f | 188b 6b0c 

  0x000002d08af845a4: ; implicit exception: dispatches to 0x000002d08af88cd4
                      ;   {metadata('java/util/concurrent/locks/ReentrantLock$NonfairSync')}
  0x000002d08af845a4: 8b4d 0881 | f948 b91a | 000f 85e1 | 2f00 0048 | 8bf5 33c0 | bb01 0000 | 00f0 0fb1 | 5e10 0f94 
  0x000002d08af845c4: c30f b6db | 85db 0f84 | 8f07 0000 | 8b5c 2424 | 895e 0c48 | 8bce 48c1 | e909 48ba | 0000 b1fc 
  0x000002d08af845e4: d002 0000 | 4488 240a | 488b 9424 | 8000 0000 | 4889 5424 | 5889 5c24 | 2448 8bef | 4489 5c24 
  0x000002d08af84604: 6c4c 8954 | 2470 4c89 | 4424 384c | 894c 2460 | 488b d790 

  0x000002d08af84618: ;   {optimized virtual_call}
  0x000002d08af84618: c5f8 77e8 

  0x000002d08af8461c: ; ImmutableOopMap {rbp=Oop [32]=NarrowOop [36]=NarrowOop [40]=Oop [48]=Oop [56]=Oop [64]=Oop [72]=Oop [80]=Oop [88]=Oop [96]=Oop [104]=NarrowOop [112]=Oop [120]=Oop [136]=Oop [144]=Oop [152]=Oop }
                      ;*invokevirtual poll0 {reexecute=0 rethrow=0 return_oop=1}
                      ; - java.lang.ref.ReferenceQueue::poll@17
                      ; - java.util.WeakHashMap::expungeStaleEntries@4
                      ; - java.util.WeakHashMap::getTable@1
                      ; - java.util.WeakHashMap::put@13
                      ; - java.util.Collections$SetFromMap::add@8
                      ; - java.util.zip.ZipFile::getInputStream@231
                      ; - org.eclipse.osgi.storage.bundlefile.ZipBundleFile::doGetInputStream@5 (line 101)
                      ; - org.eclipse.osgi.storage.bundlefile.ZipBundleFile::doGetInputStream@5 (line 1)
                      ; - org.eclipse.osgi.storage.bundlefile.CloseableBundleFile::getInputStream@20 (line 487)
                      ; - org.eclipse.osgi.storage.bundlefile.ZipBundleEntry::getInputStream@8 (line 58)
                      ; - org.eclipse.osgi.storage.bundlefile.BundleEntry::getBytes@1 (line 97)
                      ; - org.eclipse.osgi.internal.loader.classpath.ClasspathManager::findClassImpl@109 (line 681)
  0x000002d08af8461c: 60a1 65ff 

  0x000002d08af84620: ;   {other}
  0x000002d08af84620: 0f1f 8400 | 9034 0015 | 4889 8424 | 8000 0000 | 448b 5518 

  0x000002d08af84634: ; implicit exception: dispatches to 0x000002d08af88d4c
  0x000002d08af84634: 458b 520c 

  0x000002d08af84638: ; implicit exception: dispatches to 0x000002d08af88dac
  0x000002d08af84638: 458b 5a10 | 418b 6a0c | 4c8b c548 | 8b4c 2458 | 4c3b c10f | 85f3 2f00 | 0045 8d4b | ff41 83fb 
  0x000002d08af84658: 0175 0445 | 8962 0c45 | 894a 10f0 | 8344 24c0 | 0041 83fb | 0175 0d45 | 8b52 1445 | 85d2 0f85 
  0x000002d08af84678: 9e0e 0000 | 4c8b 9424 | 8000 0000 | 4d85 d20f | 852c 0f00 | 004c 8b4c | 2460 4c8b | 4424 384c 
  0x000002d08af84698: 8b54 2470 | 448b 5c24 | 6ce9 efea | ffff 488d | 8424 f000 | 0000 4883 | 3800 0f84 | 7900 0000 
  0x000002d08af846b8: 4c8b 1641 | f6c2 020f | 8462 0000 | 0049 83ba | 8600 0000 | 0074 0949 | ff8a 8600 | 0000 eb4b 
  0x000002d08af846d8: 498b 8296 | 0000 0049 | 0b82 8e00 | 0000 750a | 49c7 423e | 0000 0000 | eb3d 4983 | ba9e 0000 
  0x000002d08af846f8: 0000 7422 | 4833 c049 | c742 3e00 | 0000 00f0 | 8304 2400 | 4983 ba9e | 0000 0000 | 750d f04d 
  0x000002d08af84718: 0fb1 7a3e 

  0x000002d08af8471c: ;   {no_reloc}
  0x000002d08af8471c: 7505 83c8 | 01eb 0ca8 | 00eb 084c | 8b10 f04c | 0fb1 1675 | 0a49 ff8f | 5005 0000 | 4533 d20f 
  0x000002d08af8473c: 843a f6ff | ff48 8bce | 488d 9424 | f000 0000 | 4d8b c7c5 | f877 49ba | b0cf a019 | f87f 0000 
  0x000002d08af8475c: ;   {other}
  0x000002d08af8475c: 41ff d20f | 1f84 0000 | 0000 00e9 | 0ff6 ffff | 41b9 0020 | 0000 e9c4 | e1ff ff4c | 894c 2450 
  0x000002d08af8477c: 4c89 4424 | 284c 8b54 | 2430 4c89 | 5424 2048 | 8b6c 2448 | 6690 c5f8 | 7748 b8d0 | 890b 97d0 
  0x000002d08af8479c: ;   {virtual_call}
  0x000002d08af8479c: 0200 00e8 

  0x000002d08af847a0: ; ImmutableOopMap {rbp=Oop [32]=Oop [40]=Oop [64]=Oop [80]=Oop [128]=Oop [136]=Oop }
                      ;*invokeinterface iterator {reexecute=0 rethrow=0 return_oop=1}
                      ; - java.util.Collections$UnmodifiableCollection$1::<init>@17
                      ; - java.util.Collections$UnmodifiableCollection::iterator@5
                      ; - org.eclipse.osgi.internal.loader.classpath.ClasspathEntry::findEntry@4 (line 203)
                      ; - org.eclipse.osgi.internal.loader.classpath.ClasspathManager::findClassImpl@95 (line 675)
  0x000002d08af847a0: fc43 ddff 

  0x000002d08af847a4: ;   {other}
  0x000002d08af847a4: 0f1f 8400 | 1436 0016 | 4889 6c24 | 484c 8b5c | 2420 4c89 | 5c24 304c | 8b44 2428 | 4c8b 4c24 
  0x000002d08af847c4: 5048 8bc8 | e9f5 faff | ff4c 896c | 2450 4889 | 7424 384c | 8974 2428 | 488b ac24 | 8000 0000 
  0x000002d08af847e4: 6690 c5f8 | 7748 b8ff | ffff ffff 

  0x000002d08af847f0: ;   {virtual_call}
  0x000002d08af847f0: ffff ffe8 

  0x000002d08af847f4: ; ImmutableOopMap {rbp=Oop [36]=NarrowOop [40]=Oop [48]=Oop [56]=Oop [64]=Oop [72]=Oop [80]=Oop [120]=Oop [136]=Oop [144]=Oop }
                      ;*invokevirtual close {reexecute=0 rethrow=0 return_oop=0}
                      ; - java.io.FilterInputStream::close@4
                      ; - org.eclipse.osgi.storage.bundlefile.CloseableBundleFile$BundleEntryInputStream::close@1 (line 528)
                      ; - org.eclipse.osgi.storage.StorageUtil::getBytes@161 (line 213)
                      ; - org.eclipse.osgi.storage.bundlefile.BundleEntry::getBytes@16 (line 102)
                      ; - org.eclipse.osgi.internal.loader.classpath.ClasspathManager::findClassImpl@109 (line 681)
  0x000002d08af847f4: 88a2 65ff 

  0x000002d08af847f8: ;   {other}
  0x000002d08af847f8: 0f1f 8400 | 6836 0017 | 4889 ac24 | 8000 0000 | 4c8b 7424 | 2848 8b74 | 2438 4c8b | 6c24 50e9 
  0x000002d08af84818: 2bf3 ffff | 498b e94c | 8b54 2478 | 4c89 5424 | 3890 c5f8 | 7748 b818 | 2c18 97d0 

  0x000002d08af84834: ;   {virtual_call}
  0x000002d08af84834: 0200 00e8 

  0x000002d08af84838: ; ImmutableOopMap {rbp=Oop [48]=Oop [56]=Oop [64]=Oop [72]=Oop [120]=Oop [128]=Oop [136]=Oop }
                      ;*invokeinterface hasNext {reexecute=0 rethrow=0 return_oop=0}
                      ; - java.util.Collections$UnmodifiableCollection$1::hasNext@4
                      ; - org.eclipse.osgi.internal.loader.classpath.ClasspathEntry::findEntry@39 (line 203)
                      ; - org.eclipse.osgi.internal.loader.classpath.ClasspathManager::findClassImpl@95 (line 675)
  0x000002d08af84838: e4fa d8ff 

  0x000002d08af8483c: ;   {other}
  0x000002d08af8483c: 0f1f 8400 | ac36 0018 | 4c8b cde9 | 8dd9 ffff 

  0x000002d08af8484c: ;   {metadata('java/util/IdentityHashMap')}
  0x000002d08af8484c: 4181 fb58 | bf10 000f | 855b 2e00 | 004c 8944 | 2438 4c89 | 4c24 5849 | 8bea 498b | d166 6690 
  0x000002d08af8486c: ;   {static_call}
  0x000002d08af8486c: c5f8 77e8 

  0x000002d08af84870: ; ImmutableOopMap {rbp=Oop [32]=NarrowOop [36]=NarrowOop [40]=Oop [48]=Oop [56]=Oop [64]=Oop [72]=Oop [80]=Oop [88]=Oop [104]=NarrowOop [120]=Oop [128]=Oop [136]=Oop [144]=Oop [152]=Oop }
                      ;*invokestatic maskNull {reexecute=0 rethrow=0 return_oop=1}
                      ; - java.util.IdentityHashMap::put@1
                      ; - java.util.Collections$SetFromMap::add@8
                      ; - java.util.zip.ZipFile::getInputStream@231
                      ; - org.eclipse.osgi.storage.bundlefile.ZipBundleFile::doGetInputStream@5 (line 101)
                      ; - org.eclipse.osgi.storage.bundlefile.ZipBundleFile::doGetInputStream@5 (line 1)
                      ; - org.eclipse.osgi.storage.bundlefile.CloseableBundleFile::getInputStream@20 (line 487)
                      ; - org.eclipse.osgi.storage.bundlefile.ZipBundleEntry::getInputStream@8 (line 58)
                      ; - org.eclipse.osgi.storage.bundlefile.BundleEntry::getBytes@1 (line 97)
                      ; - org.eclipse.osgi.internal.loader.classpath.ClasspathManager::findClassImpl@109 (line 681)
  0x000002d08af84870: 0ca5 65ff 

  0x000002d08af84874: ;   {other}
  0x000002d08af84874: 0f1f 8400 | e436 0019 | 4889 4424 | 604c 8bdd | 458b 531c 

  0x000002d08af84888: ; implicit exception: dispatches to 0x000002d08af88e0c
  0x000002d08af84888: 458b 420c | 418b e84c | 895c 2470 | 4c89 9424 | a000 0000 | 488b d090 

  0x000002d08af848a0: ;   {static_call}
  0x000002d08af848a0: c5f8 77e8 

  0x000002d08af848a4: ; ImmutableOopMap {[32]=NarrowOop [36]=NarrowOop [40]=Oop [48]=Oop [56]=Oop [64]=Oop [72]=Oop [80]=Oop [88]=Oop [96]=Oop [104]=NarrowOop [112]=Oop [120]=Oop [128]=Oop [136]=Oop [144]=Oop [152]=Oop [160]=Oop }
                      ;*invokestatic hash {reexecute=0 rethrow=0 return_oop=0}
                      ; - java.util.IdentityHashMap::put@19
                      ; - java.util.Collections$SetFromMap::add@8
                      ; - java.util.zip.ZipFile::getInputStream@231
                      ; - org.eclipse.osgi.storage.bundlefile.ZipBundleFile::doGetInputStream@5 (line 101)
                      ; - org.eclipse.osgi.storage.bundlefile.ZipBundleFile::doGetInputStream@5 (line 1)
                      ; - org.eclipse.osgi.storage.bundlefile.CloseableBundleFile::getInputStream@20 (line 487)
                      ; - org.eclipse.osgi.storage.bundlefile.ZipBundleEntry::getInputStream@8 (line 58)
                      ; - org.eclipse.osgi.storage.bundlefile.BundleEntry::getBytes@1 (line 97)
                      ; - org.eclipse.osgi.internal.loader.classpath.ClasspathManager::findClassImpl@109 (line 681)
  0x000002d08af848a4: d8a4 65ff 

  0x000002d08af848a8: ;   {other}
  0x000002d08af848a8: 0f1f 8400 | 1837 001a | 89ac 24d0 | 0000 0044 | 8bd8 89ac | 24c0 0000 | 00eb 620f | 1f80 0000 
  0x000002d08af848c8: 0000 660f | 1f44 0000 | 8b54 246c | 448b 8424 | c000 0000 

  0x000002d08af848dc: ;   {static_call}
  0x000002d08af848dc: c5f8 77e8 

  0x000002d08af848e0: ; ImmutableOopMap {[32]=NarrowOop [36]=NarrowOop [40]=Oop [48]=Oop [56]=Oop [64]=Oop [72]=Oop [80]=Oop [88]=Oop [96]=Oop [104]=NarrowOop [112]=Oop [120]=Oop [128]=Oop [136]=Oop [144]=Oop [152]=Oop [160]=Oop }
                      ;*invokestatic nextKeyIndex {reexecute=0 rethrow=0 return_oop=0}
                      ; - java.util.IdentityHashMap::put@65
                      ; - java.util.Collections$SetFromMap::add@8
                      ; - java.util.zip.ZipFile::getInputStream@231
                      ; - org.eclipse.osgi.storage.bundlefile.ZipBundleFile::doGetInputStream@5 (line 101)
                      ; - org.eclipse.osgi.storage.bundlefile.ZipBundleFile::doGetInputStream@5 (line 1)
                      ; - org.eclipse.osgi.storage.bundlefile.CloseableBundleFile::getInputStream@20 (line 487)
                      ; - org.eclipse.osgi.storage.bundlefile.ZipBundleEntry::getInputStream@8 (line 58)
                      ; - org.eclipse.osgi.storage.bundlefile.BundleEntry::getBytes@1 (line 97)
                      ; - org.eclipse.osgi.internal.loader.classpath.ClasspathManager::findClassImpl@109 (line 681)
  0x000002d08af848e0: 9ca4 65ff 

  0x000002d08af848e4: ;   {other}
  0x000002d08af848e4: 0f1f 8400 | 5437 001b | 4d8b 9758 

  0x000002d08af848f0: ; ImmutableOopMap {[32]=NarrowOop [36]=NarrowOop [40]=Oop [48]=Oop [56]=Oop [64]=Oop [72]=Oop [80]=Oop [88]=Oop [96]=Oop [104]=NarrowOop [112]=Oop [120]=Oop [128]=Oop [136]=Oop [144]=Oop [152]=Oop [160]=Oop }
                      ;*goto {reexecute=1 rethrow=0 return_oop=0}
                      ; - (reexecute) java.util.IdentityHashMap::put@70
                      ; - java.util.Collections$SetFromMap::add@8
                      ; - java.util.zip.ZipFile::getInputStream@231
                      ; - org.eclipse.osgi.storage.bundlefile.ZipBundleFile::doGetInputStream@5 (line 101)
                      ; - org.eclipse.osgi.storage.bundlefile.ZipBundleFile::doGetInputStream@5 (line 1)
                      ; - org.eclipse.osgi.storage.bundlefile.CloseableBundleFile::getInputStream@20 (line 487)
                      ; - org.eclipse.osgi.storage.bundlefile.ZipBundleEntry::getInputStream@8 (line 58)
                      ; - org.eclipse.osgi.storage.bundlefile.BundleEntry::getBytes@1 (line 97)
                      ; - org.eclipse.osgi.internal.loader.classpath.ClasspathManager::findClassImpl@109 (line 681)
                      ;   {poll}
  0x000002d08af848f0: 0400 0041 | 8502 4c8b | 8c24 a000 | 0000 458b | 410c 448b | 9424 c000 | 0000 448b | d844 8994 
  0x000002d08af84910: 24c0 0000 | 004c 898c | 24a0 0000 | 0044 8984 | 24d0 0000 | 0045 8bd3 | 443b 9c24 | d000 0000 
  0x000002d08af84930: 0f83 0a2c | 0000 4489 | 5c24 6c4c | 8b9c 24a0 | 0000 004b | 8d4c 9310 | 458b 4b08 | 4489 8c24 
  0x000002d08af84950: b000 0000 | 448b 0148 | 898c 24a8 | 0000 004d | 63d2 4f8d | 5493 144c | 8994 24b8 | 0000 0044 
  0x000002d08af84970: 8b54 246c | 458d 5a01 | 4489 9c24 | b400 0000 | 4585 c00f | 8425 0100 | 004d 8bd0 | 4c8b 5c24 
  0x000002d08af84990: 604d 3bd3 | 0f85 36ff | ffff 448b | 9c24 b400 | 0000 443b | 9c24 d000 | 0000 0f83 | 4c2d 0000 
  0x000002d08af849b0: ;   {metadata('java/lang/Object'[])}
  0x000002d08af849b0: 4181 f970 | 1200 000f | 8587 2d00 | 004c 8b94 | 24b8 0000 

  0x000002d08af849c4: ;   {oop(a 'java/lang/Boolean'{0x0000000080003d70} = true)}
  0x000002d08af849c4: 0041 c702 | 703d 0080 | 49c1 ea09 | 49bb 0000 | b1fc d002 | 0000 4788 | 2413 e930 | e9ff ff48 
  0x000002d08af849e4: 8b54 2470 | 4c8b 8424 | d000 0000 | 4c8b 4c24 | 5866 6690 

  0x000002d08af849f8: ;   {optimized virtual_call}
  0x000002d08af849f8: c5f8 77e8 

  0x000002d08af849fc: ; ImmutableOopMap {[32]=NarrowOop [36]=NarrowOop [40]=Oop [48]=Oop [56]=Oop [64]=Oop [72]=Oop [80]=Oop [88]=Oop [96]=Oop [104]=NarrowOop [112]=Oop [120]=Oop [128]=Oop [136]=Oop [144]=Oop [152]=Oop [168]=Oop [176]=Derived_oop_[168] [208]=Oop }
                      ;*invokevirtual matchesKey {reexecute=0 rethrow=0 return_oop=0}
                      ; - java.util.WeakHashMap::put@54
                      ; - java.util.Collections$SetFromMap::add@8
                      ; - java.util.zip.ZipFile::getInputStream@231
                      ; - org.eclipse.osgi.storage.bundlefile.ZipBundleFile::doGetInputStream@5 (line 101)
                      ; - org.eclipse.osgi.storage.bundlefile.ZipBundleFile::doGetInputStream@5 (line 1)
                      ; - org.eclipse.osgi.storage.bundlefile.CloseableBundleFile::getInputStream@20 (line 487)
                      ; - org.eclipse.osgi.storage.bundlefile.ZipBundleEntry::getInputStream@8 (line 58)
                      ; - org.eclipse.osgi.storage.bundlefile.BundleEntry::getBytes@1 (line 97)
                      ; - org.eclipse.osgi.internal.loader.classpath.ClasspathManager::findClassImpl@109 (line 681)
  0x000002d08af849fc: 809d 65ff 

  0x000002d08af84a00: ;   {other}
  0x000002d08af84a00: 0f1f 8400 | 7038 001d | 85c0 0f84 | 00fb ffff | 4c8b 9424 | d000 0000 | 458b 5a20 

  0x000002d08af84a1c: ;   {oop(a 'java/lang/Boolean'{0x0000000080003d70} = true)}
  0x000002d08af84a1c: 4181 fb70 | 3d00 800f | 84ea e8ff 

  0x000002d08af84a28: ;   {oop(a 'java/lang/Boolean'{0x0000000080003d70} = true)}
  0x000002d08af84a28: ff41 c742 | 2070 3d00 | 8049 c1ea | 0949 bb00 | 00b1 fcd0 | 0200 0047 | 8824 13e9 | cbe8 ffff 
  0x000002d08af84a48: 4d8b 9fb8 | 0100 004d | 8b97 c801 | 0000 498b | db48 83c3 | 1049 3bda | 0f83 da26 | 0000 4989 
  0x000002d08af84a68: 9fb8 0100 | 000f 1883 | 0001 0000 | 49c7 0301 

  0x000002d08af84a78: ;   {metadata('java/util/HashMap$KeySet')}
  0x000002d08af84a78: 0000 0041 | c743 0830 | 101a 0045 | 8963 0c48 | 8bd9 4189 | 5b0c 498b | db89 590c | 4c8b d149 
  0x000002d08af84a98: c1ea 0948 | b900 00b1 | fcd0 0200 | 0046 8824 | 11e9 daf3 | ffff 4c8b | 5424 7041 | 8b6a 1444 
  0x000002d08af84ab8: 8d5c 6d03 | ffc5 443b | 9c24 c000 | 0000 7e70 | 488b 5424 | 7044 8b84 | 24c0 0000 | 0066 6690 
  0x000002d08af84ad8: ;   {optimized virtual_call}
  0x000002d08af84ad8: c5f8 77e8 

  0x000002d08af84adc: ; ImmutableOopMap {[32]=NarrowOop [36]=NarrowOop [40]=Oop [48]=Oop [56]=Oop [64]=Oop [72]=Oop [80]=Oop [88]=Oop [96]=Oop [104]=NarrowOop [112]=Oop [120]=Oop [128]=Oop [136]=Oop [144]=Oop [152]=Oop [160]=Oop [184]=Derived_oop_[160] [168]=Derived_oop_[160] }
                      ;*invokevirtual resize {reexecute=0 rethrow=0 return_oop=0}
                      ; - java.util.IdentityHashMap::put@96
                      ; - java.util.Collections$SetFromMap::add@8
                      ; - java.util.zip.ZipFile::getInputStream@231
                      ; - org.eclipse.osgi.storage.bundlefile.ZipBundleFile::doGetInputStream@5 (line 101)
                      ; - org.eclipse.osgi.storage.bundlefile.ZipBundleFile::doGetInputStream@5 (line 1)
                      ; - org.eclipse.osgi.storage.bundlefile.CloseableBundleFile::getInputStream@20 (line 487)
                      ; - org.eclipse.osgi.storage.bundlefile.ZipBundleEntry::getInputStream@8 (line 58)
                      ; - org.eclipse.osgi.storage.bundlefile.BundleEntry::getBytes@1 (line 97)
                      ; - org.eclipse.osgi.internal.loader.classpath.ClasspathManager::findClassImpl@109 (line 681)
  0x000002d08af84adc: a09c 65ff 

  0x000002d08af84ae0: ;   {other}
  0x000002d08af84ae0: 0f1f 8400 | 5039 001e | 85c0 744c | 4d8b 9f58 | 0400 004c | 8b54 2470 

  0x000002d08af84af8: ; ImmutableOopMap {r8=NarrowOop [32]=NarrowOop [36]=NarrowOop [40]=Oop [48]=Oop [56]=Oop [64]=Oop [72]=Oop [80]=Oop [88]=Oop [96]=Oop [104]=NarrowOop [112]=Oop [120]=Oop [128]=Oop [136]=Oop [144]=Oop [152]=Oop }
                      ;*goto {reexecute=1 rethrow=0 return_oop=0}
                      ; - (reexecute) java.util.IdentityHashMap::put@102
                      ; - java.util.Collections$SetFromMap::add@8
                      ; - java.util.zip.ZipFile::getInputStream@231
                      ; - org.eclipse.osgi.storage.bundlefile.ZipBundleFile::doGetInputStream@5 (line 101)
                      ; - org.eclipse.osgi.storage.bundlefile.ZipBundleFile::doGetInputStream@5 (line 1)
                      ; - org.eclipse.osgi.storage.bundlefile.CloseableBundleFile::getInputStream@20 (line 487)
                      ; - org.eclipse.osgi.storage.bundlefile.ZipBundleEntry::getInputStream@8 (line 58)
                      ; - org.eclipse.osgi.storage.bundlefile.BundleEntry::getBytes@1 (line 97)
                      ; - org.eclipse.osgi.internal.loader.classpath.ClasspathManager::findClassImpl@109 (line 681)
  0x000002d08af84af8: 458b 421c 

  0x000002d08af84afc: ;   {poll}
  0x000002d08af84afc: 4185 0345 | 8b48 0c44 | 894c 246c | 4d8b d049 | 8bea 488b | 5424 6045 | 8bc1 6690 

  0x000002d08af84b18: ;   {static_call}
  0x000002d08af84b18: c5f8 77e8 

  0x000002d08af84b1c: ; ImmutableOopMap {rbp=Oop [32]=NarrowOop [36]=NarrowOop [40]=Oop [48]=Oop [56]=Oop [64]=Oop [72]=Oop [80]=Oop [88]=Oop [96]=Oop [104]=NarrowOop [112]=Oop [120]=Oop [128]=Oop [136]=Oop [144]=Oop [152]=Oop }
                      ;*invokestatic hash {reexecute=0 rethrow=0 return_oop=0}
                      ; - java.util.IdentityHashMap::put@19
                      ; - java.util.Collections$SetFromMap::add@8
                      ; - java.util.zip.ZipFile::getInputStream@231
                      ; - org.eclipse.osgi.storage.bundlefile.ZipBundleFile::doGetInputStream@5 (line 101)
                      ; - org.eclipse.osgi.storage.bundlefile.ZipBundleFile::doGetInputStream@5 (line 1)
                      ; - org.eclipse.osgi.storage.bundlefile.CloseableBundleFile::getInputStream@20 (line 487)
                      ; - org.eclipse.osgi.storage.bundlefile.ZipBundleEntry::getInputStream@8 (line 58)
                      ; - org.eclipse.osgi.storage.bundlefile.BundleEntry::getBytes@1 (line 97)
                      ; - org.eclipse.osgi.internal.loader.classpath.ClasspathManager::findClassImpl@109 (line 681)
  0x000002d08af84b1c: 60a2 65ff 

  0x000002d08af84b20: ;   {other}
  0x000002d08af84b20: 0f1f 8400 | 9039 0020 | 448b 4424 | 6c45 8bd0 | 4c8b cde9 | d2fd ffff | 4c8b 5424 | 7045 8b5a 
  0x000002d08af84b40: 1841 ffc3 | 4589 5a18 | 448b 9424 | b000 0000 

  0x000002d08af84b50: ;   {metadata('java/lang/Object'[])}
  0x000002d08af84b50: 4181 fa70 | 1200 000f | 855b 2c00 | 004c 8b54 | 2460 4c8b | 9c24 a800 | 0000 4589 | 134d 8bd3 
  0x000002d08af84b70: 49c1 ea09 | 49bb 0000 | b1fc d002 | 0000 4788 | 2413 448b | 9c24 b400 | 0000 443b | 9c24 d000 
  0x000002d08af84b90: 0000 0f83 | e42b 0000 | 4c8b 5424 | 7041 896a | 144c 8b94 | 24b8 0000 

  0x000002d08af84ba8: ;   {oop(a 'java/lang/Boolean'{0x0000000080003d70} = true)}
  0x000002d08af84ba8: 0041 c702 | 703d 0080 | 49c1 ea09 | 49bb 0000 | b1fc d002 | 0000 4788 | 2413 e94c | e7ff ff41 
  0x000002d08af84bc8: 8b6b 1485 | ed0f 84b8 | e9ff ff44 | 8b45 0c45 | 85c0 0f84 | abe9 ffff | 4889 7424 | 3844 8b44 
  0x000002d08af84be8: 2424 4489 | 4424 2c44 | 8954 2428 | 4c8b 9424 | 8000 0000 | 4c89 5424 | 204c 8bd5 | 498b d241 
  0x000002d08af84c08: b801 0000 | 004c 8994 | 24a0 0000 | 0066 6690 

  0x000002d08af84c18: ;   {optimized virtual_call}
  0x000002d08af84c18: c5f8 77e8 

  0x000002d08af84c1c: ; ImmutableOopMap {rbp=NarrowOop [32]=Oop [40]=NarrowOop [44]=NarrowOop [48]=Oop [56]=Oop [64]=Oop [72]=Oop [80]=Oop [120]=Oop [136]=Oop [144]=Oop [152]=Oop [160]=Oop }
                      ;*invokevirtual getAndUnsetStatus {reexecute=0 rethrow=0 return_oop=0}
                      ; - java.util.concurrent.locks.AbstractQueuedSynchronizer::signalNext@22
                      ; - java.util.concurrent.locks.AbstractQueuedSynchronizer::release@12
                      ; - java.util.concurrent.locks.ReentrantLock::unlock@5
                      ; - org.eclipse.osgi.storage.bundlefile.CloseableBundleFile::incrementReference@34 (line 455)
                      ; - org.eclipse.osgi.storage.bundlefile.CloseableBundleFile$BundleEntryInputStream::<init>@16 (line 513)
                      ; - org.eclipse.osgi.storage.bundlefile.CloseableBundleFile::getInputStream@37 (line 489)
                      ; - org.eclipse.osgi.storage.bundlefile.ZipBundleEntry::getInputStream@8 (line 58)
                      ; - org.eclipse.osgi.storage.bundlefile.BundleEntry::getBytes@1 (line 97)
                      ; - org.eclipse.osgi.internal.loader.classpath.ClasspathManager::findClassImpl@109 (line 681)
  0x000002d08af84c1c: 609b 65ff 

  0x000002d08af84c20: ;   {other}
  0x000002d08af84c20: 0f1f 8400 | 903a 0021 | 448b 5518 | 498b d290 

  0x000002d08af84c30: ;   {static_call}
  0x000002d08af84c30: c5f8 77e8 

  0x000002d08af84c34: ; ImmutableOopMap {[32]=Oop [40]=NarrowOop [44]=NarrowOop [48]=Oop [56]=Oop [64]=Oop [72]=Oop [80]=Oop [120]=Oop [136]=Oop [144]=Oop [152]=Oop }
                      ;*invokestatic unpark {reexecute=0 rethrow=0 return_oop=0}
                      ; - java.util.concurrent.locks.AbstractQueuedSynchronizer::signalNext@30
                      ; - java.util.concurrent.locks.AbstractQueuedSynchronizer::release@12
                      ; - java.util.concurrent.locks.ReentrantLock::unlock@5
                      ; - org.eclipse.osgi.storage.bundlefile.CloseableBundleFile::incrementReference@34 (line 455)
                      ; - org.eclipse.osgi.storage.bundlefile.CloseableBundleFile$BundleEntryInputStream::<init>@16 (line 513)
                      ; - org.eclipse.osgi.storage.bundlefile.CloseableBundleFile::getInputStream@37 (line 489)
                      ; - org.eclipse.osgi.storage.bundlefile.ZipBundleEntry::getInputStream@8 (line 58)
                      ; - org.eclipse.osgi.storage.bundlefile.BundleEntry::getBytes@1 (line 97)
                      ; - org.eclipse.osgi.internal.loader.classpath.ClasspathManager::findClassImpl@109 (line 681)
  0x000002d08af84c34: 48a1 65ff 

  0x000002d08af84c38: ;   {other}
  0x000002d08af84c38: 0f1f 8400 | a83a 0022 | 4c8b 5424 | 204c 8994 | 2480 0000 | 0044 8b54 | 2428 448b | 5c24 2c44 
  0x000002d08af84c58: 895c 2424 | 488b 7424 | 38e9 25e9 | ffff 418b | 6b14 85ed | 0f84 68e9 | ffff 448b | 550c 4585 
  0x000002d08af84c78: d20f 845b | e9ff ff48 | 8974 2438 | 448b 5c24 | 2444 895c | 2428 4c89 | 4424 204c | 8bd5 498b 
  0x000002d08af84c98: d241 b801 | 0000 004c | 8994 24a0 | 0000 0090 

  0x000002d08af84ca8: ;   {optimized virtual_call}
  0x000002d08af84ca8: c5f8 77e8 

  0x000002d08af84cac: ; ImmutableOopMap {rbp=NarrowOop [32]=Oop [40]=NarrowOop [48]=Oop [56]=Oop [64]=Oop [72]=Oop [120]=Oop [136]=Oop [144]=Oop [152]=Oop [160]=Oop }
                      ;*invokevirtual getAndUnsetStatus {reexecute=0 rethrow=0 return_oop=0}
                      ; - java.util.concurrent.locks.AbstractQueuedSynchronizer::signalNext@22
                      ; - java.util.concurrent.locks.AbstractQueuedSynchronizer::release@12
                      ; - java.util.concurrent.locks.ReentrantLock::unlock@5
                      ; - org.eclipse.osgi.storage.bundlefile.CloseableBundleFile::releaseOpen@4 (line 122)
                      ; - org.eclipse.osgi.storage.bundlefile.CloseableBundleFile::getInputStream@45 (line 493)
                      ; - org.eclipse.osgi.storage.bundlefile.ZipBundleEntry::getInputStream@8 (line 58)
                      ; - org.eclipse.osgi.storage.bundlefile.BundleEntry::getBytes@1 (line 97)
                      ; - org.eclipse.osgi.internal.loader.classpath.ClasspathManager::findClassImpl@109 (line 681)
  0x000002d08af84cac: bd53 0000 

  0x000002d08af84cb0: ;   {other}
  0x000002d08af84cb0: 0f1f 8400 | 203b 0023 | 448b 5d18 | 498b d390 

  0x000002d08af84cc0: ;   {static_call}
  0x000002d08af84cc0: c5f8 77e8 

  0x000002d08af84cc4: ; ImmutableOopMap {[32]=Oop [40]=NarrowOop [48]=Oop [56]=Oop [64]=Oop [72]=Oop [120]=Oop [136]=Oop [144]=Oop [152]=Oop }
                      ;*invokestatic unpark {reexecute=0 rethrow=0 return_oop=0}
                      ; - java.util.concurrent.locks.AbstractQueuedSynchronizer::signalNext@30
                      ; - java.util.concurrent.locks.AbstractQueuedSynchronizer::release@12
                      ; - java.util.concurrent.locks.ReentrantLock::unlock@5
                      ; - org.eclipse.osgi.storage.bundlefile.CloseableBundleFile::releaseOpen@4 (line 122)
                      ; - org.eclipse.osgi.storage.bundlefile.CloseableBundleFile::getInputStream@45 (line 493)
                      ; - org.eclipse.osgi.storage.bundlefile.ZipBundleEntry::getInputStream@8 (line 58)
                      ; - org.eclipse.osgi.storage.bundlefile.BundleEntry::getBytes@1 (line 97)
                      ; - org.eclipse.osgi.internal.loader.classpath.ClasspathManager::findClassImpl@109 (line 681)
  0x000002d08af84cc4: b453 0000 

  0x000002d08af84cc8: ;   {other}
  0x000002d08af84cc8: 0f1f 8400 | 383b 0024 | 4c8b 5424 | 204c 8994 | 2480 0000 | 0044 8b54 | 2428 4489 | 5424 2448 
  0x000002d08af84ce8: 8b74 2438 | e9e9 e8ff | ff41 8b6b | 1485 ed0f | 847e f0ff | ff44 8b55 | 0c45 85d2 | 0f84 71f0 
  0x000002d08af84d08: ffff 4c89 | 6c24 504c | 8974 2428 | 4c8b d549 | 8bd2 41b8 | 0100 0000 | 4c89 5424 | 7066 6690 
  0x000002d08af84d28: ;   {optimized virtual_call}
  0x000002d08af84d28: c5f8 77e8 

  0x000002d08af84d2c: ; ImmutableOopMap {rbp=NarrowOop [40]=Oop [48]=Oop [64]=Oop [72]=Oop [80]=Oop [112]=Oop [120]=Oop [136]=Oop [144]=Oop }
                      ;*invokevirtual getAndUnsetStatus {reexecute=0 rethrow=0 return_oop=0}
                      ; - java.util.concurrent.locks.AbstractQueuedSynchronizer::signalNext@22
                      ; - java.util.concurrent.locks.AbstractQueuedSynchronizer::release@12
                      ; - java.util.concurrent.locks.ReentrantLock::unlock@5
                      ; - org.eclipse.osgi.storage.bundlefile.CloseableBundleFile::decrementReference@54 (line 467)
                      ; - org.eclipse.osgi.storage.bundlefile.CloseableBundleFile$BundleEntryInputStream::close@82 (line 537)
                      ; - org.eclipse.osgi.storage.StorageUtil::getBytes@161 (line 213)
                      ; - org.eclipse.osgi.storage.bundlefile.BundleEntry::getBytes@16 (line 102)
                      ; - org.eclipse.osgi.internal.loader.classpath.ClasspathManager::findClassImpl@109 (line 681)
  0x000002d08af84d2c: 509a 65ff 

  0x000002d08af84d30: ;   {other}
  0x000002d08af84d30: 0f1f 8400 | a03b 0025 | 448b 5d18 | 498b d390 

  0x000002d08af84d40: ;   {static_call}
  0x000002d08af84d40: c5f8 77e8 

  0x000002d08af84d44: ; ImmutableOopMap {[40]=Oop [48]=Oop [64]=Oop [72]=Oop [80]=Oop [120]=Oop [136]=Oop [144]=Oop }
                      ;*invokestatic unpark {reexecute=0 rethrow=0 return_oop=0}
                      ; - java.util.concurrent.locks.AbstractQueuedSynchronizer::signalNext@30
                      ; - java.util.concurrent.locks.AbstractQueuedSynchronizer::release@12
                      ; - java.util.concurrent.locks.ReentrantLock::unlock@5
                      ; - org.eclipse.osgi.storage.bundlefile.CloseableBundleFile::decrementReference@54 (line 467)
                      ; - org.eclipse.osgi.storage.bundlefile.CloseableBundleFile$BundleEntryInputStream::close@82 (line 537)
                      ; - org.eclipse.osgi.storage.StorageUtil::getBytes@161 (line 213)
                      ; - org.eclipse.osgi.storage.bundlefile.BundleEntry::getBytes@16 (line 102)
                      ; - org.eclipse.osgi.internal.loader.classpath.ClasspathManager::findClassImpl@109 (line 681)
  0x000002d08af84d44: 38a0 65ff 

  0x000002d08af84d48: ;   {other}
  0x000002d08af84d48: 0f1f 8400 | b83b 0026 | 4c8b 7424 | 284c 8b6c | 2450 e91c | f0ff ff8b | 4e0c 488b | 9424 8000 
  0x000002d08af84d68: 0000 483b | ca0f 8510 | 0b00 008b | 6e10 ffc5 | 85ed 0f8c | 282b 0000 | 896e 10f0 | 8344 24c0 
  0x000002d08af84d88: 008b 5c24 | 24e9 62f8 | ffff 4d8b | d34c 8994 | 24d0 0000 | 00e9 54f7 | ffff 4c89 | 5424 584c 
  0x000002d08af84da8: 8944 2438 | 498b e949 | 8bd1 6690 

  0x000002d08af84db4: ;   {optimized virtual_call}
  0x000002d08af84db4: c5f8 77e8 

  0x000002d08af84db8: ; ImmutableOopMap {rbp=Oop [32]=NarrowOop [36]=NarrowOop [40]=Oop [48]=Oop [56]=Oop [64]=Oop [72]=Oop [80]=Oop [88]=Oop [104]=NarrowOop [120]=Oop [128]=Oop [136]=Oop [144]=Oop [152]=Oop }
                      ;*invokevirtual hashCode {reexecute=0 rethrow=0 return_oop=0}
                      ; - java.util.WeakHashMap::hash@1
                      ; - java.util.WeakHashMap::put@7
                      ; - java.util.Collections$SetFromMap::add@8
                      ; - java.util.zip.ZipFile::getInputStream@231
                      ; - org.eclipse.osgi.storage.bundlefile.ZipBundleFile::doGetInputStream@5 (line 101)
                      ; - org.eclipse.osgi.storage.bundlefile.ZipBundleFile::doGetInputStream@5 (line 1)
                      ; - org.eclipse.osgi.storage.bundlefile.CloseableBundleFile::getInputStream@20 (line 487)
                      ; - org.eclipse.osgi.storage.bundlefile.ZipBundleEntry::getInputStream@8 (line 58)
                      ; - org.eclipse.osgi.storage.bundlefile.BundleEntry::getBytes@1 (line 97)
                      ; - org.eclipse.osgi.internal.loader.classpath.ClasspathManager::findClassImpl@109 (line 681)
  0x000002d08af84db8: 84d5 d5ff 

  0x000002d08af84dbc: ;   {other}
  0x000002d08af84dbc: 0f1f 8400 | 2c3c 0027 | 4c8b cd4c | 8b44 2438 | 4c8b 5424 | 58e9 76e3 

  0x000002d08af84dd4: ;   {metadata('java/util/LinkedHashMap')}
  0x000002d08af84dd4: ffff 4181 | fbe8 a10f | 000f 8545 | 2a00 004c | 894c 2450 | 4c89 4424 | 284c 8b54 | 2430 4c89 
  0x000002d08af84df4: 5424 2048 | 8b6c 2448 | 488b d190 

  0x000002d08af84e00: ;   {optimized virtual_call}
  0x000002d08af84e00: c5f8 77e8 

  0x000002d08af84e04: ; ImmutableOopMap {rbp=Oop [32]=Oop [40]=Oop [64]=Oop [80]=Oop [128]=Oop [136]=Oop }
                      ;*invokevirtual sequencedKeySet {reexecute=0 rethrow=0 return_oop=1}
                      ; - java.util.LinkedHashMap::keySet@1
                      ; - java.util.HashSet::iterator@4
                      ; - java.util.Collections$UnmodifiableCollection$1::<init>@17
                      ; - java.util.Collections$UnmodifiableCollection::iterator@5
                      ; - org.eclipse.osgi.internal.loader.classpath.ClasspathEntry::findEntry@4 (line 203)
                      ; - org.eclipse.osgi.internal.loader.classpath.ClasspathManager::findClassImpl@95 (line 675)
  0x000002d08af84e04: 7899 65ff 

  0x000002d08af84e08: ;   {other}
  0x000002d08af84e08: 0f1f 8400 | 783c 0028 | 4c8b d848 | 85c0 0f84 | f429 0000 | 4889 6c24 | 484c 8b54 | 2420 4c89 
  0x000002d08af84e28: 5424 304c | 8b44 2428 | 4c8b 4c24 | 50e9 4ef0 

  0x000002d08af84e38: ;   {metadata('java/util/LinkedHashMap$LinkedKeySet')}
  0x000002d08af84e38: ffff 4181 | fa20 5605 | 010f 8521 | 2a00 0049 | 8b8f b801 | 0000 4d8b | 97c8 0100 | 0048 8bd9 
  0x000002d08af84e58: 4883 c320 | 493b da0f | 833b 2500 | 0049 899f | b801 0000 | 0f18 8300 | 0100 0048 | c701 0100 
  0x000002d08af84e78: ;   {metadata('java/util/LinkedHashMap$LinkedKeyIterator')}
  0x000002d08af84e78: 0000 c741 | 0868 5b05 | 0144 8961 | 0c4c 8961 | 104c 8961 | 1845 8b53 | 1044 8951 | 1c41 0fb6 
  0x000002d08af84e98: 6b0c 4088 | 6910 85ed | 0f85 8a2a | 0000 458b | 5a18 4489 | 590c 458b | 5a34 4489 | 5914 4c8b 
  0x000002d08af84eb8: d149 c1ea | 0949 bb00 | 00b1 fcd0 | 0200 0047 | 8824 13e9 | f2f3 ffff | 4489 5424 | 384c 896c 
  0x000002d08af84ed8: 2450 4c89 | 7424 284c | 8944 2420 | 4c8b c549 | 8bd1 4533 | c948 898c | 2480 0000 | 0066 6690 
  0x000002d08af84ef8: ;   {optimized virtual_call}
  0x000002d08af84ef8: c5f8 77e8 

  0x000002d08af84efc: ; ImmutableOopMap {[32]=Oop [40]=Oop [48]=Oop [56]=NarrowOop [64]=Oop [72]=Oop [80]=Oop [120]=Oop [128]=Oop [136]=Oop [144]=Oop }
                      ;*invokevirtual doSignal {reexecute=0 rethrow=0 return_oop=0}
                      ; - java.util.concurrent.locks.AbstractQueuedSynchronizer$ConditionObject::signal@30
                      ; - org.eclipse.osgi.storage.bundlefile.CloseableBundleFile::decrementReference@32 (line 465)
                      ; - org.eclipse.osgi.storage.bundlefile.CloseableBundleFile$BundleEntryInputStream::close@82 (line 537)
                      ; - org.eclipse.osgi.storage.StorageUtil::getBytes@161 (line 213)
                      ; - org.eclipse.osgi.storage.bundlefile.BundleEntry::getBytes@16 (line 102)
                      ; - org.eclipse.osgi.internal.loader.classpath.ClasspathManager::findClassImpl@109 (line 681)
  0x000002d08af84efc: 8098 65ff 

  0x000002d08af84f00: ;   {other}
  0x000002d08af84f00: 0f1f 8400 | 703d 0029 | 4c8b 5424 | 204c 8994 | 2480 0000 | 004c 8b74 | 2428 4c8b | 6c24 5044 
  0x000002d08af84f20: 8b54 2438 | e904 eeff | ff44 8b94 | 24a0 0000 | 0041 d1e2 | 498b d345 | 8bc2 6690 

  0x000002d08af84f3c: ;   {optimized virtual_call}
  0x000002d08af84f3c: c5f8 77e8 

  0x000002d08af84f40: ; ImmutableOopMap {[32]=NarrowOop [36]=NarrowOop [40]=Oop [48]=Oop [56]=Oop [64]=Oop [72]=Oop [80]=Oop [88]=Oop [104]=NarrowOop [120]=Oop [128]=Oop [136]=Oop [144]=Oop [152]=Oop }
                      ;*invokevirtual resize {reexecute=0 rethrow=0 return_oop=0}
                      ; - java.util.WeakHashMap::put@155
                      ; - java.util.Collections$SetFromMap::add@8
                      ; - java.util.zip.ZipFile::getInputStream@231
                      ; - org.eclipse.osgi.storage.bundlefile.ZipBundleFile::doGetInputStream@5 (line 101)
                      ; - org.eclipse.osgi.storage.bundlefile.ZipBundleFile::doGetInputStream@5 (line 1)
                      ; - org.eclipse.osgi.storage.bundlefile.CloseableBundleFile::getInputStream@20 (line 487)
                      ; - org.eclipse.osgi.storage.bundlefile.ZipBundleEntry::getInputStream@8 (line 58)
                      ; - org.eclipse.osgi.storage.bundlefile.BundleEntry::getBytes@1 (line 97)
                      ; - org.eclipse.osgi.internal.loader.classpath.ClasspathManager::findClassImpl@109 (line 681)
  0x000002d08af84f40: 3c98 65ff 

  0x000002d08af84f44: ;   {other}
  0x000002d08af84f44: 0f1f 8400 | b43d 002a | e9c2 e3ff | ff89 5c24 | 6889 4c24 | 6444 894c | 245c 4489 | 4424 584c 
  0x000002d08af84f64: 8b54 2430 | 4c89 5424 | 284c 8b54 | 2448 4c89 | 5424 2049 | 8beb 4489 

  0x000002d08af84f7c: ;   {metadata({type array byte})}
  0x000002d08af84f7c: 5c24 6048 | ba18 2300 | 97d0 0200 | 0066 6690 

  0x000002d08af84f8c: ;   {runtime_call _new_array_Java}
  0x000002d08af84f8c: c5f8 77e8 

  0x000002d08af84f90: ; ImmutableOopMap {rbp=Oop [32]=Oop [40]=Oop [56]=Oop [64]=Oop [96]=NarrowOop [128]=Oop }
                      ;*invokevirtual allocateUninitializedArray0 {reexecute=0 rethrow=0 return_oop=1}
                      ; - jdk.internal.misc.Unsafe::allocateUninitializedArray@51
                      ; - java.lang.StringConcatHelper::newArray@33
                      ; - java.lang.StringLatin1::replace@49
                      ; - java.lang.String::replace@18
                      ; - org.eclipse.osgi.internal.loader.classpath.ClasspathManager::findClassImpl@81 (line 673)
  0x000002d08af84f90: 6c15 71ff 

  0x000002d08af84f94: ;   {other}
  0x000002d08af84f94: 0f1f 8400 | 043e 002b | 4c8b 5c24 | 204c 895c | 2448 4c8b | 5c24 284c | 895c 2430 | 448b 4424 
  0x000002d08af84fb4: 5844 8b4c | 245c 448b | 5c24 608b | 4c24 648b | 5c24 6848 | 8bf8 e90b 

  0x000002d08af84fcc: ;   {metadata('java/lang/String')}
  0x000002d08af84fcc: cdff ff48 | ba78 e800 | 97d0 0200 | 0048 897c | 2458 6690 

  0x000002d08af84fe0: ;   {runtime_call _new_instance_Java}
  0x000002d08af84fe0: c5f8 77e8 

  0x000002d08af84fe4: ; ImmutableOopMap {[48]=Oop [56]=Oop [64]=Oop [72]=Oop [88]=Oop [128]=Oop }
                      ;*new {reexecute=0 rethrow=0 return_oop=1}
                      ; - java.lang.StringLatin1::replace@116
                      ; - java.lang.String::replace@18
                      ; - org.eclipse.osgi.internal.loader.classpath.ClasspathManager::findClassImpl@81 (line 673)
  0x000002d08af84fe4: 18f7 70ff 

  0x000002d08af84fe8: ;   {other}
  0x000002d08af84fe8: 0f1f 8400 | 583e 002c | 4c8b d848 | 8b7c 2458 | e9a3 ceff | ff48 8bf8 | 4489 4c24 | 6c48 895c 
  0x000002d08af85008: 2470 4489 | 4424 6889 | 4c24 6444 | 8954 2460 | 4c89 5c24 | 5848 897c | 2450 4c8b | 5424 304c 
  0x000002d08af85028: 8954 2420 | 488b 6c24 

  0x000002d08af85030: ;   {metadata({type array byte})}
  0x000002d08af85030: 4848 ba18 | 2300 97d0 | 0200 0044 | 8b44 246c | 4889 7424 | 7866 6690 

  0x000002d08af85048: ;   {runtime_call _new_array_Java}
  0x000002d08af85048: c5f8 77e8 

  0x000002d08af8504c: ; ImmutableOopMap {rbp=Oop [32]=Oop [56]=Oop [64]=Oop [80]=Oop [88]=Oop [128]=Oop }
                      ;*invokevirtual allocateUninitializedArray0 {reexecute=0 rethrow=0 return_oop=1}
                      ; - jdk.internal.misc.Unsafe::allocateUninitializedArray@51
                      ; - java.lang.StringConcatHelper::newArray@33
                      ; - java.lang.StringConcatHelper::simpleConcat@61
                      ; - java.lang.String::concat@11
                      ; - org.eclipse.osgi.internal.loader.classpath.ClasspathManager::findClassImpl@87 (line 673)
  0x000002d08af8504c: b014 71ff 

  0x000002d08af85050: ;   {other}
  0x000002d08af85050: 0f1f 8400 | c03e 002d | 488b f848 | 896c 2448 | 4c8b 5424 | 204c 8954 | 2430 488b | 4424 504c 
  0x000002d08af85070: 8b5c 2458 | 448b 5424 | 608b 4c24 | 6444 8b44 | 2468 488b | 5c24 7044 | 8b4c 246c | 488b efe9 
  0x000002d08af85090: 4acf ffff 

  0x000002d08af85094: ;   {metadata('java/lang/String')}
  0x000002d08af85094: 48ba 78e8 | 0097 d002 | 0000 6690 

  0x000002d08af850a0: ;   {runtime_call _new_instance_Java}
  0x000002d08af850a0: c5f8 77e8 

  0x000002d08af850a4: ; ImmutableOopMap {rbp=Oop [48]=Oop [56]=Oop [64]=Oop [72]=Oop [128]=Oop }
                      ;*new {reexecute=0 rethrow=0 return_oop=1}
                      ; - java.lang.StringConcatHelper::newString@6
                      ; - java.lang.StringConcatHelper::simpleConcat@90
                      ; - java.lang.String::concat@11
                      ; - org.eclipse.osgi.internal.loader.classpath.ClasspathManager::findClassImpl@87 (line 673)
  0x000002d08af850a4: 58f6 70ff 

  0x000002d08af850a8: ;   {other}
  0x000002d08af850a8: 0f1f 8400 | 183f 002e | e9eb cfff | ff47 8d04 | 1245 85c0 | 0f8c 2329 | 0000 453b | c80f 821a 
  0x000002d08af850c8: 2900 0049 | 8bf3 488b | fa41 8bd2 | 8bca 83e1 | 0f83 e2f0 | 741c 488d | 3416 488d | 3c57 48f7 
  0x000002d08af850e8: dac4 e27d | 3004 16c5 | fe7f 0457 | 4883 c210 | 75ef 8bd1 | 83e1 0783 | e2f8 7427 | c4e2 7930 
  0x000002d08af85108: 06c5 fa7f | 0748 83c6 | 0848 83c7 | 10e9 1100 | 0000 c4e2 | 7930 0416 | c5fa 7f04 | 5748 83c2 
  0x000002d08af85128: 0875 ef8b | d183 fa04 | 7c19 c5f9 | 6e06 c4e2 | 7930 c0c5 | f9d6 0748 | 83ea 0448 | 83c6 0448 
  0x000002d08af85148: 83c7 0885 | d274 1848 | 8d34 1648 | 8d3c 5748 | f7da 0fb6 | 0c16 6689 | 0c57 48ff | c275 f3e9 
  0x000002d08af85168: f1ce ffff | 8954 2458 | 4489 4424 | 3c44 8974 | 2438 4c8b | 9c24 9800 | 0000 4c89 | 5c24 284c 
  0x000002d08af85188: 8b9c 2490 | 0000 004c | 895c 2420 | 488b ac24 | 8000 0000 | 498b d141 | b801 0000 

  0x000002d08af851a4: ;   {no_reloc}
  0x000002d08af851a4: 0066 6690 

  0x000002d08af851a8: ;   {optimized virtual_call}
  0x000002d08af851a8: c5f8 77e8 

  0x000002d08af851ac: ; ImmutableOopMap {rbp=Oop [32]=Oop [40]=Oop [48]=Oop [56]=NarrowOop [60]=NarrowOop [64]=Oop [72]=Oop [80]=Oop [88]=NarrowOop [120]=Oop [136]=Oop [152]=Oop }
                      ;*invokevirtual acquire {reexecute=0 rethrow=0 return_oop=0}
                      ; - java.util.concurrent.locks.ReentrantLock$Sync::lock@9
                      ; - java.util.concurrent.locks.ReentrantLock::lock@4
                      ; - org.eclipse.osgi.storage.bundlefile.CloseableBundleFile::lockOpen@4 (line 85)
                      ; - org.eclipse.osgi.storage.bundlefile.CloseableBundleFile::getInputStream@1 (line 483)
                      ; - org.eclipse.osgi.storage.bundlefile.ZipBundleEntry::getInputStream@8 (line 58)
                      ; - org.eclipse.osgi.storage.bundlefile.BundleEntry::getBytes@1 (line 97)
                      ; - org.eclipse.osgi.internal.loader.classpath.ClasspathManager::findClassImpl@109 (line 681)
  0x000002d08af851ac: d095 65ff 

  0x000002d08af851b0: ;   {other}
  0x000002d08af851b0: 0f1f 8400 | 2040 002f | 4889 ac24 | 8000 0000 | 4c8b 5424 | 204c 8994 | 2490 0000 | 0044 8b74 
  0x000002d08af851d0: 2438 448b | 4424 3c8b | 5424 58e9 | 58d1 ffff | 4889 7424 | 2844 8954 | 2420 488b | ac24 8000 
  0x000002d08af851f0: 0000 498b | d141 b801 | 0000 0090 

  0x000002d08af851fc: ;   {optimized virtual_call}
  0x000002d08af851fc: c5f8 77e8 

  0x000002d08af85200: ; ImmutableOopMap {rbp=Oop [32]=NarrowOop [36]=NarrowOop [40]=Oop [48]=Oop [64]=Oop [72]=Oop [80]=Oop [120]=Oop [136]=Oop [144]=Oop [152]=Oop }
                      ;*invokevirtual acquire {reexecute=0 rethrow=0 return_oop=0}
                      ; - java.util.concurrent.locks.ReentrantLock$Sync::lock@9
                      ; - java.util.concurrent.locks.ReentrantLock::lock@4
                      ; - org.eclipse.osgi.storage.bundlefile.CloseableBundleFile::incrementReference@4 (line 451)
                      ; - org.eclipse.osgi.storage.bundlefile.CloseableBundleFile$BundleEntryInputStream::<init>@16 (line 513)
                      ; - org.eclipse.osgi.storage.bundlefile.CloseableBundleFile::getInputStream@37 (line 489)
                      ; - org.eclipse.osgi.storage.bundlefile.ZipBundleEntry::getInputStream@8 (line 58)
                      ; - org.eclipse.osgi.storage.bundlefile.BundleEntry::getBytes@1 (line 97)
                      ; - org.eclipse.osgi.internal.loader.classpath.ClasspathManager::findClassImpl@109 (line 681)
  0x000002d08af85200: 7c95 65ff 

  0x000002d08af85204: ;   {other}
  0x000002d08af85204: 0f1f 8400 | 7440 0030 | 4889 ac24 | 8000 0000 | 448b 5424 | 2048 8b74 | 2428 e90e | e3ff ff48 
  0x000002d08af85224: 894c 2438 | 4489 5424 | 204c 896c | 2450 4c89 | 7424 2848 | 8bac 2480 | 0000 0049 | 8bd1 41b8 
  0x000002d08af85244: 0100 0000 

  0x000002d08af85248: ;   {optimized virtual_call}
  0x000002d08af85248: c5f8 77e8 

  0x000002d08af8524c: ; ImmutableOopMap {rbp=Oop [32]=NarrowOop [40]=Oop [48]=Oop [56]=Oop [64]=Oop [72]=Oop [80]=Oop [120]=Oop [136]=Oop [144]=Oop }
                      ;*invokevirtual acquire {reexecute=0 rethrow=0 return_oop=0}
                      ; - java.util.concurrent.locks.ReentrantLock$Sync::lock@9
                      ; - java.util.concurrent.locks.ReentrantLock::lock@4
                      ; - org.eclipse.osgi.storage.bundlefile.CloseableBundleFile::decrementReference@4 (line 460)
                      ; - org.eclipse.osgi.storage.bundlefile.CloseableBundleFile$BundleEntryInputStream::close@82 (line 537)
                      ; - org.eclipse.osgi.storage.StorageUtil::getBytes@161 (line 213)
                      ; - org.eclipse.osgi.storage.bundlefile.BundleEntry::getBytes@16 (line 102)
                      ; - org.eclipse.osgi.internal.loader.classpath.ClasspathManager::findClassImpl@109 (line 681)
  0x000002d08af8524c: b038 ddf8 

  0x000002d08af85250: ;   {other}
  0x000002d08af85250: 0f1f 8400 | c040 0031 | 4889 ac24 | 8000 0000 | 4c8b 7424 | 284c 8b6c | 2450 448b | 5424 2048 
  0x000002d08af85270: 8b4c 2438 | e946 eaff | ff44 8944 | 2458 4489 | 4c24 3c44 | 895c 2438 | 4c89 5424 | 2889 5424 
  0x000002d08af85290: 2444 8974 | 2420 488b | ac24 8000 

  0x000002d08af8529c: ;   {metadata('java/util/zip/ZipFile$ZipFileInputStream')}
  0x000002d08af8529c: 0000 48ba | b098 3197 | d002 0000 

  0x000002d08af852a8: ;   {runtime_call _new_instance_Java}
  0x000002d08af852a8: c5f8 77e8 

  0x000002d08af852ac: ; ImmutableOopMap {rbp=Oop [32]=NarrowOop [36]=NarrowOop [40]=Oop [48]=Oop [56]=NarrowOop [60]=NarrowOop [64]=Oop [72]=Oop [80]=Oop [120]=Oop [136]=Oop [144]=Oop [152]=Oop }
                      ;*new {reexecute=0 rethrow=0 return_oop=1}
                      ; - java.util.zip.ZipFile::getInputStream@77
                      ; - org.eclipse.osgi.storage.bundlefile.ZipBundleFile::doGetInputStream@5 (line 101)
                      ; - org.eclipse.osgi.storage.bundlefile.ZipBundleFile::doGetInputStream@5 (line 1)
                      ; - org.eclipse.osgi.storage.bundlefile.CloseableBundleFile::getInputStream@20 (line 487)
                      ; - org.eclipse.osgi.storage.bundlefile.ZipBundleEntry::getInputStream@8 (line 58)
                      ; - org.eclipse.osgi.storage.bundlefile.BundleEntry::getBytes@1 (line 97)
                      ; - org.eclipse.osgi.internal.loader.classpath.ClasspathManager::findClassImpl@109 (line 681)
  0x000002d08af852ac: 50f4 70ff 

  0x000002d08af852b0: ;   {other}
  0x000002d08af852b0: 0f1f 8400 | 2041 0032 | 4889 ac24 | 8000 0000 | 448b 7424 | 208b 5424 | 244c 8b54 | 2428 448b 
  0x000002d08af852d0: 5c24 3844 | 8b4c 243c | 448b 4424 | 5848 8bf8 | e97c d4ff | ff49 8be9 

  0x000002d08af852e8: ;   {metadata('java/util/zip/ZipFile$ZipFileInflaterInputStream')}
  0x000002d08af852e8: 48ba d0a3 | 3197 d002 | 0000 6690 

  0x000002d08af852f4: ;   {runtime_call _new_instance_Java}
  0x000002d08af852f4: c5f8 77e8 

  0x000002d08af852f8: ; ImmutableOopMap {[32]=NarrowOop [36]=NarrowOop [40]=Oop [48]=Oop [56]=NarrowOop [64]=Oop [72]=Oop [80]=Oop [88]=Oop [96]=NarrowOop [120]=Oop [128]=Oop [136]=Oop [144]=Oop [152]=Oop }
                      ;*new {reexecute=0 rethrow=0 return_oop=1}
                      ; - java.util.zip.ZipFile::getInputStream@203
                      ; - org.eclipse.osgi.storage.bundlefile.ZipBundleFile::doGetInputStream@5 (line 101)
                      ; - org.eclipse.osgi.storage.bundlefile.ZipBundleFile::doGetInputStream@5 (line 1)
                      ; - org.eclipse.osgi.storage.bundlefile.CloseableBundleFile::getInputStream@20 (line 487)
                      ; - org.eclipse.osgi.storage.bundlefile.ZipBundleEntry::getInputStream@8 (line 58)
                      ; - org.eclipse.osgi.storage.bundlefile.BundleEntry::getBytes@1 (line 97)
                      ; - org.eclipse.osgi.internal.loader.classpath.ClasspathManager::findClassImpl@109 (line 681)
  0x000002d08af852f8: 04f4 70ff 

  0x000002d08af852fc: ;   {other}
  0x000002d08af852fc: 0f1f 8400 | 6c41 0033 | 4c8b cde9 | 7ed6 ffff 

  0x000002d08af8530c: ;   {metadata({type array byte})}
  0x000002d08af8530c: 48ba 1823 | 0097 d002 | 0000 41b8 | 0100 0000 

  0x000002d08af8531c: ;   {runtime_call _new_array_Java}
  0x000002d08af8531c: c5f8 77e8 

  0x000002d08af85320: ; ImmutableOopMap {[32]=NarrowOop [36]=NarrowOop [40]=Oop [48]=Oop [56]=NarrowOop [60]=NarrowOop [64]=Oop [72]=Oop [80]=Oop [88]=Oop [104]=Oop [120]=Oop [128]=Oop [136]=Oop [144]=Oop [152]=Oop [168]=Oop [208]=Oop }
                      ;*newarray {reexecute=0 rethrow=0 return_oop=1}
                      ; - java.util.zip.InflaterInputStream::<init>@22
                      ; - java.util.zip.ZipFile$ZipFileInflaterInputStream::<init>@11
                      ; - java.util.zip.ZipFile$ZipFileInflaterInputStream::<init>@10
                      ; - java.util.zip.ZipFile::getInputStream@216
                      ; - org.eclipse.osgi.storage.bundlefile.ZipBundleFile::doGetInputStream@5 (line 101)
                      ; - org.eclipse.osgi.storage.bundlefile.ZipBundleFile::doGetInputStream@5 (line 1)
                      ; - org.eclipse.osgi.storage.bundlefile.CloseableBundleFile::getInputStream@20 (line 487)
                      ; - org.eclipse.osgi.storage.bundlefile.ZipBundleEntry::getInputStream@8 (line 58)
                      ; - org.eclipse.osgi.storage.bundlefile.BundleEntry::getBytes@1 (line 97)
                      ; - org.eclipse.osgi.internal.loader.classpath.ClasspathManager::findClassImpl@109 (line 681)
  0x000002d08af85320: dc11 71ff 

  0x000002d08af85324: ;   {other}
  0x000002d08af85324: 0f1f 8400 | 9441 0034 | e9d0 d8ff 

  0x000002d08af85330: ;   {metadata('java/util/zip/ZipFile$InflaterCleanupAction')}
  0x000002d08af85330: ff48 baa8 | cf31 97d0 | 0200 0090 

  0x000002d08af8533c: ;   {runtime_call _new_instance_Java}
  0x000002d08af8533c: c5f8 77e8 

  0x000002d08af85340: ; ImmutableOopMap {rbp=NarrowOop [32]=NarrowOop [36]=NarrowOop [40]=Oop [48]=Oop [56]=NarrowOop [60]=NarrowOop [64]=Oop [72]=Oop [80]=Oop [88]=Oop [120]=Oop [128]=Oop [136]=Oop [144]=Oop [152]=Oop [168]=Oop [208]=Oop }
                      ;*new {reexecute=0 rethrow=0 return_oop=1}
                      ; - java.util.zip.ZipFile$ZipFileInflaterInputStream::<init>@24
                      ; - java.util.zip.ZipFile$ZipFileInflaterInputStream::<init>@10
                      ; - java.util.zip.ZipFile::getInputStream@216
                      ; - org.eclipse.osgi.storage.bundlefile.ZipBundleFile::doGetInputStream@5 (line 101)
                      ; - org.eclipse.osgi.storage.bundlefile.ZipBundleFile::doGetInputStream@5 (line 1)
                      ; - org.eclipse.osgi.storage.bundlefile.CloseableBundleFile::getInputStream@20 (line 487)
                      ; - org.eclipse.osgi.storage.bundlefile.ZipBundleEntry::getInputStream@8 (line 58)
                      ; - org.eclipse.osgi.storage.bundlefile.BundleEntry::getBytes@1 (line 97)
                      ; - org.eclipse.osgi.internal.loader.classpath.ClasspathManager::findClassImpl@109 (line 681)
  0x000002d08af85340: bcf3 70ff 

  0x000002d08af85344: ;   {other}
  0x000002d08af85344: 0f1f 8400 | b441 0035 | 4c8b c8e9 | 4dda ffff 

  0x000002d08af85354: ;   {metadata('jdk/internal/ref/CleanerImpl$PhantomCleanableRef')}
  0x000002d08af85354: 498b e948 | bad8 4125 | 97d0 0200 | 0066 6690 

  0x000002d08af85364: ;   {runtime_call _new_instance_Java}
  0x000002d08af85364: c5f8 77e8 

  0x000002d08af85368: ; ImmutableOopMap {rbp=Oop [32]=NarrowOop [36]=NarrowOop [40]=Oop [48]=Oop [56]=NarrowOop [64]=Oop [72]=Oop [80]=Oop [88]=Oop [120]=Oop [128]=Oop [136]=Oop [144]=Oop [152]=Oop }
                      ;*new {reexecute=0 rethrow=0 return_oop=1}
                      ; - java.lang.ref.Cleaner::register@14
                      ; - java.util.zip.ZipFile$ZipFileInflaterInputStream::<init>@34
                      ; - java.util.zip.ZipFile$ZipFileInflaterInputStream::<init>@10
                      ; - java.util.zip.ZipFile::getInputStream@216
                      ; - org.eclipse.osgi.storage.bundlefile.ZipBundleFile::doGetInputStream@5 (line 101)
                      ; - org.eclipse.osgi.storage.bundlefile.ZipBundleFile::doGetInputStream@5 (line 1)
                      ; - org.eclipse.osgi.storage.bundlefile.CloseableBundleFile::getInputStream@20 (line 487)
                      ; - org.eclipse.osgi.storage.bundlefile.ZipBundleEntry::getInputStream@8 (line 58)
                      ; - org.eclipse.osgi.storage.bundlefile.BundleEntry::getBytes@1 (line 97)
                      ; - org.eclipse.osgi.internal.loader.classpath.ClasspathManager::findClassImpl@109 (line 681)
  0x000002d08af85368: 94f3 70ff 

  0x000002d08af8536c: ;   {other}
  0x000002d08af8536c: 0f1f 8400 | dc41 0036 | 4c8b cd4c | 8bc0 e97f 

  0x000002d08af8537c: ;   {metadata({type array byte})}
  0x000002d08af8537c: daff ff48 | ba18 2300 | 97d0 0200 | 0045 8bc2 

  0x000002d08af8538c: ;   {runtime_call _new_array_Java}
  0x000002d08af8538c: c5f8 77e8 

  0x000002d08af85390: ; ImmutableOopMap {rbp=NarrowOop [32]=NarrowOop [36]=NarrowOop [40]=Oop [48]=Oop [56]=NarrowOop [60]=NarrowOop [64]=Oop [72]=Oop [80]=Oop [88]=Oop [120]=Oop [128]=Oop [136]=Oop [144]=Oop [152]=Oop [168]=Oop [208]=Oop }
                      ;*newarray {reexecute=0 rethrow=0 return_oop=1}
                      ; - java.util.zip.InflaterInputStream::<init>@64
                      ; - java.util.zip.ZipFile$ZipFileInflaterInputStream::<init>@11
                      ; - java.util.zip.ZipFile$ZipFileInflaterInputStream::<init>@10
                      ; - java.util.zip.ZipFile::getInputStream@216
                      ; - org.eclipse.osgi.storage.bundlefile.ZipBundleFile::doGetInputStream@5 (line 101)
                      ; - org.eclipse.osgi.storage.bundlefile.ZipBundleFile::doGetInputStream@5 (line 1)
                      ; - org.eclipse.osgi.storage.bundlefile.CloseableBundleFile::getInputStream@20 (line 487)
                      ; - org.eclipse.osgi.storage.bundlefile.ZipBundleEntry::getInputStream@8 (line 58)
                      ; - org.eclipse.osgi.storage.bundlefile.BundleEntry::getBytes@1 (line 97)
                      ; - org.eclipse.osgi.internal.loader.classpath.ClasspathManager::findClassImpl@109 (line 681)
  0x000002d08af85390: 6c11 71ff 

  0x000002d08af85394: ;   {other}
  0x000002d08af85394: 0f1f 8400 | 0442 0037 | 488b d8e9 | 97d9 ffff 

  0x000002d08af853a4: ;   {metadata('org/eclipse/osgi/storage/bundlefile/CloseableBundleFile$BundleEntryInputStream')}
  0x000002d08af853a4: 418b ea48 | baa8 2a0b | 98d0 0200 | 0066 6690 

  0x000002d08af853b4: ;   {runtime_call _new_instance_Java}
  0x000002d08af853b4: c5f8 77e8 

  0x000002d08af853b8: ; ImmutableOopMap {rbp=NarrowOop [36]=NarrowOop [48]=Oop [64]=Oop [72]=Oop [80]=Oop [88]=Oop [104]=NarrowOop [120]=Oop [128]=Oop [136]=Oop [144]=Oop [152]=Oop }
                      ;*new {reexecute=0 rethrow=0 return_oop=1}
                      ; - org.eclipse.osgi.storage.bundlefile.CloseableBundleFile::getInputStream@31 (line 489)
                      ; - org.eclipse.osgi.storage.bundlefile.ZipBundleEntry::getInputStream@8 (line 58)
                      ; - org.eclipse.osgi.storage.bundlefile.BundleEntry::getBytes@1 (line 97)
                      ; - org.eclipse.osgi.internal.loader.classpath.ClasspathManager::findClassImpl@109 (line 681)
  0x000002d08af853b8: 44f3 70ff 

  0x000002d08af853bc: ;   {other}
  0x000002d08af853bc: 0f1f 8400 | 2c42 0038 | 448b d548 | 8bf0 e9dd | e0ff ff44 | 8954 242c | 4889 7424 | 3844 8b5c 
  0x000002d08af853dc: 2424 4489 

  0x000002d08af853e0: ;   {metadata({type array byte})}
  0x000002d08af853e0: 5c24 2848 | ba18 2300 | 97d0 0200 | 0045 8bc2 

  0x000002d08af853f0: ;   {runtime_call _new_array_Java}
  0x000002d08af853f0: c5f8 77e8 

  0x000002d08af853f4: ; ImmutableOopMap {[40]=NarrowOop [48]=Oop [56]=Oop [64]=Oop [72]=Oop [120]=Oop [128]=Oop [136]=Oop [144]=Oop [152]=Oop }
                      ;*newarray {reexecute=0 rethrow=0 return_oop=1}
                      ; - org.eclipse.osgi.storage.StorageUtil::getBytes@8 (line 185)
                      ; - org.eclipse.osgi.storage.bundlefile.BundleEntry::getBytes@16 (line 102)
                      ; - org.eclipse.osgi.internal.loader.classpath.ClasspathManager::findClassImpl@109 (line 681)
  0x000002d08af853f4: 0811 71ff 

  0x000002d08af853f8: ;   {other}
  0x000002d08af853f8: 0f1f 8400 | 6842 0039 | 4c8b b424 | 9800 0000 | 448b 5424 | 2844 8954 | 2424 488b | 7424 3844 
  0x000002d08af85418: 8b54 242c | 4c8b e8e9 | b6e2 ffff 

  0x000002d08af85424: ;   {metadata('java/util/WeakHashMap$Entry')}
  0x000002d08af85424: 48ba e0b9 | 2097 d002 | 0000 6690 

  0x000002d08af85430: ;   {runtime_call _new_instance_Java}
  0x000002d08af85430: c5f8 77e8 

  0x000002d08af85434: ; ImmutableOopMap {rbp=NarrowOop [32]=NarrowOop [36]=NarrowOop [40]=Oop [48]=Oop [56]=Oop [64]=Oop [72]=Oop [80]=Oop [88]=Oop [96]=Oop [104]=NarrowOop [112]=Oop [120]=Oop [128]=Oop [136]=Oop [144]=Oop [152]=Oop [168]=Oop [176]=Derived_oop_[168] }
                      ;*new {reexecute=0 rethrow=0 return_oop=1}
                      ; - java.util.WeakHashMap::put@113
                      ; - java.util.Collections$SetFromMap::add@8
                      ; - java.util.zip.ZipFile::getInputStream@231
                      ; - org.eclipse.osgi.storage.bundlefile.ZipBundleFile::doGetInputStream@5 (line 101)
                      ; - org.eclipse.osgi.storage.bundlefile.ZipBundleFile::doGetInputStream@5 (line 1)
                      ; - org.eclipse.osgi.storage.bundlefile.CloseableBundleFile::getInputStream@20 (line 487)
                      ; - org.eclipse.osgi.storage.bundlefile.ZipBundleEntry::getInputStream@8 (line 58)
                      ; - org.eclipse.osgi.storage.bundlefile.BundleEntry::getBytes@1 (line 97)
                      ; - org.eclipse.osgi.internal.loader.classpath.ClasspathManager::findClassImpl@109 (line 681)
  0x000002d08af85434: c8f2 70ff 

  0x000002d08af85438: ;   {other}
  0x000002d08af85438: 0f1f 8400 | a842 003a | e921 deff 

  0x000002d08af85444: ;   {metadata('java/lang/String')}
  0x000002d08af85444: ff48 ba78 | e800 97d0 | 0200 0090 

  0x000002d08af85450: ;   {runtime_call _new_instance_Java}
  0x000002d08af85450: c5f8 77e8 

  0x000002d08af85454: ; ImmutableOopMap {[48]=Oop [56]=Oop [64]=Oop [72]=Oop [128]=Oop }
                      ;*new {reexecute=0 rethrow=0 return_oop=1}
                      ; - java.lang.StringConcatHelper::simpleConcat@17
                      ; - java.lang.String::concat@11
                      ; - org.eclipse.osgi.internal.loader.classpath.ClasspathManager::findClassImpl@87 (line 673)
  0x000002d08af85454: a8f2 70ff 

  0x000002d08af85458: ;   {other}
  0x000002d08af85458: 0f1f 8400 | c842 003b | e98e caff | ff4c 8954 | 2450 4c89 | 4424 284c | 8b54 2430 | 4c89 5424 
  0x000002d08af85478: 2048 8b6c 

  0x000002d08af8547c: ;   {metadata('java/util/Collections$UnmodifiableCollection$1')}
  0x000002d08af8547c: 2448 48ba | d873 1d97 | d002 0000 

  0x000002d08af85488: ;   {runtime_call _new_instance_Java}
  0x000002d08af85488: c5f8 77e8 

  0x000002d08af8548c: ; ImmutableOopMap {rbp=Oop [32]=Oop [40]=Oop [64]=Oop [80]=Oop [128]=Oop [136]=Oop }
                      ;*new {reexecute=0 rethrow=0 return_oop=1}
                      ; - java.util.Collections$UnmodifiableCollection::iterator@0
                      ; - org.eclipse.osgi.internal.loader.classpath.ClasspathEntry::findEntry@4 (line 203)
                      ; - org.eclipse.osgi.internal.loader.classpath.ClasspathManager::findClassImpl@95 (line 675)
  0x000002d08af8548c: 70f2 70ff 

  0x000002d08af85490: ;   {other}
  0x000002d08af85490: 0f1f 8400 | 0043 003c | 4889 6c24 | 484c 8b5c | 2420 4c89 | 5c24 304c | 8b44 2428 | 4c8b c84c 
  0x000002d08af854b0: 8b54 2450 | e98c e9ff | ff4c 895c | 2458 4c89 | 4c24 504c | 8944 2428 | 4c8b 5424 | 304c 8954 
  0x000002d08af854d0: 2420 488b 

  0x000002d08af854d4: ;   {metadata('java/util/HashMap$KeyIterator')}
  0x000002d08af854d4: 6c24 4848 | ba30 531a | 97d0 0200 | 0066 6690 

  0x000002d08af854e4: ;   {runtime_call _new_instance_Java}
  0x000002d08af854e4: c5f8 77e8 

  0x000002d08af854e8: ; ImmutableOopMap {rbp=Oop [32]=Oop [40]=Oop [64]=Oop [80]=Oop [88]=Oop [128]=Oop [136]=Oop }
                      ;*new {reexecute=0 rethrow=0 return_oop=1}
                      ; - java.util.HashMap$KeySet::iterator@0
                      ; - java.util.HashSet::iterator@7
                      ; - java.util.Collections$UnmodifiableCollection$1::<init>@17
                      ; - java.util.Collections$UnmodifiableCollection::iterator@5
                      ; - org.eclipse.osgi.internal.loader.classpath.ClasspathEntry::findEntry@4 (line 203)
                      ; - org.eclipse.osgi.internal.loader.classpath.ClasspathManager::findClassImpl@95 (line 675)
  0x000002d08af854e8: 14f2 70ff 

  0x000002d08af854ec: ;   {other}
  0x000002d08af854ec: 0f1f 8400 | 5c43 003d | 4889 6c24 | 484c 8b5c | 2420 4c89 | 5c24 304c | 8b44 2428 | 4c8b 4c24 
  0x000002d08af8550c: 504c 8b5c | 2458 488b | c8e9 c5e9 | ffff 418b | 6a14 85ed | 0f84 56f1 | ffff 448b | 5d0c 4585 
  0x000002d08af8552c: db0f 8449 | f1ff ff4c | 8bd5 498b | d241 b801 | 0000 004c | 8994 24c8 | 0000 0090 

  0x000002d08af85548: ;   {optimized virtual_call}
  0x000002d08af85548: c5f8 77e8 

  0x000002d08af8554c: ; ImmutableOopMap {rbp=NarrowOop [32]=NarrowOop [36]=NarrowOop [40]=Oop [48]=Oop [56]=Oop [64]=Oop [72]=Oop [80]=Oop [88]=Oop [96]=Oop [104]=NarrowOop [112]=Oop [120]=Oop [128]=Oop [136]=Oop [144]=Oop [152]=Oop [200]=Oop }
                      ;*invokevirtual getAndUnsetStatus {reexecute=0 rethrow=0 return_oop=0}
                      ; - java.util.concurrent.locks.AbstractQueuedSynchronizer::signalNext@22
                      ; - java.util.concurrent.locks.AbstractQueuedSynchronizer::release@12
                      ; - java.util.concurrent.locks.ReentrantLock::unlock@5
                      ; - java.lang.ref.ReferenceQueue::poll@25
                      ; - java.util.WeakHashMap::expungeStaleEntries@4
                      ; - java.util.WeakHashMap::getTable@1
                      ; - java.util.WeakHashMap::put@13
                      ; - java.util.Collections$SetFromMap::add@8
                      ; - java.util.zip.ZipFile::getInputStream@231
                      ; - org.eclipse.osgi.storage.bundlefile.ZipBundleFile::doGetInputStream@5 (line 101)
                      ; - org.eclipse.osgi.storage.bundlefile.ZipBundleFile::doGetInputStream@5 (line 1)
                      ; - org.eclipse.osgi.storage.bundlefile.CloseableBundleFile::getInputStream@20 (line 487)
                      ; - org.eclipse.osgi.storage.bundlefile.ZipBundleEntry::getInputStream@8 (line 58)
                      ; - org.eclipse.osgi.storage.bundlefile.BundleEntry::getBytes@1 (line 97)
                      ; - org.eclipse.osgi.internal.loader.classpath.ClasspathManager::findClassImpl@109 (line 681)
  0x000002d08af8554c: 3092 65ff 

  0x000002d08af85550: ;   {other}
  0x000002d08af85550: 0f1f 8400 | c043 003e | 448b 5518 | 498b d290 

  0x000002d08af85560: ;   {static_call}
  0x000002d08af85560: c5f8 77e8 

  0x000002d08af85564: ; ImmutableOopMap {[32]=NarrowOop [36]=NarrowOop [40]=Oop [48]=Oop [56]=Oop [64]=Oop [72]=Oop [80]=Oop [88]=Oop [96]=Oop [104]=NarrowOop [112]=Oop [120]=Oop [128]=Oop [136]=Oop [144]=Oop [152]=Oop }
                      ;*invokestatic unpark {reexecute=0 rethrow=0 return_oop=0}
                      ; - java.util.concurrent.locks.AbstractQueuedSynchronizer::signalNext@30
                      ; - java.util.concurrent.locks.AbstractQueuedSynchronizer::release@12
                      ; - java.util.concurrent.locks.ReentrantLock::unlock@5
                      ; - java.lang.ref.ReferenceQueue::poll@25
                      ; - java.util.WeakHashMap::expungeStaleEntries@4
                      ; - java.util.WeakHashMap::getTable@1
                      ; - java.util.WeakHashMap::put@13
                      ; - java.util.Collections$SetFromMap::add@8
                      ; - java.util.zip.ZipFile::getInputStream@231
                      ; - org.eclipse.osgi.storage.bundlefile.ZipBundleFile::doGetInputStream@5 (line 101)
                      ; - org.eclipse.osgi.storage.bundlefile.ZipBundleFile::doGetInputStream@5 (line 1)
                      ; - org.eclipse.osgi.storage.bundlefile.CloseableBundleFile::getInputStream@20 (line 487)
                      ; - org.eclipse.osgi.storage.bundlefile.ZipBundleEntry::getInputStream@8 (line 58)
                      ; - org.eclipse.osgi.storage.bundlefile.BundleEntry::getBytes@1 (line 97)
                      ; - org.eclipse.osgi.internal.loader.classpath.ClasspathManager::findClassImpl@109 (line 681)
  0x000002d08af85564: 1898 65ff 

  0x000002d08af85568: ;   {other}
  0x000002d08af85568: 0f1f 8400 | d843 003f | 488b 4c24 | 58e9 02f1 

  0x000002d08af85578: ;   {metadata('java/util/zip/Inflater')}
  0x000002d08af85578: ffff 48ba | 1881 3597 | d002 0000 

  0x000002d08af85584: ;   {runtime_call _new_instance_Java}
  0x000002d08af85584: c5f8 77e8 

  0x000002d08af85588: ; ImmutableOopMap {[32]=NarrowOop [36]=NarrowOop [40]=Oop [48]=Oop [56]=NarrowOop [60]=NarrowOop [64]=Oop [72]=Oop [80]=Oop [88]=Oop [96]=NarrowOop [104]=Oop [120]=Oop [128]=Oop [136]=Oop [144]=Oop [152]=Oop [168]=Oop }
                      ;*new {reexecute=0 rethrow=0 return_oop=1}
                      ; - java.util.zip.ZipFile$CleanableResource::getInflater@38
                      ; - java.util.zip.ZipFile$ZipFileInflaterInputStream::<init>@5
                      ; - java.util.zip.ZipFile::getInputStream@216
                      ; - org.eclipse.osgi.storage.bundlefile.ZipBundleFile::doGetInputStream@5 (line 101)
                      ; - org.eclipse.osgi.storage.bundlefile.ZipBundleFile::doGetInputStream@5 (line 1)
                      ; - org.eclipse.osgi.storage.bundlefile.CloseableBundleFile::getInputStream@20 (line 487)
                      ; - org.eclipse.osgi.storage.bundlefile.ZipBundleEntry::getInputStream@8 (line 58)
                      ; - org.eclipse.osgi.storage.bundlefile.BundleEntry::getBytes@1 (line 97)
                      ; - org.eclipse.osgi.internal.loader.classpath.ClasspathManager::findClassImpl@109 (line 681)
  0x000002d08af85588: 74f1 70ff 

  0x000002d08af8558c: ;   {other}
  0x000002d08af8558c: 0f1f 8400 | fc43 0040 | e922 ecff 

  0x000002d08af85598: ;   {metadata('java/util/zip/Inflater$InflaterZStreamRef')}
  0x000002d08af85598: ff48 ba30 | 9a35 97d0 | 0200 0090 

  0x000002d08af855a4: ;   {runtime_call _new_instance_Java}
  0x000002d08af855a4: c5f8 77e8 

  0x000002d08af855a8: ; ImmutableOopMap {rbp=Oop [32]=NarrowOop [36]=NarrowOop [40]=Oop [48]=Oop [56]=NarrowOop [60]=NarrowOop [64]=Oop [72]=Oop [80]=Oop [88]=Oop [96]=NarrowOop [104]=Oop [120]=Oop [128]=Oop [136]=Oop [144]=Oop [152]=Oop [168]=Oop }
                      ;*new {reexecute=0 rethrow=0 return_oop=1}
                      ; - java.util.zip.Inflater::<init>@12
                      ; - java.util.zip.ZipFile$CleanableResource::getInflater@43
                      ; - java.util.zip.ZipFile$ZipFileInflaterInputStream::<init>@5
                      ; - java.util.zip.ZipFile::getInputStream@216
                      ; - org.eclipse.osgi.storage.bundlefile.ZipBundleFile::doGetInputStream@5 (line 101)
                      ; - org.eclipse.osgi.storage.bundlefile.ZipBundleFile::doGetInputStream@5 (line 1)
                      ; - org.eclipse.osgi.storage.bundlefile.CloseableBundleFile::getInputStream@20 (line 487)
                      ; - org.eclipse.osgi.storage.bundlefile.ZipBundleEntry::getInputStream@8 (line 58)
                      ; - org.eclipse.osgi.storage.bundlefile.BundleEntry::getBytes@1 (line 97)
                      ; - org.eclipse.osgi.internal.loader.classpath.ClasspathManager::findClassImpl@109 (line 681)
  0x000002d08af855a8: 54f1 70ff 

  0x000002d08af855ac: ;   {other}
  0x000002d08af855ac: 0f1f 8400 | 1c44 0041 | e952 ecff | ff4c 8994 | 24d0 0000 

  0x000002d08af855c0: ;   {oop(a 'java/lang/ref/ReferenceQueue$Null'{0x00000000800011d0})}
  0x000002d08af855c0: 0049 b9d0 | 1100 8000 | 0000 004c | 8b44 2470 | 458b 5828 | 4585 db0f | 847c 2400 | 0049 8bfb 
  0x000002d08af855e0: 488d 9c24 | 0001 0000 | 488b 07a8 | 020f 8523 | 0000 0048 | 83c8 0148 | 8903 f048 | 0fb1 1f0f 
  0x000002d08af85600: 8437 0000 | 0048 2bc4 | 4825 07f0 | ffff 4889 | 03e9 2400 | 0000 4c8b | d048 33c0 | f04d 0fb1 
  0x000002d08af85620: 7a3e 48c7 | 0303 0000 | 0074 114c | 3bf8 7515 | 49ff 8286 | 0000 0048 | 33c0 7509 | 49ff 8750 
  0x000002d08af85640: 0500 0033 | c00f 8571 | 2400 004c | 8b94 24d0 | 0000 0041 

  0x000002d08af85654: ;   {metadata('java/util/WeakHashMap$Entry')}
  0x000002d08af85654: 8b5a 0881 | fbe0 b920 | 000f 8545 | 2700 0048 | 8bd7 418b | fb4c 894c | 2458 488b | d945 8b58 
  0x000002d08af85674: 2441 8bcb | 458b 4a1c | 458b d94d | 8bca 448b | 510c 418d | 6aff 4123 | eb45 85d2 | 0f86 7c24 
  0x000002d08af85694: 0000 448b | d149 8bca | 498d 7caa | 1044 8b17 | 4585 d20f | 842a 1200 | 0049 8bf2 | 488b c6eb 
  0x000002d08af856b4: 4449 3bc2 | 0f84 ee18 | 0000 4489 | 5824 4c8b | d049 c1ea | 0949 bb00 | 00b1 fcd0 | 0200 0047 
  0x000002d08af856d4: 8824 1345 | 8961 204d | 8bd0 458b | 4014 41ff | c845 8942 | 14eb 2c0f | 1f44 0000 | 4d8b d348 
  0x000002d08af856f4: 8bc6 498b | f244 8b5e | 244d 8bd1 | 493b f274 | b04d 8b97 

  0x000002d08af85708: ; ImmutableOopMap {r11=NarrowOop r8=Oop r9=Oop rcx=Oop rdi=Derived_oop_rcx rbx=Oop rdx=Oop rsi=Oop [32]=NarrowOop [36]=NarrowOop [40]=Oop [48]=Oop [56]=Oop [64]=Oop [72]=Oop [80]=Oop [88]=Oop [96]=Oop [104]=NarrowOop [120]=Oop [136]=Oop [144]=Oop [152]=Oop }
                      ;*goto {reexecute=1 rethrow=0 return_oop=0}
                      ; - (reexecute) java.util.WeakHashMap::expungeStaleEntries@120
                      ; - java.util.WeakHashMap::getTable@1
                      ; - java.util.WeakHashMap::put@13
                      ; - java.util.Collections$SetFromMap::add@8
                      ; - java.util.zip.ZipFile::getInputStream@231
                      ; - org.eclipse.osgi.storage.bundlefile.ZipBundleFile::doGetInputStream@5 (line 101)
                      ; - org.eclipse.osgi.storage.bundlefile.ZipBundleFile::doGetInputStream@5 (line 1)
                      ; - org.eclipse.osgi.storage.bundlefile.CloseableBundleFile::getInputStream@20 (line 487)
                      ; - org.eclipse.osgi.storage.bundlefile.ZipBundleEntry::getInputStream@8 (line 58)
                      ; - org.eclipse.osgi.storage.bundlefile.BundleEntry::getBytes@1 (line 97)
                      ; - org.eclipse.osgi.internal.loader.classpath.ClasspathManager::findClassImpl@109 (line 681)
  0x000002d08af85708: 5804 0000 

  0x000002d08af8570c: ;   {poll}
  0x000002d08af8570c: 4185 0245 | 85db 75dc | 4d8b d04c | 8bc2 488d | 8424 0001 | 0000 4883 | 3800 0f84 | 7900 0000 
  0x000002d08af8572c: 4d8b 1841 | f6c3 020f | 8462 0000 | 0049 83bb | 8600 0000 | 0074 0949 | ff8b 8600 | 0000 eb4b 
  0x000002d08af8574c: 498b 8396 | 0000 0049 | 0b83 8e00 | 0000 750a | 49c7 433e | 0000 0000 | eb3d 4983 | bb9e 0000 
  0x000002d08af8576c: 0000 7422 | 4833 c049 | c743 3e00 | 0000 00f0 | 8304 2400 | 4983 bb9e | 0000 0000 | 750d f04d 
  0x000002d08af8578c: 0fb1 7b3e | 7505 83c8 | 01eb 0ca8 | 00eb 084c | 8b18 f04d | 0fb1 1875 | 0a49 ff8f | 5005 0000 
  0x000002d08af857ac: 4533 db0f | 85d3 2300 | 0041 8b6a | 2844 8b5d 

  0x000002d08af857bc: ;   {metadata('java/lang/ref/ReferenceQueue')}
  0x000002d08af857bc: 0841 81fb | 2009 0400 | 0f85 ef23 | 0000 4c8b | dd4d 8bcb | 458b 410c | 4585 c00f | 852e 1a00 
  0x000002d08af857dc: 0048 8bcb | 4c8b 4c24 | 6048 8b54 | 2458 4c8b | 4424 3844 | 8b5c 246c | e9a6 d9ff | ffba f6ff 
  0x000002d08af857fc: ffff 488b | 6c24 484c | 894c 2428 

  0x000002d08af85808: ;   {runtime_call UncommonTrapBlob}
  0x000002d08af85808: c5f8 77e8 

  0x000002d08af8580c: ; ImmutableOopMap {rbp=Oop [40]=Oop [48]=Oop [64]=Oop }
                      ;*invokevirtual loaderWithClass {reexecute=0 rethrow=0 return_oop=0}
                      ; - org.eclipse.osgi.internal.loader.classpath.ClasspathManager::findClassImpl@5 (line 667)
  0x000002d08af8580c: f0e1 65ff 

  0x000002d08af85810: ;   {other}
  0x000002d08af85810: 0f1f 8400 | 8046 0043 | ba76 ffff | ff41 8beb | 4c8b 5424 | 484c 8954 | 2420 4489 | 4424 4c90 
  0x000002d08af85830: ;   {runtime_call UncommonTrapBlob}
  0x000002d08af85830: c5f8 77e8 

  0x000002d08af85834: ; ImmutableOopMap {rbp=NarrowOop [32]=Oop [48]=Oop [56]=Oop [64]=Oop }
                      ;*if_icmpge {reexecute=1 rethrow=0 return_oop=0}
                      ; - (reexecute) java.lang.StringLatin1::replace@19
                      ; - java.lang.String::replace@18
                      ; - org.eclipse.osgi.internal.loader.classpath.ClasspathManager::findClassImpl@81 (line 673)
  0x000002d08af85834: c8e1 65ff 

  0x000002d08af85838: ;   {other}
  0x000002d08af85838: 0f1f 8400 | a846 0044 | bade ffff | ff4c 8b54 | 2448 4c89 | 5424 204c | 8b54 2430 | 4c89 5424 
  0x000002d08af85858: 284c 8944 | 2430 4c8b | 5424 404c | 8954 2438 

  0x000002d08af85868: ;   {runtime_call UncommonTrapBlob}
  0x000002d08af85868: c5f8 77e8 

  0x000002d08af8586c: ; ImmutableOopMap {rbp=NarrowOop [32]=Oop [40]=Oop [48]=Oop [56]=Oop [136]=Oop }
                      ;*invokevirtual getEntry {reexecute=0 rethrow=0 return_oop=0}
                      ; - org.eclipse.osgi.internal.loader.classpath.ClasspathEntry::findEntry@52 (line 209)
                      ; - org.eclipse.osgi.internal.loader.classpath.ClasspathManager::findClassImpl@95 (line 675)
  0x000002d08af8586c: 90e1 65ff 

  0x000002d08af85870: ;   {other}
  0x000002d08af85870: 0f1f 8400 | e046 0045 | 41b9 0100 | 0000 e9b9 | c3ff ff48 | 897c 2470 | 4489 5c24 | 6c4c 8954 
  0x000002d08af85890: 2460 4c89 | 4424 3849 | 8be9 48ff | b424 8000 | 0000 488f | 4424 5848 | 8bd6 41b8 | 0100 0000 
  0x000002d08af858b0: ;   {optimized virtual_call}
  0x000002d08af858b0: c5f8 77e8 

  0x000002d08af858b4: ; ImmutableOopMap {rbp=Oop [32]=NarrowOop [36]=NarrowOop [40]=Oop [48]=Oop [56]=Oop [64]=Oop [72]=Oop [80]=Oop [88]=Oop [96]=Oop [104]=NarrowOop [112]=Oop [120]=Oop [136]=Oop [144]=Oop [152]=Oop }
                      ;*invokevirtual acquire {reexecute=0 rethrow=0 return_oop=0}
                      ; - java.util.concurrent.locks.ReentrantLock$Sync::lock@9
                      ; - java.util.concurrent.locks.ReentrantLock::lock@4
                      ; - java.lang.ref.ReferenceQueue::poll@13
                      ; - java.util.WeakHashMap::expungeStaleEntries@4
                      ; - java.util.WeakHashMap::getTable@1
                      ; - java.util.WeakHashMap::put@13
                      ; - java.util.Collections$SetFromMap::add@8
                      ; - java.util.zip.ZipFile::getInputStream@231
                      ; - org.eclipse.osgi.storage.bundlefile.ZipBundleFile::doGetInputStream@5 (line 101)
                      ; - org.eclipse.osgi.storage.bundlefile.ZipBundleFile::doGetInputStream@5 (line 1)
                      ; - org.eclipse.osgi.storage.bundlefile.CloseableBundleFile::getInputStream@20 (line 487)
                      ; - org.eclipse.osgi.storage.bundlefile.ZipBundleEntry::getInputStream@8 (line 58)
                      ; - org.eclipse.osgi.storage.bundlefile.BundleEntry::getBytes@1 (line 97)
                      ; - org.eclipse.osgi.internal.loader.classpath.ClasspathManager::findClassImpl@109 (line 681)
  0x000002d08af858b4: c88e 65ff 

  0x000002d08af858b8: ;   {other}
  0x000002d08af858b8: 0f1f 8400 | 2847 0046 | 4c8b cd4c | 8b44 2438 | 4c8b 5424 | 6044 8b5c | 246c 488b | 7c24 70e9 
  0x000002d08af858d8: 21ed ffff | ba76 ffff | ff41 8beb | 4889 7c24 | 2844 894c | 2424 4489 | 4424 5c90 

  0x000002d08af858f4: ;   {runtime_call UncommonTrapBlob}
  0x000002d08af858f4: c5f8 77e8 

  0x000002d08af858f8: ; ImmutableOopMap {rbp=NarrowOop [40]=Oop [48]=Oop [56]=Oop [64]=Oop [72]=Oop }
                      ;*if_icmpge {reexecute=1 rethrow=0 return_oop=0}
                      ; - (reexecute) java.lang.StringLatin1::replace@82
                      ; - java.lang.String::replace@18
                      ; - org.eclipse.osgi.internal.loader.classpath.ClasspathManager::findClassImpl@81 (line 673)
  0x000002d08af858f8: 04e1 65ff 

  0x000002d08af858fc: ;   {other}
  0x000002d08af858fc: 0f1f 8400 | 6c47 0047 | 4963 d1e9 | 6bc6 ffff | bacc ffff | ff4c 8b54 | 2448 4c89 | 5424 204c 
  0x000002d08af8591c: 8b54 2430 | 4c89 5424 | 284c 8b54 | 2438 4c89 | 5424 304c | 8b54 2440 | 4c89 5424 | 384c 895c 
  0x000002d08af8593c: 2440 4889 | 5c24 4844 | 8944 2458 

  0x000002d08af85948: ;   {runtime_call UncommonTrapBlob}
  0x000002d08af85948: c5f8 77e8 

  0x000002d08af8594c: ; ImmutableOopMap {rbp=Oop [32]=Oop [40]=Oop [48]=Oop [56]=Oop [64]=Oop }
                      ;*invokestatic arraycopy {reexecute=0 rethrow=0 return_oop=0}
                      ; - java.lang.String::getBytes@22
                      ; - java.lang.StringConcatHelper::prepend@21
                      ; - java.lang.StringConcatHelper::simpleConcat@71
                      ; - java.lang.String::concat@11
                      ; - org.eclipse.osgi.internal.loader.classpath.ClasspathManager::findClassImpl@87 (line 673)
  0x000002d08af8594c: b0e0 65ff 

  0x000002d08af85950: ;   {other}
  0x000002d08af85950: 0f1f 8400 | c047 0048 | bacc ffff | ff48 8944 | 2420 4c8b | 5c24 484c | 895c 2428 | 4489 5424 
  0x000002d08af85970: 5066 6690 

  0x000002d08af85974: ;   {runtime_call UncommonTrapBlob}
  0x000002d08af85974: c5f8 77e8 

  0x000002d08af85978: ; ImmutableOopMap {rbp=Oop [32]=Oop [40]=Oop [48]=Oop [56]=Oop [64]=Oop }
                      ;*invokestatic arraycopy {reexecute=0 rethrow=0 return_oop=0}
                      ; - java.lang.String::getBytes@22
                      ; - java.lang.StringConcatHelper::prepend@21
                      ; - java.lang.StringConcatHelper::simpleConcat@81
                      ; - java.lang.String::concat@11
                      ; - org.eclipse.osgi.internal.loader.classpath.ClasspathManager::findClassImpl@87 (line 673)
  0x000002d08af85978: 84e0 65ff 

  0x000002d08af8597c: ;   {other}
  0x000002d08af8597c: 0f1f 8400 | ec47 0049 | ba76 ffff | ff41 8beb | 4889 7c24 | 2844 894c | 2424 4489 | 4424 5890 
  0x000002d08af8599c: ;   {runtime_call UncommonTrapBlob}
  0x000002d08af8599c: c5f8 77e8 

  0x000002d08af859a0: ; ImmutableOopMap {rbp=NarrowOop [40]=Oop [48]=Oop [56]=Oop [64]=Oop [72]=Oop }
                      ;*if_icmpge {reexecute=1 rethrow=0 return_oop=0}
                      ; - (reexecute) java.lang.StringLatin1::replace@61
                      ; - java.lang.String::replace@18
                      ; - org.eclipse.osgi.internal.loader.classpath.ClasspathManager::findClassImpl@81 (line 673)
  0x000002d08af859a0: 5ce0 65ff 

  0x000002d08af859a4: ;   {other}
  0x000002d08af859a4: 0f1f 8400 | 1448 004a | 8bc6 e9a5 | c3ff ff33 | ed45 85db | 400f 94c5 | ba45 ffff | ff66 6690 
  0x000002d08af859c4: ;   {runtime_call UncommonTrapBlob}
  0x000002d08af859c4: c5f8 77e8 

  0x000002d08af859c8: ; ImmutableOopMap {[48]=Oop [56]=Oop [64]=Oop [72]=Oop }
                      ;*ifeq {reexecute=1 rethrow=0 return_oop=0}
                      ; - (reexecute) java.lang.String::replace@9
                      ; - org.eclipse.osgi.internal.loader.classpath.ClasspathManager::findClassImpl@81 (line 673)
  0x000002d08af859c8: 34e0 65ff 

  0x000002d08af859cc: ;   {other}
  0x000002d08af859cc: 0f1f 8400 | 3c48 004b | ba45 ffff | ff48 8b6c | 2448 4c8b | 5424 304c | 8954 2420 | 4c8b 5424 
  0x000002d08af859ec: 384c 8954 | 2428 4c8b | 5424 404c | 8954 2430 | 4889 4424 | 4066 6690 

  0x000002d08af85a04: ;   {runtime_call UncommonTrapBlob}
  0x000002d08af85a04: c5f8 77e8 

  0x000002d08af85a08: ; ImmutableOopMap {rbp=Oop [32]=Oop [40]=Oop [48]=Oop [64]=Oop }
                      ;*ifnull {reexecute=1 rethrow=0 return_oop=0}
                      ; - (reexecute) org.eclipse.osgi.internal.loader.classpath.ClasspathManager::findClassImpl@12 (line 668)
  0x000002d08af85a08: f4df 65ff 

  0x000002d08af85a0c: ;   {other}
  0x000002d08af85a0c: 0f1f 8400 | 7c48 004c | ba45 ffff | ff4c 8b54 | 2430 4c89 | 5424 204c | 8b54 2438 | 4c89 5424 
  0x000002d08af85a2c: 284c 8b54 | 2440 4c89 | 5424 304c | 895c 2438 | 4489 4424 | 4066 6690 

  0x000002d08af85a44: ;   {runtime_call UncommonTrapBlob}
  0x000002d08af85a44: c5f8 77e8 

  0x000002d08af85a48: ; ImmutableOopMap {[32]=Oop [40]=Oop [48]=Oop [56]=Oop [72]=Oop }
                      ;*iflt {reexecute=1 rethrow=0 return_oop=0}
                      ; - (reexecute) java.lang.StringConcatHelper::checkOverflow@2
                      ; - java.lang.StringConcatHelper::mix@23
                      ; - java.lang.StringConcatHelper::simpleConcat@46
                      ; - java.lang.String::concat@11
                      ; - org.eclipse.osgi.internal.loader.classpath.ClasspathManager::findClassImpl@87 (line 673)
  0x000002d08af85a48: b4df 65ff 

  0x000002d08af85a4c: ;   {other}
  0x000002d08af85a4c: 0f1f 8400 | bc48 004d | ba45 ffff | ff4c 8b54 | 2430 4c89 | 5424 284c | 8b54 2438 | 4c89 5424 
  0x000002d08af85a6c: 304c 8b54 | 2440 4c89 | 5424 384c | 895c 2440 

  0x000002d08af85a7c: ;   {runtime_call UncommonTrapBlob}
  0x000002d08af85a7c: c5f8 77e8 

  0x000002d08af85a80: ; ImmutableOopMap {[40]=Oop [48]=Oop [56]=Oop [64]=Oop [72]=Oop }
                      ;*iflt {reexecute=1 rethrow=0 return_oop=0}
                      ; - (reexecute) java.lang.StringConcatHelper::checkOverflow@2
                      ; - java.lang.StringConcatHelper::mix@23
                      ; - java.lang.StringConcatHelper::simpleConcat@54
                      ; - java.lang.String::concat@11
                      ; - org.eclipse.osgi.internal.loader.classpath.ClasspathManager::findClassImpl@87 (line 673)
  0x000002d08af85a80: 7cdf 65ff 

  0x000002d08af85a84: ;   {other}
  0x000002d08af85a84: 0f1f 8400 | f448 004e | ba45 ffff | ff48 8b6c | 2448 4c8b | 5424 304c | 8954 2420 | 4c8b 5424 
  0x000002d08af85aa4: 384c 8954 | 2428 4c8b | 5424 404c | 8954 2430 | 4c89 5c24 | 3848 895c | 2440 894c | 2448 6690 
  0x000002d08af85ac4: ;   {runtime_call UncommonTrapBlob}
  0x000002d08af85ac4: c5f8 77e8 

  0x000002d08af85ac8: ; ImmutableOopMap {rbp=Oop [32]=Oop [40]=Oop [48]=Oop [56]=Oop }
                      ;*if_icmpne {reexecute=1 rethrow=0 return_oop=0}
                      ; - (reexecute) java.lang.StringConcatHelper::mix@13
                      ; - java.lang.StringConcatHelper::simpleConcat@46
                      ; - java.lang.String::concat@11
                      ; - org.eclipse.osgi.internal.loader.classpath.ClasspathManager::findClassImpl@87 (line 673)
  0x000002d08af85ac8: 34df 65ff 

  0x000002d08af85acc: ;   {other}
  0x000002d08af85acc: 0f1f 8400 | 3c49 004f | ba45 ffff | ff48 8b6c | 2448 4c8b | 5424 304c | 8954 2420 | 4c8b 5424 
  0x000002d08af85aec: 384c 8954 | 2428 4c8b | 5424 404c | 8954 2430 | 4c89 5c24 | 3848 8974 | 2440 4489 | 4c24 4890 
  0x000002d08af85b0c: ;   {runtime_call UncommonTrapBlob}
  0x000002d08af85b0c: c5f8 77e8 

  0x000002d08af85b10: ; ImmutableOopMap {rbp=Oop [32]=Oop [40]=Oop [48]=Oop [56]=Oop }
                      ;*ifge {reexecute=1 rethrow=0 return_oop=0}
                      ; - (reexecute) java.lang.StringConcatHelper::newArray@13
                      ; - java.lang.StringConcatHelper::simpleConcat@61
                      ; - java.lang.String::concat@11
                      ; - org.eclipse.osgi.internal.loader.classpath.ClasspathManager::findClassImpl@87 (line 673)
  0x000002d08af85b10: ecde 65ff 

  0x000002d08af85b14: ;   {other}
  0x000002d08af85b14: 0f1f 8400 | 8449 0050 | ba5c ffff | ff48 8b6c | 2448 4c8b | 5c24 304c | 895c 2420 | 4c8b 5c24 
  0x000002d08af85b34: 404c 895c | 2430 4489 | 7424 504c | 8954 2458 | 4489 4424 | 5466 6690 

  0x000002d08af85b4c: ;   {runtime_call UncommonTrapBlob}
  0x000002d08af85b4c: c5f8 77e8 

  0x000002d08af85b50: ; ImmutableOopMap {rbp=Oop [32]=Oop [48]=Oop [80]=NarrowOop [84]=NarrowOop [88]=Oop [120]=Oop [136]=Oop [144]=Oop [152]=Oop }
                      ;*ifnonnull {reexecute=1 rethrow=0 return_oop=0}
                      ; - (reexecute) java.util.Objects::requireNonNull@1
                      ; - java.util.zip.ZipFile::getInputStream@3
                      ; - org.eclipse.osgi.storage.bundlefile.ZipBundleFile::doGetInputStream@5 (line 101)
                      ; - org.eclipse.osgi.storage.bundlefile.ZipBundleFile::doGetInputStream@5 (line 1)
                      ; - org.eclipse.osgi.storage.bundlefile.CloseableBundleFile::getInputStream@20 (line 487)
                      ; - org.eclipse.osgi.storage.bundlefile.ZipBundleEntry::getInputStream@8 (line 58)
                      ; - org.eclipse.osgi.storage.bundlefile.BundleEntry::getBytes@1 (line 97)
                      ; - org.eclipse.osgi.internal.loader.classpath.ClasspathManager::findClassImpl@109 (line 681)
  0x000002d08af85b50: acde 65ff 

  0x000002d08af85b54: ;   {other}
  0x000002d08af85b54: 0f1f 8400 | c449 0051 | bae4 ffff | ff48 8b6c | 2448 488b | 4c24 3048 | 894c 2420 | 488b 4c24 
  0x000002d08af85b74: 7848 894c | 2428 488b | 4c24 4048 | 894c 2430 | 488b 8c24 | 8800 0000 | 4889 4c24 | 3848 8b8c 
  0x000002d08af85b94: 2490 0000 | 0048 894c | 2440 488b | 8c24 9800 | 0000 4889 | 4c24 4844 | 8974 2450 | 4489 5c24 
  0x000002d08af85bb4: 6044 894c | 2464 4c89 | 5424 684c | 8954 2478 | 4889 bc24 | 8000 0000 | 4489 8424 | 9400 0000 
  0x000002d08af85bd4: 4889 bc24 | 9800 0000 | 89b4 24a0 | 0000 0089 | b424 a800 | 0000 899c | 24ac 0000 | 0089 9c24 
  0x000002d08af85bf4: b400 0000 

  0x000002d08af85bf8: ;   {runtime_call UncommonTrapBlob}
  0x000002d08af85bf8: c5f8 77e8 

  0x000002d08af85bfc: ; ImmutableOopMap {rbp=Oop [32]=Oop [40]=Oop [48]=Oop [56]=Oop [64]=Oop [72]=Oop [80]=NarrowOop [96]=NarrowOop [100]=NarrowOop [104]=Oop [120]=Oop [128]=Oop [152]=Oop [160]=NarrowOop [168]=NarrowOop }
                      ;*baload {reexecute=0 rethrow=0 return_oop=0}
                      ; - java.util.zip.ZipUtils::SH@2
                      ; - java.util.zip.ZipUtils::LG@2
                      ; - java.util.zip.ZipUtils::CENSIZ@5
                      ; - java.util.zip.ZipFile$ZipFileInputStream::<init>@12
                      ; - java.util.zip.ZipFile::getInputStream@88
                      ; - org.eclipse.osgi.storage.bundlefile.ZipBundleFile::doGetInputStream@5 (line 101)
                      ; - org.eclipse.osgi.storage.bundlefile.ZipBundleFile::doGetInputStream@5 (line 1)
                      ; - org.eclipse.osgi.storage.bundlefile.CloseableBundleFile::getInputStream@20 (line 487)
                      ; - org.eclipse.osgi.storage.bundlefile.ZipBundleEntry::getInputStream@8 (line 58)
                      ; - org.eclipse.osgi.storage.bundlefile.BundleEntry::getBytes@1 (line 97)
                      ; - org.eclipse.osgi.internal.loader.classpath.ClasspathManager::findClassImpl@109 (line 681)
  0x000002d08af85bfc: 00de 65ff 

  0x000002d08af85c00: ;   {other}
  0x000002d08af85c00: 0f1f 8400 | 704a 0052 | 418d 6815 | bae4 ffff | ff4c 8b54 | 2478 4c89 | 5424 504c | 8b94 2488 
  0x000002d08af85c20: 0000 004c | 8954 2460 | 4c8b 9424 | 9000 0000 | 4c89 5424 | 684c 8b94 | 2498 0000 | 004c 8954 
  0x000002d08af85c40: 2470 c5fa | 1144 242c | 4c89 ac24 | 8000 0000 | 4c89 ac24 | 8800 0000 | 89b4 24a4 | 0000 0089 
  0x000002d08af85c60: 9c24 b000 | 0000 89b4 | 24b4 0000 | 0066 6690 

  0x000002d08af85c70: ;   {runtime_call UncommonTrapBlob}
  0x000002d08af85c70: c5f8 77e8 

  0x000002d08af85c74: ; ImmutableOopMap {[32]=NarrowOop [44]=NarrowOop [48]=Oop [56]=NarrowOop [64]=Oop [72]=Oop [80]=Oop [88]=Oop [96]=Oop [104]=Oop [112]=Oop [128]=Oop [136]=Oop [164]=NarrowOop [180]=NarrowOop }
                      ;*baload {reexecute=0 rethrow=0 return_oop=0}
                      ; - java.util.zip.ZipUtils::SH@11
                      ; - java.util.zip.ZipUtils::LG@2
                      ; - java.util.zip.ZipUtils::CENSIZ@5
                      ; - java.util.zip.ZipFile$ZipFileInputStream::<init>@12
                      ; - java.util.zip.ZipFile::getInputStream@88
                      ; - org.eclipse.osgi.storage.bundlefile.ZipBundleFile::doGetInputStream@5 (line 101)
                      ; - org.eclipse.osgi.storage.bundlefile.ZipBundleFile::doGetInputStream@5 (line 1)
                      ; - org.eclipse.osgi.storage.bundlefile.CloseableBundleFile::getInputStream@20 (line 487)
                      ; - org.eclipse.osgi.storage.bundlefile.ZipBundleEntry::getInputStream@8 (line 58)
                      ; - org.eclipse.osgi.storage.bundlefile.BundleEntry::getBytes@1 (line 97)
                      ; - org.eclipse.osgi.internal.loader.classpath.ClasspathManager::findClassImpl@109 (line 681)
  0x000002d08af85c74: 88dd 65ff 

  0x000002d08af85c78: ;   {other}
  0x000002d08af85c78: 0f1f 8400 | e84a 0053 | bae4 ffff | ff48 8b6c | 2448 4c8b | 5424 784c | 8954 2448 | 4c8b 9424 
  0x000002d08af85c98: 8800 0000 | 4c89 5424 | 5044 8b54 | 243c 4489 | 5424 24c5 | fa11 4424 | 3c44 899c | 2488 0000 
  0x000002d08af85cb8: 0044 8984 | 248c 0000 | 0066 6690 

  0x000002d08af85cc4: ;   {runtime_call UncommonTrapBlob}
  0x000002d08af85cc4: c5f8 77e8 

  0x000002d08af85cc8: ; ImmutableOopMap {rbp=Oop [32]=NarrowOop [40]=Oop [48]=Oop [56]=NarrowOop [60]=NarrowOop [64]=Oop [72]=Oop [80]=Oop [88]=Oop [136]=NarrowOop [144]=Oop [152]=Oop }
                      ;*baload {reexecute=0 rethrow=0 return_oop=0}
                      ; - java.util.zip.ZipUtils::SH@2
                      ; - java.util.zip.ZipUtils::CENHOW@5
                      ; - java.util.zip.ZipFile::getInputStream@98
                      ; - org.eclipse.osgi.storage.bundlefile.ZipBundleFile::doGetInputStream@5 (line 101)
                      ; - org.eclipse.osgi.storage.bundlefile.ZipBundleFile::doGetInputStream@5 (line 1)
                      ; - org.eclipse.osgi.storage.bundlefile.CloseableBundleFile::getInputStream@20 (line 487)
                      ; - org.eclipse.osgi.storage.bundlefile.ZipBundleEntry::getInputStream@8 (line 58)
                      ; - org.eclipse.osgi.storage.bundlefile.BundleEntry::getBytes@1 (line 97)
                      ; - org.eclipse.osgi.internal.loader.classpath.ClasspathManager::findClassImpl@109 (line 681)
  0x000002d08af85cc8: 34dd 65ff 

  0x000002d08af85ccc: ;   {other}
  0x000002d08af85ccc: 0f1f 8400 | 3c4b 0054 | 8b6c 243c | 83c5 0bba | e4ff ffff | 4c8b 5424 | 784c 8954 | 2450 4c8b 
  0x000002d08af85cec: 9424 8800 | 0000 4c89 | 5424 6044 | 8b54 243c | 4489 5424 | 24c5 fa11 | 4424 3c44 | 898c 2488 
  0x000002d08af85d0c: 0000 0044 | 899c 248c | 0000 0090 

  0x000002d08af85d18: ;   {runtime_call UncommonTrapBlob}
  0x000002d08af85d18: c5f8 77e8 

  0x000002d08af85d1c: ; ImmutableOopMap {[32]=NarrowOop [40]=Oop [48]=Oop [56]=NarrowOop [60]=NarrowOop [64]=Oop [72]=Oop [80]=Oop [88]=Oop [96]=Oop [140]=NarrowOop [144]=Oop [152]=Oop }
                      ;*baload {reexecute=0 rethrow=0 return_oop=0}
                      ; - java.util.zip.ZipUtils::SH@11
                      ; - java.util.zip.ZipUtils::CENHOW@5
                      ; - java.util.zip.ZipFile::getInputStream@98
                      ; - org.eclipse.osgi.storage.bundlefile.ZipBundleFile::doGetInputStream@5 (line 101)
                      ; - org.eclipse.osgi.storage.bundlefile.ZipBundleFile::doGetInputStream@5 (line 1)
                      ; - org.eclipse.osgi.storage.bundlefile.CloseableBundleFile::getInputStream@20 (line 487)
                      ; - org.eclipse.osgi.storage.bundlefile.ZipBundleEntry::getInputStream@8 (line 58)
                      ; - org.eclipse.osgi.storage.bundlefile.BundleEntry::getBytes@1 (line 97)
                      ; - org.eclipse.osgi.internal.loader.classpath.ClasspathManager::findClassImpl@109 (line 681)
  0x000002d08af85d1c: e0dc 65ff 

  0x000002d08af85d20: ;   {other}
  0x000002d08af85d20: 0f1f 8400 | 904b 0055 | baf6 ffff | ff48 8b6c | 2448 4c8b | 5c24 304c | 895c 2428 | 4c8b 5c24 
  0x000002d08af85d40: 784c 895c | 2430 4c8b | 9c24 8800 | 0000 4c89 | 5c24 484c | 8b9c 2490 | 0000 004c | 895c 2450 
  0x000002d08af85d60: 448b 5c24 | 3844 895c | 2424 4c89 | 4424 7044 | 894c 2478 | 4889 8424 | 8000 0000 | 4c89 8424 
  0x000002d08af85d80: 8800 0000 | 4489 9424 | 9000 0000 

  0x000002d08af85d8c: ;   {runtime_call UncommonTrapBlob}
  0x000002d08af85d8c: c5f8 77e8 

  0x000002d08af85d90: ; ImmutableOopMap {rbp=Oop [32]=NarrowOop [36]=NarrowOop [40]=Oop [48]=Oop [64]=Oop [72]=Oop [80]=Oop [88]=Oop [112]=Oop [128]=Oop [136]=Oop [144]=NarrowOop [152]=Oop }
                      ;*monitorenter {reexecute=0 rethrow=0 return_oop=0}
                      ; - java.util.zip.ZipFile$CleanableResource::getInflater@6
                      ; - java.util.zip.ZipFile$ZipFileInflaterInputStream::<init>@5
                      ; - java.util.zip.ZipFile::getInputStream@216
                      ; - org.eclipse.osgi.storage.bundlefile.ZipBundleFile::doGetInputStream@5 (line 101)
                      ; - org.eclipse.osgi.storage.bundlefile.ZipBundleFile::doGetInputStream@5 (line 1)
                      ; - org.eclipse.osgi.storage.bundlefile.CloseableBundleFile::getInputStream@20 (line 487)
                      ; - org.eclipse.osgi.storage.bundlefile.ZipBundleEntry::getInputStream@8 (line 58)
                      ; - org.eclipse.osgi.storage.bundlefile.BundleEntry::getBytes@1 (line 97)
                      ; - org.eclipse.osgi.internal.loader.classpath.ClasspathManager::findClassImpl@109 (line 681)
  0x000002d08af85d90: 6cdc 65ff 

  0x000002d08af85d94: ;   {other}
  0x000002d08af85d94: 0f1f 8400 | 044c 0056 | bae4 ffff | ff48 8b6c | 2448 4c8b | 5424 784c | 8954 2448 | 4c8b 9424 
  0x000002d08af85db4: 8800 0000 | 4c89 5424 | 504c 8b94 | 2490 0000 | 004c 8954 | 2478 4c8b | 9424 9800 | 0000 4c89 
  0x000002d08af85dd4: 9424 8000 | 0000 448b | 5c24 3844 | 895c 2424 | 448b 5424 | 7044 8954 | 2438 4889 | 8c24 9800 
  0x000002d08af85df4: 0000 4489 | 8c24 a800 | 0000 4489 | 8424 ac00 | 0000 6690 

  0x000002d08af85e08: ;   {runtime_call UncommonTrapBlob}
  0x000002d08af85e08: c5f8 77e8 

  0x000002d08af85e0c: ; ImmutableOopMap {rbp=Oop [32]=NarrowOop [36]=NarrowOop [40]=Oop [48]=Oop [60]=NarrowOop [64]=Oop [72]=Oop [80]=Oop [88]=Oop [100]=NarrowOop [104]=Oop [120]=Oop [128]=Oop [152]=Oop [168]=NarrowOop }
                      ;*aaload {reexecute=0 rethrow=0 return_oop=0}
                      ; - java.util.ArrayDeque::elementAt@2
                      ; - java.util.ArrayDeque::pollFirst@12
                      ; - java.util.ArrayDeque::poll@1
                      ; - java.util.zip.ZipFile$CleanableResource::getInflater@11
                      ; - java.util.zip.ZipFile$ZipFileInflaterInputStream::<init>@5
                      ; - java.util.zip.ZipFile::getInputStream@216
                      ; - org.eclipse.osgi.storage.bundlefile.ZipBundleFile::doGetInputStream@5 (line 101)
                      ; - org.eclipse.osgi.storage.bundlefile.ZipBundleFile::doGetInputStream@5 (line 1)
                      ; - org.eclipse.osgi.storage.bundlefile.CloseableBundleFile::getInputStream@20 (line 487)
                      ; - org.eclipse.osgi.storage.bundlefile.ZipBundleEntry::getInputStream@8 (line 58)
                      ; - org.eclipse.osgi.storage.bundlefile.BundleEntry::getBytes@1 (line 97)
                      ; - org.eclipse.osgi.internal.loader.classpath.ClasspathManager::findClassImpl@109 (line 681)
  0x000002d08af85e0c: f0db 65ff 

  0x000002d08af85e10: ;   {other}
  0x000002d08af85e10: 0f1f 8400 | 804c 0057 | 4963 cae9 | 20ce ffff | baf6 ffff | ff48 8b6c | 2448 4c8b | 5424 784c 
  0x000002d08af85e30: 8954 2448 | 4c8b 9424 | 8800 0000 | 4c89 5424 | 504c 8b94 | 2490 0000 | 004c 8954 | 2468 4c8b 
  0x000002d08af85e50: 9424 9800 | 0000 4c89 | 5424 7044 | 8b5c 2438 | 4489 5c24 | 244c 8b54 | 2458 4c89 | 5424 384c 
  0x000002d08af85e70: 8984 2488 | 0000 004c | 8984 2498 | 0000 0090 

  0x000002d08af85e80: ;   {runtime_call UncommonTrapBlob}
  0x000002d08af85e80: c5f8 77e8 

  0x000002d08af85e84: ; ImmutableOopMap {rbp=Oop [32]=NarrowOop [36]=NarrowOop [40]=Oop [48]=Oop [56]=Oop [64]=Oop [72]=Oop [80]=Oop [96]=Oop [104]=Oop [112]=Oop [136]=Oop [152]=Oop }
                      ;*monitorenter {reexecute=0 rethrow=0 return_oop=0}
                      ; - jdk.internal.ref.PhantomCleanable::insert@6
                      ; - jdk.internal.ref.PhantomCleanable::<init>@37
                      ; - jdk.internal.ref.CleanerImpl$PhantomCleanableRef::<init>@3
                      ; - java.lang.ref.Cleaner::register@21
                      ; - java.util.zip.ZipFile$ZipFileInflaterInputStream::<init>@34
                      ; - java.util.zip.ZipFile$ZipFileInflaterInputStream::<init>@10
                      ; - java.util.zip.ZipFile::getInputStream@216
                      ; - org.eclipse.osgi.storage.bundlefile.ZipBundleFile::doGetInputStream@5 (line 101)
                      ; - org.eclipse.osgi.storage.bundlefile.ZipBundleFile::doGetInputStream@5 (line 1)
                      ; - org.eclipse.osgi.storage.bundlefile.CloseableBundleFile::getInputStream@20 (line 487)
                      ; - org.eclipse.osgi.storage.bundlefile.ZipBundleEntry::getInputStream@8 (line 58)
                      ; - org.eclipse.osgi.storage.bundlefile.BundleEntry::getBytes@1 (line 97)
                      ; - org.eclipse.osgi.internal.loader.classpath.ClasspathManager::findClassImpl@109 (line 681)
  0x000002d08af85e84: 78db 65ff 

  0x000002d08af85e88: ;   {other}
  0x000002d08af85e88: 0f1f 8400 | f84c 0058 | 4963 cae9 | 6ed7 ffff | ba66 ffff | ff48 8b6c | 2448 4c8b | 5424 304c 
  0x000002d08af85ea8: 8954 2420 | 4c8b 5424 | 404c 8954 | 2430 4889 | 4424 4848 | 8944 2450 

  0x000002d08af85ec0: ;   {runtime_call UncommonTrapBlob}
  0x000002d08af85ec0: c5f8 77e8 

  0x000002d08af85ec4: ; ImmutableOopMap {rbp=Oop [32]=Oop [48]=Oop [72]=Oop [80]=Oop [120]=Oop [136]=Oop }
                      ;*invokevirtual getInputStream {reexecute=0 rethrow=0 return_oop=0}
                      ; - org.eclipse.osgi.storage.bundlefile.BundleEntry::getBytes@1 (line 97)
                      ; - org.eclipse.osgi.internal.loader.classpath.ClasspathManager::findClassImpl@109 (line 681)
  0x000002d08af85ec4: 38db 65ff 

  0x000002d08af85ec8: ;   {other}
  0x000002d08af85ec8: 0f1f 8400 | 384d 0059 | bade ffff | ff4c 8b54 | 2448 4c89 | 5424 204c | 8b54 2430 | 4c89 5424 
  0x000002d08af85ee8: 284c 8b54 | 2440 4c89 | 5424 3844 | 8944 245c | 4489 7424 | 6066 6690 

  0x000002d08af85f00: ;   {runtime_call UncommonTrapBlob}
  0x000002d08af85f00: c5f8 77e8 

  0x000002d08af85f04: ; ImmutableOopMap {rbp=NarrowOop [32]=Oop [40]=Oop [56]=Oop [92]=NarrowOop [96]=NarrowOop [120]=Oop [136]=Oop [144]=Oop [152]=Oop }
                      ;*invokevirtual initialTryLock {reexecute=0 rethrow=0 return_oop=0}
                      ; - java.util.concurrent.locks.ReentrantLock$Sync::lock@1
                      ; - java.util.concurrent.locks.ReentrantLock::lock@4
                      ; - org.eclipse.osgi.storage.bundlefile.CloseableBundleFile::lockOpen@4 (line 85)
                      ; - org.eclipse.osgi.storage.bundlefile.CloseableBundleFile::getInputStream@1 (line 483)
                      ; - org.eclipse.osgi.storage.bundlefile.ZipBundleEntry::getInputStream@8 (line 58)
                      ; - org.eclipse.osgi.storage.bundlefile.BundleEntry::getBytes@1 (line 97)
                      ; - org.eclipse.osgi.internal.loader.classpath.ClasspathManager::findClassImpl@109 (line 681)
  0x000002d08af85f04: f8da 65ff 

  0x000002d08af85f08: ;   {other}
  0x000002d08af85f08: 0f1f 8400 | 784d 005a | bade ffff | ff4c 8b54 | 2448 4c89 | 5424 204c | 8b54 2430 | 4c89 5424 
  0x000002d08af85f28: 284c 8b54 | 2440 4c89 | 5424 3844 | 8974 2458 | 4489 4424 | 5c66 6690 

  0x000002d08af85f40: ;   {runtime_call UncommonTrapBlob}
  0x000002d08af85f40: c5f8 77e8 

  0x000002d08af85f44: ; ImmutableOopMap {rbp=NarrowOop [32]=Oop [40]=Oop [56]=Oop [88]=NarrowOop [92]=NarrowOop [120]=Oop [136]=Oop [144]=Oop [152]=Oop }
                      ;*invokevirtual getInputStream {reexecute=0 rethrow=0 return_oop=0}
                      ; - org.eclipse.osgi.storage.bundlefile.ZipBundleFile::doGetInputStream@5 (line 101)
                      ; - org.eclipse.osgi.storage.bundlefile.ZipBundleFile::doGetInputStream@5 (line 1)
                      ; - org.eclipse.osgi.storage.bundlefile.CloseableBundleFile::getInputStream@20 (line 487)
                      ; - org.eclipse.osgi.storage.bundlefile.ZipBundleEntry::getInputStream@8 (line 58)
                      ; - org.eclipse.osgi.storage.bundlefile.BundleEntry::getBytes@1 (line 97)
                      ; - org.eclipse.osgi.internal.loader.classpath.ClasspathManager::findClassImpl@109 (line 681)
  0x000002d08af85f44: b8da 65ff 

  0x000002d08af85f48: ;   {other}
  0x000002d08af85f48: 0f1f 8400 | b84d 005b | 4489 4c24 | 7044 895c | 2464 4c89 | 5424 6889 | 5424 604c | 8b54 2450 
  0x000002d08af85f68: 4c89 5424 | 5844 8974 | 2450 4c8b | 9424 9800 | 0000 4c89 | 5424 384c | 8b94 2490 | 0000 004c 
  0x000002d08af85f88: 8954 2428 | 4c8b 9424 | 8000 0000 | 4c89 5424 | 2049 8be8 | 4489 4424 | 5448 8b54 | 2468 4c8d 
  0x000002d08af85fa8: 8424 f000 | 0000 6690 

  0x000002d08af85fb0: ;   {runtime_call _complete_monitor_locking_Java}
  0x000002d08af85fb0: c5f8 77e8 

  0x000002d08af85fb4: ; ImmutableOopMap {rbp=Oop [32]=Oop [40]=Oop [48]=Oop [56]=Oop [64]=Oop [72]=Oop [80]=NarrowOop [84]=NarrowOop [88]=Oop [96]=NarrowOop [100]=NarrowOop [104]=Oop [112]=NarrowOop [120]=Oop [136]=Oop }
                      ;*monitorenter {reexecute=0 rethrow=0 return_oop=0}
                      ; - java.util.zip.ZipFile::getInputStream@29
                      ; - org.eclipse.osgi.storage.bundlefile.ZipBundleFile::doGetInputStream@5 (line 101)
                      ; - org.eclipse.osgi.storage.bundlefile.ZipBundleFile::doGetInputStream@5 (line 1)
                      ; - org.eclipse.osgi.storage.bundlefile.CloseableBundleFile::getInputStream@20 (line 487)
                      ; - org.eclipse.osgi.storage.bundlefile.ZipBundleEntry::getInputStream@8 (line 58)
                      ; - org.eclipse.osgi.storage.bundlefile.BundleEntry::getBytes@1 (line 97)
                      ; - org.eclipse.osgi.internal.loader.classpath.ClasspathManager::findClassImpl@109 (line 681)
  0x000002d08af85fb4: c863 71ff 

  0x000002d08af85fb8: ;   {other}
  0x000002d08af85fb8: 0f1f 8400 | 284e 005c | 4c8b 5424 | 204c 8994 | 2480 0000 | 004c 8b54 | 2428 4c89 | 9424 9000 
  0x000002d08af85fd8: 0000 4c8b | 5424 384c | 8994 2498 | 0000 0044 | 8b74 2450 | 448b 4424 | 544c 8b54 | 2458 4c89 
  0x000002d08af85ff8: 5424 508b | 5424 604c | 8b54 2468 | 448b 5c24 | 6444 8b4c | 2470 e94e | c5ff ffba | 45ff ffff 
  0x000002d08af86018: 4c8b 5424 | 784c 8954 | 2450 448b | 5c24 3c44 | 895c 2424 | c5fa 1144 | 243c 6690 

  0x000002d08af86034: ;   {runtime_call UncommonTrapBlob}
  0x000002d08af86034: c5f8 77e8 

  0x000002d08af86038: ; ImmutableOopMap {[32]=NarrowOop [40]=Oop [48]=Oop [56]=NarrowOop [60]=NarrowOop [64]=Oop [72]=Oop [80]=Oop [88]=Oop [136]=Oop [144]=Oop [152]=Oop }
                      ;*lookupswitch {reexecute=1 rethrow=0 return_oop=0}
                      ; - (reexecute) java.util.zip.ZipFile::getInputStream@101
                      ; - org.eclipse.osgi.storage.bundlefile.ZipBundleFile::doGetInputStream@5 (line 101)
                      ; - org.eclipse.osgi.storage.bundlefile.ZipBundleFile::doGetInputStream@5 (line 1)
                      ; - org.eclipse.osgi.storage.bundlefile.CloseableBundleFile::getInputStream@20 (line 487)
                      ; - org.eclipse.osgi.storage.bundlefile.ZipBundleEntry::getInputStream@8 (line 58)
                      ; - org.eclipse.osgi.storage.bundlefile.BundleEntry::getBytes@1 (line 97)
                      ; - org.eclipse.osgi.internal.loader.classpath.ClasspathManager::findClassImpl@109 (line 681)
  0x000002d08af86038: c4d9 65ff 

  0x000002d08af8603c: ;   {other}
  0x000002d08af8603c: 0f1f 8400 | ac4e 005d | 498b d04c | 8d84 24f8 | 0000 0090 

  0x000002d08af86050: ;   {runtime_call _complete_monitor_locking_Java}
  0x000002d08af86050: c5f8 77e8 

  0x000002d08af86054: ; ImmutableOopMap {[32]=NarrowOop [36]=NarrowOop [40]=Oop [48]=Oop [56]=NarrowOop [60]=NarrowOop [64]=Oop [72]=Oop [80]=Oop [88]=Oop [96]=NarrowOop [100]=NarrowOop [104]=Oop [120]=Oop [128]=Oop [136]=Oop [144]=Oop [152]=Oop [160]=Oop [168]=Oop }
                      ;*monitorenter {reexecute=0 rethrow=0 return_oop=0}
                      ; - java.util.zip.ZipFile$CleanableResource::getInflater@6
                      ; - java.util.zip.ZipFile$ZipFileInflaterInputStream::<init>@5
                      ; - java.util.zip.ZipFile::getInputStream@216
                      ; - org.eclipse.osgi.storage.bundlefile.ZipBundleFile::doGetInputStream@5 (line 101)
                      ; - org.eclipse.osgi.storage.bundlefile.ZipBundleFile::doGetInputStream@5 (line 1)
                      ; - org.eclipse.osgi.storage.bundlefile.CloseableBundleFile::getInputStream@20 (line 487)
                      ; - org.eclipse.osgi.storage.bundlefile.ZipBundleEntry::getInputStream@8 (line 58)
                      ; - org.eclipse.osgi.storage.bundlefile.BundleEntry::getBytes@1 (line 97)
                      ; - org.eclipse.osgi.internal.loader.classpath.ClasspathManager::findClassImpl@109 (line 681)
  0x000002d08af86054: 2863 71ff 

  0x000002d08af86058: ;   {other}
  0x000002d08af86058: 0f1f 8400 | c84e 005e | e9d3 c9ff | ffba deff | ffff 4c8b | 5424 784c | 8954 2450 | 4c8b 9424 
  0x000002d08af86078: 8800 0000 | 4c89 5424 | 784c 8b94 | 2490 0000 | 004c 8994 | 2480 0000 | 004c 8b94 | 2498 0000 
  0x000002d08af86098: 004c 8994 | 2488 0000 | 0044 8b5c | 2438 4489 | 5c24 2444 | 8b54 2470 | 4489 5424 | 3866 6690 
  0x000002d08af860b8: ;   {runtime_call UncommonTrapBlob}
  0x000002d08af860b8: c5f8 77e8 

  0x000002d08af860bc: ; ImmutableOopMap {rbp=NarrowOop [32]=NarrowOop [36]=NarrowOop [40]=Oop [48]=Oop [60]=NarrowOop [64]=Oop [72]=Oop [80]=Oop [88]=Oop [100]=NarrowOop [104]=Oop [120]=Oop [128]=Oop [136]=Oop }
                      ;*invokeinterface poll {reexecute=0 rethrow=0 return_oop=0}
                      ; - java.util.zip.ZipFile$CleanableResource::getInflater@11
                      ; - java.util.zip.ZipFile$ZipFileInflaterInputStream::<init>@5
                      ; - java.util.zip.ZipFile::getInputStream@216
                      ; - org.eclipse.osgi.storage.bundlefile.ZipBundleFile::doGetInputStream@5 (line 101)
                      ; - org.eclipse.osgi.storage.bundlefile.ZipBundleFile::doGetInputStream@5 (line 1)
                      ; - org.eclipse.osgi.storage.bundlefile.CloseableBundleFile::getInputStream@20 (line 487)
                      ; - org.eclipse.osgi.storage.bundlefile.ZipBundleEntry::getInputStream@8 (line 58)
                      ; - org.eclipse.osgi.storage.bundlefile.BundleEntry::getBytes@1 (line 97)
                      ; - org.eclipse.osgi.internal.loader.classpath.ClasspathManager::findClassImpl@109 (line 681)
  0x000002d08af860bc: 40d9 65ff 

  0x000002d08af860c0: ;   {other}
  0x000002d08af860c0: 0f1f 8400 | 304f 005f | bade ffff | ff4c 8b54 | 2478 4c89 | 5424 504c | 8b94 2488 | 0000 004c 
  0x000002d08af860e0: 8954 2460 | 4c8b 9424 | 9000 0000 | 4c89 5424 | 684c 8b94 | 2498 0000 | 004c 8954 | 2470 448b 
  0x000002d08af86100: 5c24 3844 | 895c 2424 | 4c8b 5424 | 584c 8954 | 2438 4c89 | 8424 8800 | 0000 4c89 | 8c24 9000 
  0x000002d08af86120: 0000 4c89 | 8424 9800 | 0000 6690 

  0x000002d08af8612c: ;   {runtime_call UncommonTrapBlob}
  0x000002d08af8612c: c5f8 77e8 

  0x000002d08af86130: ; ImmutableOopMap {rbp=NarrowOop [32]=NarrowOop [36]=NarrowOop [40]=Oop [48]=Oop [56]=Oop [64]=Oop [72]=Oop [80]=Oop [96]=Oop [104]=Oop [112]=Oop [136]=Oop [144]=Oop [152]=Oop }
                      ;*invokeinterface apply {reexecute=0 rethrow=0 return_oop=0}
                      ; - jdk.internal.ref.CleanerImpl::getCleanerImpl@4
                      ; - jdk.internal.ref.PhantomCleanable::<init>@6
                      ; - jdk.internal.ref.CleanerImpl$PhantomCleanableRef::<init>@3
                      ; - java.lang.ref.Cleaner::register@21
                      ; - java.util.zip.ZipFile$ZipFileInflaterInputStream::<init>@34
                      ; - java.util.zip.ZipFile$ZipFileInflaterInputStream::<init>@10
                      ; - java.util.zip.ZipFile::getInputStream@216
                      ; - org.eclipse.osgi.storage.bundlefile.ZipBundleFile::doGetInputStream@5 (line 101)
                      ; - org.eclipse.osgi.storage.bundlefile.ZipBundleFile::doGetInputStream@5 (line 1)
                      ; - org.eclipse.osgi.storage.bundlefile.CloseableBundleFile::getInputStream@20 (line 487)
                      ; - org.eclipse.osgi.storage.bundlefile.ZipBundleEntry::getInputStream@8 (line 58)
                      ; - org.eclipse.osgi.storage.bundlefile.BundleEntry::getBytes@1 (line 97)
                      ; - org.eclipse.osgi.internal.loader.classpath.ClasspathManager::findClassImpl@109 (line 681)
  0x000002d08af86130: ccd8 65ff 

  0x000002d08af86134: ;   {other}
  0x000002d08af86134: 0f1f 8400 | a44f 0060 | bade ffff | ff4c 8b5c | 2478 4c89 | 5c24 504c | 8b9c 2488 | 0000 004c 
  0x000002d08af86154: 895c 2468 | 4c8b 9c24 | 9000 0000 | 4c89 5c24 | 704c 8b9c | 2498 0000 | 004c 895c | 2478 448b 
  0x000002d08af86174: 5c24 3844 | 895c 2424 | 4c8b 5c24 | 584c 895c | 2438 4c89 | 9424 9000 | 0000 4c89 | 9424 9800 
  0x000002d08af86194: 0000 6690 

  0x000002d08af86198: ;   {runtime_call UncommonTrapBlob}
  0x000002d08af86198: c5f8 77e8 

  0x000002d08af8619c: ; ImmutableOopMap {rbp=NarrowOop [32]=NarrowOop [36]=NarrowOop [40]=Oop [48]=Oop [56]=Oop [64]=Oop [72]=Oop [80]=Oop [96]=Oop [104]=Oop [112]=Oop [120]=Oop [144]=Oop [152]=Oop }
                      ;*invokeinterface apply {reexecute=0 rethrow=0 return_oop=0}
                      ; - jdk.internal.ref.CleanerImpl::getCleanerImpl@4
                      ; - jdk.internal.ref.PhantomCleanable::<init>@27
                      ; - jdk.internal.ref.CleanerImpl$PhantomCleanableRef::<init>@3
                      ; - java.lang.ref.Cleaner::register@21
                      ; - java.util.zip.ZipFile$ZipFileInflaterInputStream::<init>@34
                      ; - java.util.zip.ZipFile$ZipFileInflaterInputStream::<init>@10
                      ; - java.util.zip.ZipFile::getInputStream@216
                      ; - org.eclipse.osgi.storage.bundlefile.ZipBundleFile::doGetInputStream@5 (line 101)
                      ; - org.eclipse.osgi.storage.bundlefile.ZipBundleFile::doGetInputStream@5 (line 1)
                      ; - org.eclipse.osgi.storage.bundlefile.CloseableBundleFile::getInputStream@20 (line 487)
                      ; - org.eclipse.osgi.storage.bundlefile.ZipBundleEntry::getInputStream@8 (line 58)
                      ; - org.eclipse.osgi.storage.bundlefile.BundleEntry::getBytes@1 (line 97)
                      ; - org.eclipse.osgi.internal.loader.classpath.ClasspathManager::findClassImpl@109 (line 681)
  0x000002d08af8619c: 60d8 65ff 

  0x000002d08af861a0: ;   {other}
  0x000002d08af861a0: 0f1f 8400 | 1050 0061 | 4c89 8c24 | a000 0000 | 4c89 4424 | 7049 8bd1 | 4c8d 8424 | f800 0000 
  0x000002d08af861c0: ;   {runtime_call _complete_monitor_locking_Java}
  0x000002d08af861c0: c5f8 77e8 

  0x000002d08af861c4: ; ImmutableOopMap {rbp=NarrowOop [32]=NarrowOop [36]=NarrowOop [40]=Oop [48]=Oop [56]=NarrowOop [60]=NarrowOop [64]=Oop [72]=Oop [80]=Oop [88]=Oop [96]=Oop [104]=NarrowOop [112]=Oop [120]=Oop [128]=Oop [136]=Oop [144]=Oop [152]=Oop [160]=Oop }
                      ;*monitorenter {reexecute=0 rethrow=0 return_oop=0}
                      ; - jdk.internal.ref.PhantomCleanable::insert@6
                      ; - jdk.internal.ref.PhantomCleanable::<init>@37
                      ; - jdk.internal.ref.CleanerImpl$PhantomCleanableRef::<init>@3
                      ; - java.lang.ref.Cleaner::register@21
                      ; - java.util.zip.ZipFile$ZipFileInflaterInputStream::<init>@34
                      ; - java.util.zip.ZipFile$ZipFileInflaterInputStream::<init>@10
                      ; - java.util.zip.ZipFile::getInputStream@216
                      ; - org.eclipse.osgi.storage.bundlefile.ZipBundleFile::doGetInputStream@5 (line 101)
                      ; - org.eclipse.osgi.storage.bundlefile.ZipBundleFile::doGetInputStream@5 (line 1)
                      ; - org.eclipse.osgi.storage.bundlefile.CloseableBundleFile::getInputStream@20 (line 487)
                      ; - org.eclipse.osgi.storage.bundlefile.ZipBundleEntry::getInputStream@8 (line 58)
                      ; - org.eclipse.osgi.storage.bundlefile.BundleEntry::getBytes@1 (line 97)
                      ; - org.eclipse.osgi.internal.loader.classpath.ClasspathManager::findClassImpl@109 (line 681)
  0x000002d08af861c4: b861 71ff 

  0x000002d08af861c8: ;   {other}
  0x000002d08af861c8: 0f1f 8400 | 3850 0062 | 4c8b 4424 | 704c 8b8c | 24a0 0000 | 00e9 8fcd | ffff 418b | fa49 8bd8 
  0x000002d08af861e8: 498b c948 | 8d94 24f8 | 0000 004d | 8bc7 c5f8 | 7749 bab0 | cfa0 19f8 | 7f00 0041 

  0x000002d08af86204: ;   {other}
  0x000002d08af86204: ffd2 0f1f | 8400 0000 | 0000 4c8b | c344 8bd7 | e934 ceff | ffba deff | ffff 488b | 6c24 484c 
  0x000002d08af86224: 8b5c 2478 | 4c89 5c24 | 3844 8954 | 2468 4c89 | 4c24 7044 | 8954 246c 

  0x000002d08af8623c: ;   {runtime_call UncommonTrapBlob}
  0x000002d08af8623c: c5f8 77e8 

  0x000002d08af86240: ; ImmutableOopMap {rbp=Oop [32]=NarrowOop [40]=Oop [48]=Oop [56]=Oop [64]=Oop [104]=NarrowOop [108]=NarrowOop [112]=Oop [136]=Oop [144]=Oop [152]=Oop }
                      ;*invokeinterface add {reexecute=0 rethrow=0 return_oop=0}
                      ; - java.util.zip.ZipFile::getInputStream@231
                      ; - org.eclipse.osgi.storage.bundlefile.ZipBundleFile::doGetInputStream@5 (line 101)
                      ; - org.eclipse.osgi.storage.bundlefile.ZipBundleFile::doGetInputStream@5 (line 1)
                      ; - org.eclipse.osgi.storage.bundlefile.CloseableBundleFile::getInputStream@20 (line 487)
                      ; - org.eclipse.osgi.storage.bundlefile.ZipBundleEntry::getInputStream@8 (line 58)
                      ; - org.eclipse.osgi.storage.bundlefile.BundleEntry::getBytes@1 (line 97)
                      ; - org.eclipse.osgi.internal.loader.classpath.ClasspathManager::findClassImpl@109 (line 681)
  0x000002d08af86240: bcd7 65ff 

  0x000002d08af86244: ;   {other}
  0x000002d08af86244: 0f1f 8400 | b450 0063 | 4c89 4424 | 6049 8bd0 | 4c8d 8424 | f800 0000 

  0x000002d08af8625c: ;   {runtime_call _complete_monitor_locking_Java}
  0x000002d08af8625c: c5f8 77e8 

  0x000002d08af86260: ; ImmutableOopMap {[32]=NarrowOop [36]=NarrowOop [40]=Oop [48]=Oop [56]=NarrowOop [64]=Oop [72]=Oop [80]=Oop [88]=Oop [96]=Oop [104]=NarrowOop [120]=Oop [128]=Oop [136]=Oop [144]=Oop [152]=Oop }
                      ;*monitorenter {reexecute=0 rethrow=0 return_oop=0}
                      ; - java.util.zip.ZipFile::getInputStream@226
                      ; - org.eclipse.osgi.storage.bundlefile.ZipBundleFile::doGetInputStream@5 (line 101)
                      ; - org.eclipse.osgi.storage.bundlefile.ZipBundleFile::doGetInputStream@5 (line 1)
                      ; - org.eclipse.osgi.storage.bundlefile.CloseableBundleFile::getInputStream@20 (line 487)
                      ; - org.eclipse.osgi.storage.bundlefile.ZipBundleEntry::getInputStream@8 (line 58)
                      ; - org.eclipse.osgi.storage.bundlefile.BundleEntry::getBytes@1 (line 97)
                      ; - org.eclipse.osgi.internal.loader.classpath.ClasspathManager::findClassImpl@109 (line 681)
  0x000002d08af86260: 1c61 71ff 

  0x000002d08af86264: ;   {other}
  0x000002d08af86264: 0f1f 8400 | d450 0064 | 448b 5424 | 384c 8b4c | 2458 4c8b | 4424 60e9 | 80ce ffff | 488b 4c24 
  0x000002d08af86284: 3848 8d94 | 24f8 0000 | 004d 8bc7 | c5f8 7749 | bab0 cfa0 | 19f8 7f00 | 0041 ffd2 

  0x000002d08af862a0: ;   {other}
  0x000002d08af862a0: 0f1f 8400 | 0000 0000 | e906 d1ff | ff4d 8bd3 | 498b ca48 | 8d94 24f0 | 0000 004d | 8bc7 c5f8 
  0x000002d08af862c0: 7749 bab0 | cfa0 19f8 | 7f00 0041 

  0x000002d08af862cc: ;   {other}
  0x000002d08af862cc: ffd2 0f1f | 8400 0000 | 0000 e978 | d1ff ffba | deff ffff | 4c8b 5c24 | 484c 895c | 2420 4c8b 
  0x000002d08af862ec: 5c24 304c | 895c 2428 | 4c8b 5c24 | 404c 895c | 2438 4889 | 7424 6044 | 8954 245c 

  0x000002d08af86308: ;   {runtime_call UncommonTrapBlob}
  0x000002d08af86308: c5f8 77e8 

  0x000002d08af8630c: ; ImmutableOopMap {rbp=NarrowOop [32]=Oop [40]=Oop [56]=Oop [92]=NarrowOop [96]=Oop [120]=Oop [136]=Oop [144]=Oop [152]=Oop }
                      ;*invokevirtual initialTryLock {reexecute=0 rethrow=0 return_oop=0}
                      ; - java.util.concurrent.locks.ReentrantLock$Sync::lock@1
                      ; - java.util.concurrent.locks.ReentrantLock::lock@4
                      ; - org.eclipse.osgi.storage.bundlefile.CloseableBundleFile::incrementReference@4 (line 451)
                      ; - org.eclipse.osgi.storage.bundlefile.CloseableBundleFile$BundleEntryInputStream::<init>@16 (line 513)
                      ; - org.eclipse.osgi.storage.bundlefile.CloseableBundleFile::getInputStream@37 (line 489)
                      ; - org.eclipse.osgi.storage.bundlefile.ZipBundleEntry::getInputStream@8 (line 58)
                      ; - org.eclipse.osgi.storage.bundlefile.BundleEntry::getBytes@1 (line 97)
                      ; - org.eclipse.osgi.internal.loader.classpath.ClasspathManager::findClassImpl@109 (line 681)
  0x000002d08af8630c: f0d6 65ff 

  0x000002d08af86310: ;   {other}
  0x000002d08af86310: 0f1f 8400 | 8051 0065 | 4c89 6c24 | 5048 8974 | 2438 448b | 5c24 2444 | 895c 2428 | 4c89 7424 
  0x000002d08af86330: 2048 8bac | 2480 0000 | 0048 8bd6 | 4c8d 8424 | f000 0000 

  0x000002d08af86344: ;   {runtime_call _complete_monitor_locking_Java}
  0x000002d08af86344: c5f8 77e8 

  0x000002d08af86348: ; ImmutableOopMap {rbp=Oop [32]=Oop [40]=NarrowOop [48]=Oop [56]=Oop [64]=Oop [72]=Oop [80]=Oop [120]=Oop [136]=Oop [144]=Oop }
                      ;*monitorenter {reexecute=0 rethrow=0 return_oop=0}
                      ; - org.eclipse.osgi.storage.bundlefile.CloseableBundleFile$BundleEntryInputStream::close@54 (line 532)
                      ; - org.eclipse.osgi.storage.StorageUtil::getBytes@161 (line 213)
                      ; - org.eclipse.osgi.storage.bundlefile.BundleEntry::getBytes@16 (line 102)
                      ; - org.eclipse.osgi.internal.loader.classpath.ClasspathManager::findClassImpl@109 (line 681)
  0x000002d08af86348: 3460 71ff 

  0x000002d08af8634c: ;   {other}
  0x000002d08af8634c: 0f1f 8400 | bc51 0066 | 4889 ac24 | 8000 0000 | 4c8b 7424 | 2044 8b54 | 2428 4489 | 5424 2448 
  0x000002d08af8636c: 8b74 2438 | 4c8b 6c24 | 50e9 38d8 | ffff bade | ffff ff48 | 8b6c 2448 | 488b 5c24 | 7848 895c 
  0x000002d08af8638c: 2438 488b | 9c24 8800 | 0000 4889 | 5c24 4848 | 8b9c 2490 | 0000 0048 | 895c 2450 | 488b 9c24 
  0x000002d08af863ac: 9800 0000 | 4889 5c24 | 584c 8944 | 2478 4c89 | 8c24 8800 | 0000 4489 | 5c24 244c | 8994 2490 
  0x000002d08af863cc: 0000 004c | 8994 2498 | 0000 0089 | 8c24 a000 | 0000 6690 

  0x000002d08af863e0: ;   {runtime_call UncommonTrapBlob}
  0x000002d08af863e0: c5f8 77e8 

  0x000002d08af863e4: ; ImmutableOopMap {rbp=Oop [32]=NarrowOop [40]=Oop [48]=Oop [56]=Oop [64]=Oop [72]=Oop [80]=Oop [88]=Oop [120]=Oop [136]=Oop [144]=Oop [152]=Oop [160]=NarrowOop }
                      ;*invokevirtual poll {reexecute=0 rethrow=0 return_oop=0}
                      ; - java.util.WeakHashMap::expungeStaleEntries@4
                      ; - java.util.WeakHashMap::getTable@1
                      ; - java.util.WeakHashMap::put@13
                      ; - java.util.Collections$SetFromMap::add@8
                      ; - java.util.zip.ZipFile::getInputStream@231
                      ; - org.eclipse.osgi.storage.bundlefile.ZipBundleFile::doGetInputStream@5 (line 101)
                      ; - org.eclipse.osgi.storage.bundlefile.ZipBundleFile::doGetInputStream@5 (line 1)
                      ; - org.eclipse.osgi.storage.bundlefile.CloseableBundleFile::getInputStream@20 (line 487)
                      ; - org.eclipse.osgi.storage.bundlefile.ZipBundleEntry::getInputStream@8 (line 58)
                      ; - org.eclipse.osgi.storage.bundlefile.BundleEntry::getBytes@1 (line 97)
                      ; - org.eclipse.osgi.internal.loader.classpath.ClasspathManager::findClassImpl@109 (line 681)
  0x000002d08af863e4: 18d6 65ff 

  0x000002d08af863e8: ;   {other}
  0x000002d08af863e8: 0f1f 8400 | 5852 0067 | bae4 ffff | ff48 8b6c | 2448 488b | 4c24 7848 | 894c 2438 | 488b 8c24 
  0x000002d08af86408: 8800 0000 | 4889 4c24 | 4848 8b8c | 2490 0000 | 0048 894c | 2450 488b | 8c24 9800 | 0000 4889 
  0x000002d08af86428: 4c24 584c | 8944 2478 | 4c89 9424 | 8000 0000 | 4c89 8c24 | 8800 0000 | 4489 5c24 | 2489 b424 
  0x000002d08af86448: 9800 0000 | 899c 249c | 0000 0090 

  0x000002d08af86454: ;   {runtime_call UncommonTrapBlob}
  0x000002d08af86454: c5f8 77e8 

  0x000002d08af86458: ; ImmutableOopMap {rbp=Oop [32]=NarrowOop [40]=Oop [48]=Oop [56]=Oop [64]=Oop [72]=Oop [80]=Oop [88]=Oop [120]=Oop [128]=Oop [136]=Oop [152]=NarrowOop }
                      ;*aaload {reexecute=0 rethrow=0 return_oop=0}
                      ; - java.util.WeakHashMap::put@32
                      ; - java.util.Collections$SetFromMap::add@8
                      ; - java.util.zip.ZipFile::getInputStream@231
                      ; - org.eclipse.osgi.storage.bundlefile.ZipBundleFile::doGetInputStream@5 (line 101)
                      ; - org.eclipse.osgi.storage.bundlefile.ZipBundleFile::doGetInputStream@5 (line 1)
                      ; - org.eclipse.osgi.storage.bundlefile.CloseableBundleFile::getInputStream@20 (line 487)
                      ; - org.eclipse.osgi.storage.bundlefile.ZipBundleEntry::getInputStream@8 (line 58)
                      ; - org.eclipse.osgi.storage.bundlefile.BundleEntry::getBytes@1 (line 97)
                      ; - org.eclipse.osgi.internal.loader.classpath.ClasspathManager::findClassImpl@109 (line 681)
  0x000002d08af86458: a4d5 65ff 

  0x000002d08af8645c: ;   {other}
  0x000002d08af8645c: 0f1f 8400 | cc52 0068 | baf6 ffff | ff48 8b6c | 2448 4c8b | 5c24 304c | 895c 2420 | 4c8b 5c24 
  0x000002d08af8647c: 404c 895c | 2430 6690 

  0x000002d08af86484: ;   {runtime_call UncommonTrapBlob}
  0x000002d08af86484: c5f8 77e8 

  0x000002d08af86488: ; ImmutableOopMap {rbp=Oop [32]=Oop [48]=Oop [56]=Oop [80]=Oop [88]=Oop [120]=Oop [136]=Oop [144]=Oop }
                      ;*monitorenter {reexecute=0 rethrow=0 return_oop=0}
                      ; - java.util.zip.ZipFile$ZipFileInflaterInputStream::close@29
                      ; - java.io.FilterInputStream::close@4
                      ; - org.eclipse.osgi.storage.bundlefile.CloseableBundleFile$BundleEntryInputStream::close@1 (line 528)
                      ; - org.eclipse.osgi.storage.StorageUtil::getBytes@161 (line 213)
                      ; - org.eclipse.osgi.storage.bundlefile.BundleEntry::getBytes@16 (line 102)
                      ; - org.eclipse.osgi.internal.loader.classpath.ClasspathManager::findClassImpl@109 (line 681)
  0x000002d08af86488: 74d5 65ff 

  0x000002d08af8648c: ;   {other}
  0x000002d08af8648c: 0f1f 8400 | fc52 0069 | baf6 ffff | ff48 8b6c | 2448 4c8b | 5424 304c | 8954 2420 | 4c8b 5424 
  0x000002d08af864ac: 404c 8954 | 2430 4889 | 7c24 6090 

  0x000002d08af864b8: ;   {runtime_call UncommonTrapBlob}
  0x000002d08af864b8: c5f8 77e8 

  0x000002d08af864bc: ; ImmutableOopMap {rbp=Oop [32]=Oop [48]=Oop [56]=Oop [80]=Oop [96]=Oop [120]=Oop [136]=Oop [144]=Oop }
                      ;*monitorenter {reexecute=0 rethrow=0 return_oop=0}
                      ; - jdk.internal.ref.PhantomCleanable::remove@6
                      ; - jdk.internal.ref.PhantomCleanable::clean@1
                      ; - java.util.zip.ZipFile$ZipFileInflaterInputStream::close@61
                      ; - java.io.FilterInputStream::close@4
                      ; - org.eclipse.osgi.storage.bundlefile.CloseableBundleFile$BundleEntryInputStream::close@1 (line 528)
                      ; - org.eclipse.osgi.storage.StorageUtil::getBytes@161 (line 213)
                      ; - org.eclipse.osgi.storage.bundlefile.BundleEntry::getBytes@16 (line 102)
                      ; - org.eclipse.osgi.internal.loader.classpath.ClasspathManager::findClassImpl@109 (line 681)
  0x000002d08af864bc: 40d5 65ff 

  0x000002d08af864c0: ;   {other}
  0x000002d08af864c0: 0f1f 8400 | 3053 006a | 488b ce48 | 8d94 24f0 | 0000 004d | 8bc7 c5f8 | 7749 bab0 | cfa0 19f8 
  0x000002d08af864e0: 7f00 0041 

  0x000002d08af864e4: ;   {other}
  0x000002d08af864e4: ffd2 0f1f | 8400 0000 | 0000 e96c | d7ff ffba | deff ffff | 488b 6c24 | 484c 8b5c | 2430 4c89 
  0x000002d08af86504: 5c24 204c | 8b5c 2440 | 4c89 5c24 | 304c 896c | 2448 4489 | 5424 5044 | 8944 2458 

  0x000002d08af86520: ;   {runtime_call UncommonTrapBlob}
  0x000002d08af86520: c5f8 77e8 

  0x000002d08af86524: ; ImmutableOopMap {rbp=Oop [32]=Oop [48]=Oop [72]=Oop [80]=NarrowOop [88]=NarrowOop [120]=Oop [136]=Oop [144]=Oop }
                      ;*invokevirtual initialTryLock {reexecute=0 rethrow=0 return_oop=0}
                      ; - java.util.concurrent.locks.ReentrantLock$Sync::lock@1
                      ; - java.util.concurrent.locks.ReentrantLock::lock@4
                      ; - org.eclipse.osgi.storage.bundlefile.CloseableBundleFile::decrementReference@4 (line 460)
                      ; - org.eclipse.osgi.storage.bundlefile.CloseableBundleFile$BundleEntryInputStream::close@82 (line 537)
                      ; - org.eclipse.osgi.storage.StorageUtil::getBytes@161 (line 213)
                      ; - org.eclipse.osgi.storage.bundlefile.BundleEntry::getBytes@16 (line 102)
                      ; - org.eclipse.osgi.internal.loader.classpath.ClasspathManager::findClassImpl@109 (line 681)
  0x000002d08af86524: d8d4 65ff 

  0x000002d08af86528: ;   {other}
  0x000002d08af86528: 0f1f 8400 | 9853 006b | bade ffff | ff4c 8b54 | 2448 4c89 | 5424 204c | 8b54 2430 | 4c89 5424 
  0x000002d08af86548: 284c 8b54 | 2440 4c89 | 5424 384c | 896c 2450 | 4889 7424 | 584c 8944 | 2468 6690 

  0x000002d08af86564: ;   {runtime_call UncommonTrapBlob}
  0x000002d08af86564: c5f8 77e8 

  0x000002d08af86568: ; ImmutableOopMap {rbp=NarrowOop [32]=Oop [40]=Oop [56]=Oop [80]=Oop [88]=Oop [104]=Oop [120]=Oop [136]=Oop [144]=Oop }
                      ;*invokevirtual close {reexecute=0 rethrow=0 return_oop=0}
                      ; - java.util.zip.InflaterInputStream::close@25
                      ; - java.util.zip.ZipFile$ZipFileInflaterInputStream::close@14
                      ; - java.io.FilterInputStream::close@4
                      ; - org.eclipse.osgi.storage.bundlefile.CloseableBundleFile$BundleEntryInputStream::close@1 (line 528)
                      ; - org.eclipse.osgi.storage.StorageUtil::getBytes@161 (line 213)
                      ; - org.eclipse.osgi.storage.bundlefile.BundleEntry::getBytes@16 (line 102)
                      ; - org.eclipse.osgi.internal.loader.classpath.ClasspathManager::findClassImpl@109 (line 681)
  0x000002d08af86568: 94d4 65ff 

  0x000002d08af8656c: ;   {other}
  0x000002d08af8656c: 0f1f 8400 | dc53 006c | 4889 4c24 | 5844 895c | 2420 498b | ea48 8bd1 | 4c8d 8424 | f000 0000 
  0x000002d08af8658c: ;   {runtime_call _complete_monitor_locking_Java}
  0x000002d08af8658c: c5f8 77e8 

  0x000002d08af86590: ; ImmutableOopMap {rbp=Oop [32]=NarrowOop [36]=NarrowOop [40]=Oop [48]=Oop [56]=Oop [64]=Oop [72]=Oop [80]=Oop [88]=Oop [120]=Oop [128]=Oop [136]=Oop [144]=Oop }
                      ;*monitorenter {reexecute=0 rethrow=0 return_oop=0}
                      ; - java.util.zip.ZipFile$ZipFileInflaterInputStream::close@29
                      ; - java.io.FilterInputStream::close@4
                      ; - org.eclipse.osgi.storage.bundlefile.CloseableBundleFile$BundleEntryInputStream::close@1 (line 528)
                      ; - org.eclipse.osgi.storage.StorageUtil::getBytes@161 (line 213)
                      ; - org.eclipse.osgi.storage.bundlefile.BundleEntry::getBytes@16 (line 102)
                      ; - org.eclipse.osgi.internal.loader.classpath.ClasspathManager::findClassImpl@109 (line 681)
  0x000002d08af86590: ec5d 71ff 

  0x000002d08af86594: ;   {other}
  0x000002d08af86594: 0f1f 8400 | 0454 006d | 4c8b d544 | 8b5c 2420 | 488b 4c24 | 58e9 d3d2 | ffff bade | ffff ff4c 
  0x000002d08af865b4: 8b44 2448 | 4c89 4424 | 204c 8b44 | 2430 4c89 | 4424 284c | 8954 2470 | 4489 5c24 | 6c66 6690 
  0x000002d08af865d4: ;   {runtime_call UncommonTrapBlob}
  0x000002d08af865d4: c5f8 77e8 

  0x000002d08af865d8: ; ImmutableOopMap {rbp=NarrowOop [32]=Oop [40]=Oop [56]=Oop [64]=Oop [80]=Oop [108]=NarrowOop [112]=Oop [120]=Oop [136]=Oop [144]=Oop }
                      ;*invokeinterface remove {reexecute=0 rethrow=0 return_oop=0}
                      ; - java.util.zip.ZipFile$ZipFileInflaterInputStream::close@41
                      ; - java.io.FilterInputStream::close@4
                      ; - org.eclipse.osgi.storage.bundlefile.CloseableBundleFile$BundleEntryInputStream::close@1 (line 528)
                      ; - org.eclipse.osgi.storage.StorageUtil::getBytes@161 (line 213)
                      ; - org.eclipse.osgi.storage.bundlefile.BundleEntry::getBytes@16 (line 102)
                      ; - org.eclipse.osgi.internal.loader.classpath.ClasspathManager::findClassImpl@109 (line 681)
  0x000002d08af865d8: 24d4 65ff 

  0x000002d08af865dc: ;   {other}
  0x000002d08af865dc: 0f1f 8400 | 4c54 006e | 498b cb48 | 8d94 24f0 | 0000 004d | 8bc7 c5f8 | 7749 bab0 | cfa0 19f8 
  0x000002d08af865fc: 7f00 0041 

  0x000002d08af86600: ;   {other}
  0x000002d08af86600: ffd2 0f1f | 8400 0000 | 0000 e951 | d3ff ffba | deff ffff | 4c8b 5424 | 484c 8954 | 2420 4c8b 
  0x000002d08af86620: 5424 304c | 8954 2428 

  0x000002d08af86628: ;   {runtime_call UncommonTrapBlob}
  0x000002d08af86628: c5f8 77e8 

  0x000002d08af8662c: ; ImmutableOopMap {rbp=NarrowOop [32]=Oop [40]=Oop [56]=Oop [64]=Oop [80]=Oop [120]=Oop [136]=Oop [144]=Oop }
                      ;*invokeinterface clean {reexecute=0 rethrow=0 return_oop=0}
                      ; - java.util.zip.ZipFile$ZipFileInflaterInputStream::close@61
                      ; - java.io.FilterInputStream::close@4
                      ; - org.eclipse.osgi.storage.bundlefile.CloseableBundleFile$BundleEntryInputStream::close@1 (line 528)
                      ; - org.eclipse.osgi.storage.StorageUtil::getBytes@161 (line 213)
                      ; - org.eclipse.osgi.storage.bundlefile.BundleEntry::getBytes@16 (line 102)
                      ; - org.eclipse.osgi.internal.loader.classpath.ClasspathManager::findClassImpl@109 (line 681)
  0x000002d08af8662c: d0d3 65ff 

  0x000002d08af86630: ;   {other}
  0x000002d08af86630: 0f1f 8400 | a054 006f | 4889 4c24 | 5844 8954 | 2420 488b | ef48 8bd1 | 4c8d 8424 | f000 0000 
  0x000002d08af86650: ;   {runtime_call _complete_monitor_locking_Java}
  0x000002d08af86650: c5f8 77e8 

  0x000002d08af86654: ; ImmutableOopMap {rbp=Oop [32]=NarrowOop [36]=NarrowOop [40]=Oop [48]=Oop [56]=Oop [64]=Oop [72]=Oop [80]=Oop [88]=Oop [120]=Oop [128]=Oop [136]=Oop [144]=Oop }
                      ;*monitorenter {reexecute=0 rethrow=0 return_oop=0}
                      ; - jdk.internal.ref.PhantomCleanable::remove@6
                      ; - jdk.internal.ref.PhantomCleanable::clean@1
                      ; - java.util.zip.ZipFile$ZipFileInflaterInputStream::close@61
                      ; - java.io.FilterInputStream::close@4
                      ; - org.eclipse.osgi.storage.bundlefile.CloseableBundleFile$BundleEntryInputStream::close@1 (line 528)
                      ; - org.eclipse.osgi.storage.StorageUtil::getBytes@161 (line 213)
                      ; - org.eclipse.osgi.storage.bundlefile.BundleEntry::getBytes@16 (line 102)
                      ; - org.eclipse.osgi.internal.loader.classpath.ClasspathManager::findClassImpl@109 (line 681)
  0x000002d08af86654: 285d 71ff 

  0x000002d08af86658: ;   {other}
  0x000002d08af86658: 0f1f 8400 | c854 0070 | 488b fd44 | 8b54 2420 | 488b 4c24 | 58e9 86d3 | ffff 488d | 9424 f000 
  0x000002d08af86678: 0000 4d8b | c7c5 f877 | 49ba b0cf | a019 f87f | 0000 41ff 

  0x000002d08af8668c: ;   {other}
  0x000002d08af8668c: d20f 1f84 | 0000 0000 | 00e9 62d4 | ffff bade | ffff ff4c | 8b5c 2448 | 4c89 5c24 | 204c 8b5c 
  0x000002d08af866ac: 2430 4c89 | 5c24 284c | 8b5c 2440 | 4c89 5c24 | 384c 896c | 2450 4489 | 5424 5890 

  0x000002d08af866c8: ;   {runtime_call UncommonTrapBlob}
  0x000002d08af866c8: c5f8 77e8 

  0x000002d08af866cc: ; ImmutableOopMap {rbp=NarrowOop [32]=Oop [40]=Oop [56]=Oop [80]=Oop [88]=NarrowOop [120]=Oop [136]=Oop [144]=Oop }
                      ;*invokeinterface signal {reexecute=0 rethrow=0 return_oop=0}
                      ; - org.eclipse.osgi.storage.bundlefile.CloseableBundleFile::decrementReference@32 (line 465)
                      ; - org.eclipse.osgi.storage.bundlefile.CloseableBundleFile$BundleEntryInputStream::close@82 (line 537)
                      ; - org.eclipse.osgi.storage.StorageUtil::getBytes@161 (line 213)
                      ; - org.eclipse.osgi.storage.bundlefile.BundleEntry::getBytes@16 (line 102)
                      ; - org.eclipse.osgi.internal.loader.classpath.ClasspathManager::findClassImpl@109 (line 681)
  0x000002d08af866cc: 30d3 65ff 

  0x000002d08af866d0: ;   {other}
  0x000002d08af866d0: 0f1f 8400 | 4055 0071 | bade ffff | ff4c 8b5c | 2448 4c89 | 5c24 204c | 8b5c 2430 | 4c89 5c24 
  0x000002d08af866f0: 284c 8b5c | 2440 4c89 | 5c24 384c | 896c 2450 | 4489 5424 | 584c 894c | 2460 895c | 245c 6690 
  0x000002d08af86710: ;   {runtime_call UncommonTrapBlob}
  0x000002d08af86710: c5f8 77e8 

  0x000002d08af86714: ; ImmutableOopMap {rbp=NarrowOop [32]=Oop [40]=Oop [56]=Oop [80]=Oop [88]=NarrowOop [92]=NarrowOop [96]=Oop [120]=Oop [136]=Oop [144]=Oop }
                      ;*invokevirtual isHeldExclusively {reexecute=0 rethrow=0 return_oop=0}
                      ; - java.util.concurrent.locks.AbstractQueuedSynchronizer$ConditionObject::signal@9
                      ; - org.eclipse.osgi.storage.bundlefile.CloseableBundleFile::decrementReference@32 (line 465)
                      ; - org.eclipse.osgi.storage.bundlefile.CloseableBundleFile$BundleEntryInputStream::close@82 (line 537)
                      ; - org.eclipse.osgi.storage.StorageUtil::getBytes@161 (line 213)
                      ; - org.eclipse.osgi.storage.bundlefile.BundleEntry::getBytes@16 (line 102)
                      ; - org.eclipse.osgi.internal.loader.classpath.ClasspathManager::findClassImpl@109 (line 681)
  0x000002d08af86714: e8d2 65ff 

  0x000002d08af86718: ;   {other}
  0x000002d08af86718: 0f1f 8400 | 8855 0072 | ba45 ffff | ff48 8b6c | 2448 4c8b | 5c24 304c | 895c 2420 | 4c8b 5c24 
  0x000002d08af86738: 404c 895c | 2430 4c89 | 6c24 4844 | 8954 2450 

  0x000002d08af86748: ;   {runtime_call UncommonTrapBlob}
  0x000002d08af86748: c5f8 77e8 

  0x000002d08af8674c: ; ImmutableOopMap {rbp=Oop [32]=Oop [48]=Oop [72]=Oop [80]=NarrowOop [120]=Oop [136]=Oop [144]=Oop }
                      ;*ifne {reexecute=1 rethrow=0 return_oop=0}
                      ; - (reexecute) java.util.concurrent.locks.AbstractQueuedSynchronizer$ConditionObject::signal@12
                      ; - org.eclipse.osgi.storage.bundlefile.CloseableBundleFile::decrementReference@32 (line 465)
                      ; - org.eclipse.osgi.storage.bundlefile.CloseableBundleFile$BundleEntryInputStream::close@82 (line 537)
                      ; - org.eclipse.osgi.storage.StorageUtil::getBytes@161 (line 213)
                      ; - org.eclipse.osgi.storage.bundlefile.BundleEntry::getBytes@16 (line 102)
                      ; - org.eclipse.osgi.internal.loader.classpath.ClasspathManager::findClassImpl@109 (line 681)
  0x000002d08af8674c: b0d2 65ff 

  0x000002d08af86750: ;   {other}
  0x000002d08af86750: 0f1f 8400 | c055 0073 | bae4 ffff | ff4c 8b4c | 2448 4c89 | 4c24 204c | 8b4c 2430 | 4c89 4c24 
  0x000002d08af86770: 284c 8b4c | 2478 4c89 | 4c24 304c | 8b4c 2440 | 4c89 4c24 | 3844 8944 | 245c 4489 | 7424 6044 
  0x000002d08af86790: 8974 2468 | 4489 5424 | 6c44 895c | 2474 4489 | 5424 7890 

  0x000002d08af867a4: ;   {runtime_call UncommonTrapBlob}
  0x000002d08af867a4: c5f8 77e8 

  0x000002d08af867a8: ; ImmutableOopMap {rbp=NarrowOop [32]=Oop [40]=Oop [48]=Oop [56]=Oop [92]=NarrowOop [96]=NarrowOop [104]=NarrowOop [108]=NarrowOop [120]=NarrowOop [136]=Oop [144]=Oop [152]=Oop }
                      ;*aaload {reexecute=0 rethrow=0 return_oop=0}
                      ; - org.eclipse.osgi.storage.bundlefile.MRUBundleFileList::use@36 (line 175)
                      ; - org.eclipse.osgi.storage.bundlefile.CloseableBundleFile::mruListUse@12 (line 423)
                      ; - org.eclipse.osgi.storage.bundlefile.CloseableBundleFile::internalOpen@114 (line 157)
                      ; - org.eclipse.osgi.storage.bundlefile.CloseableBundleFile::lockOpen@8 (line 87)
                      ; - org.eclipse.osgi.storage.bundlefile.CloseableBundleFile::getInputStream@1 (line 483)
                      ; - org.eclipse.osgi.storage.bundlefile.ZipBundleEntry::getInputStream@8 (line 58)
                      ; - org.eclipse.osgi.storage.bundlefile.BundleEntry::getBytes@1 (line 97)
                      ; - org.eclipse.osgi.internal.loader.classpath.ClasspathManager::findClassImpl@109 (line 681)
  0x000002d08af867a8: 54d2 65ff 

  0x000002d08af867ac: ;   {other}
  0x000002d08af867ac: 0f1f 8400 | 1c56 0074 | bae4 ffff | ff48 8b5c | 2448 488b | eb48 8b5c | 2430 4889 | 5c24 2048 
  0x000002d08af867cc: 8b5c 2440 | 4889 5c24 | 3044 8944 | 2454 4489 | 7424 5844 | 8954 2460 | 4489 4c24 | 6444 895c 
  0x000002d08af867ec: 2468 4889 | 4c24 7090 

  0x000002d08af867f4: ;   {runtime_call UncommonTrapBlob}
  0x000002d08af867f4: c5f8 77e8 

  0x000002d08af867f8: ; ImmutableOopMap {rbp=Oop [32]=Oop [48]=Oop [84]=NarrowOop [88]=NarrowOop [96]=NarrowOop [100]=NarrowOop [120]=Oop [136]=Oop [144]=Oop [152]=Oop }
                      ;*lastore {reexecute=0 rethrow=0 return_oop=0}
                      ; - org.eclipse.osgi.storage.bundlefile.MRUBundleFileList::incUseStamp@55 (line 188)
                      ; - org.eclipse.osgi.storage.bundlefile.MRUBundleFileList::use@43 (line 176)
                      ; - org.eclipse.osgi.storage.bundlefile.CloseableBundleFile::mruListUse@12 (line 423)
                      ; - org.eclipse.osgi.storage.bundlefile.CloseableBundleFile::internalOpen@114 (line 157)
                      ; - org.eclipse.osgi.storage.bundlefile.CloseableBundleFile::lockOpen@8 (line 87)
                      ; - org.eclipse.osgi.storage.bundlefile.CloseableBundleFile::getInputStream@1 (line 483)
                      ; - org.eclipse.osgi.storage.bundlefile.ZipBundleEntry::getInputStream@8 (line 58)
                      ; - org.eclipse.osgi.storage.bundlefile.BundleEntry::getBytes@1 (line 97)
                      ; - org.eclipse.osgi.internal.loader.classpath.ClasspathManager::findClassImpl@109 (line 681)
  0x000002d08af867f8: 04d2 65ff 

  0x000002d08af867fc: ;   {other}
  0x000002d08af867fc: 0f1f 8400 | 6c56 0075 | 4889 7c24 | 6044 8954 | 245c 8954 | 2458 4489 | 4424 3c44 | 8974 2438 
  0x000002d08af8681c: 4c8b 9424 | 9800 0000 | 4c89 5424 | 284c 8b94 | 2490 0000 | 004c 8954 | 2420 488b | ac24 8000 
  0x000002d08af8683c: 0000 488b | d74c 8d84 | 24f0 0000 | 0066 6690 

  0x000002d08af8684c: ;   {runtime_call _complete_monitor_locking_Java}
  0x000002d08af8684c: c5f8 77e8 

  0x000002d08af86850: ; ImmutableOopMap {rbp=Oop [32]=Oop [40]=Oop [48]=Oop [56]=NarrowOop [60]=NarrowOop [64]=Oop [72]=Oop [80]=Oop [88]=NarrowOop [92]=NarrowOop [96]=Oop [120]=Oop [136]=Oop }
                      ;*monitorenter {reexecute=0 rethrow=0 return_oop=0}
                      ; - org.eclipse.osgi.storage.bundlefile.MRUBundleFileList::use@13 (line 173)
                      ; - org.eclipse.osgi.storage.bundlefile.CloseableBundleFile::mruListUse@12 (line 423)
                      ; - org.eclipse.osgi.storage.bundlefile.CloseableBundleFile::internalOpen@114 (line 157)
                      ; - org.eclipse.osgi.storage.bundlefile.CloseableBundleFile::lockOpen@8 (line 87)
                      ; - org.eclipse.osgi.storage.bundlefile.CloseableBundleFile::getInputStream@1 (line 483)
                      ; - org.eclipse.osgi.storage.bundlefile.ZipBundleEntry::getInputStream@8 (line 58)
                      ; - org.eclipse.osgi.storage.bundlefile.BundleEntry::getBytes@1 (line 97)
                      ; - org.eclipse.osgi.internal.loader.classpath.ClasspathManager::findClassImpl@109 (line 681)
  0x000002d08af86850: 2c5b 71ff 

  0x000002d08af86854: ;   {other}
  0x000002d08af86854: 0f1f 8400 | c456 0076 | 4889 ac24 | 8000 0000 | 4c8b 5424 | 204c 8994 | 2490 0000 | 004c 8b54 
  0x000002d08af86874: 2428 4c89 | 9424 9800 | 0000 448b | 7424 3844 | 8b44 243c | 8b54 2458 | 448b 5424 | 5c48 8b7c 
  0x000002d08af86894: 2460 e92a | bbff ff4c | 8bd7 8954 | 2428 418b | e849 8bca | 488d 9424 | f000 0000 | 4d8b c7c5 
  0x000002d08af868b4: f877 49ba | b0cf a019 | f87f 0000 

  0x000002d08af868c0: ;   {other}
  0x000002d08af868c0: 41ff d20f | 1f84 0000 | 0000 0044 | 8bc5 8b54 | 2428 e9f2 | bbff ff4d | 8bd0 e938 | eeff ff49 
  0x000002d08af868e0: 8bcb 488d | 9424 f800 | 0000 4d8b | c7c5 f877 | 49ba b0cf | a019 f87f | 0000 41ff 

  0x000002d08af868fc: ;   {other}
  0x000002d08af868fc: d20f 1f84 | 0000 0000 | 00e9 37c2 | ffff bac6 | ffff ff48 | 8b6c 2448 | 4c8b 5424 | 304c 8954 
  0x000002d08af8691c: 2420 4c8b | 5424 404c | 8954 2430 | 4c89 4424 | 404c 894c | 2458 6690 

  0x000002d08af86934: ;   {runtime_call UncommonTrapBlob}
  0x000002d08af86934: c5f8 77e8 

  0x000002d08af86938: ; ImmutableOopMap {rbp=Oop [32]=Oop [48]=Oop [64]=Oop [88]=Oop [136]=Oop }
                      ;*invokeinterface hasNext {reexecute=0 rethrow=0 return_oop=0}
                      ; - org.eclipse.osgi.internal.loader.classpath.ClasspathEntry::findEntry@39 (line 203)
                      ; - org.eclipse.osgi.internal.loader.classpath.ClasspathManager::findClassImpl@95 (line 675)
  0x000002d08af86938: c4d0 65ff 

  0x000002d08af8693c: ;   {other}
  0x000002d08af8693c: 0f1f 8400 | ac57 0077 | 448b ddba | e4ff ffff | 488b 6c24 | 484c 8b54 | 2430 4c89 | 5424 204c 
  0x000002d08af8695c: 8b54 2440 | 4c89 5424 | 304c 8944 | 2440 4c89 | 4c24 5848 | 894c 2468 | 4889 4c24 | 7889 7c24 
  0x000002d08af8697c: 7444 899c | 2480 0000 | 0066 6690 

  0x000002d08af86988: ;   {runtime_call UncommonTrapBlob}
  0x000002d08af86988: c5f8 77e8 

  0x000002d08af8698c: ; ImmutableOopMap {rbp=Oop [32]=Oop [48]=Oop [64]=Oop [88]=Oop [104]=Oop [116]=NarrowOop [120]=Oop [136]=Oop }
                      ;*aaload {reexecute=0 rethrow=0 return_oop=0}
                      ; - java.util.HashMap$HashIterator::<init>@70
                      ; - java.util.HashMap$KeyIterator::<init>@2
                      ; - java.util.HashMap$KeySet::iterator@8
                      ; - java.util.HashSet::iterator@7
                      ; - java.util.Collections$UnmodifiableCollection$1::<init>@17
                      ; - java.util.Collections$UnmodifiableCollection::iterator@5
                      ; - org.eclipse.osgi.internal.loader.classpath.ClasspathEntry::findEntry@4 (line 203)
                      ; - org.eclipse.osgi.internal.loader.classpath.ClasspathManager::findClassImpl@95 (line 675)
  0x000002d08af8698c: 70d0 65ff 

  0x000002d08af86990: ;   {other}
  0x000002d08af86990: 0f1f 8400 | 0058 0078 | ba45 ffff | ff4c 8b54 | 2448 4c89 | 5424 2089 | 4424 6090 

  0x000002d08af869ac: ;   {runtime_call UncommonTrapBlob}
  0x000002d08af869ac: c5f8 77e8 

  0x000002d08af869b0: ; ImmutableOopMap {[32]=Oop [40]=Oop [48]=Oop [56]=Oop [64]=Oop [120]=Oop [136]=Oop [144]=Oop }
                      ;*ifgt {reexecute=1 rethrow=0 return_oop=0}
                      ; - (reexecute) org.eclipse.osgi.storage.StorageUtil::getBytes@29 (line 188)
                      ; - org.eclipse.osgi.storage.bundlefile.BundleEntry::getBytes@16 (line 102)
                      ; - org.eclipse.osgi.internal.loader.classpath.ClasspathManager::findClassImpl@109 (line 681)
  0x000002d08af869b0: 4cd0 65ff 

  0x000002d08af869b4: ;   {other}
  0x000002d08af869b4: 0f1f 8400 | 2458 0079 | ba45 ffff | ff4c 8b5c | 2448 4c89 | 5c24 204c | 8b5c 2430 | 4c89 5c24 
  0x000002d08af869d4: 284c 8b5c | 2440 4c89 | 5c24 3844 | 8954 2460 

  0x000002d08af869e4: ;   {runtime_call UncommonTrapBlob}
  0x000002d08af869e4: c5f8 77e8 

  0x000002d08af869e8: ; ImmutableOopMap {[32]=Oop [40]=Oop [56]=Oop [88]=Oop [96]=NarrowOop [120]=Oop [136]=Oop [144]=Oop [152]=Oop }
                      ;*if_icmplt {reexecute=1 rethrow=0 return_oop=0}
                      ; - (reexecute) org.eclipse.osgi.storage.bundlefile.MRUBundleFileList::isEnabled@6 (line 297)
                      ; - org.eclipse.osgi.storage.bundlefile.CloseableBundleFile::isMruEnabled@11 (line 412)
                      ; - org.eclipse.osgi.storage.bundlefile.CloseableBundleFile::getInputStream@25 (line 488)
                      ; - org.eclipse.osgi.storage.bundlefile.ZipBundleEntry::getInputStream@8 (line 58)
                      ; - org.eclipse.osgi.storage.bundlefile.BundleEntry::getBytes@1 (line 97)
                      ; - org.eclipse.osgi.internal.loader.classpath.ClasspathManager::findClassImpl@109 (line 681)
  0x000002d08af869e8: 14d0 65ff 

  0x000002d08af869ec: ;   {other}
  0x000002d08af869ec: 0f1f 8400 | 5c58 007a | ba45 ffff | ff4c 8b5c | 2448 498b | eb4c 8b5c | 2430 4c89 | 5c24 204c 
  0x000002d08af86a0c: 8b5c 2440 | 4c89 5c24 | 3048 8974 | 2448 4489 | 5424 5090 

  0x000002d08af86a20: ;   {runtime_call UncommonTrapBlob}
  0x000002d08af86a20: c5f8 77e8 

  0x000002d08af86a24: ; ImmutableOopMap {rbp=Oop [32]=Oop [48]=Oop [72]=Oop [120]=Oop [136]=Oop [144]=Oop }
                      ;*ifle {reexecute=1 rethrow=0 return_oop=0}
                      ; - (reexecute) org.eclipse.osgi.storage.StorageUtil::getBytes@4 (line 184)
                      ; - org.eclipse.osgi.storage.bundlefile.BundleEntry::getBytes@16 (line 102)
                      ; - org.eclipse.osgi.internal.loader.classpath.ClasspathManager::findClassImpl@109 (line 681)
  0x000002d08af86a24: d8cf 65ff 

  0x000002d08af86a28: ;   {other}
  0x000002d08af86a28: 0f1f 8400 | 9858 007b | ba45 ffff | ff4c 8b54 | 2448 4c89 | 5424 204c | 8b54 2430 | 4c89 5424 
  0x000002d08af86a48: 284c 8b54 | 2440 4c89 | 5424 384c | 896c 2450 | 4889 7424 | 584c 8944 | 2460 6690 

  0x000002d08af86a64: ;   {runtime_call UncommonTrapBlob}
  0x000002d08af86a64: c5f8 77e8 

  0x000002d08af86a68: ; ImmutableOopMap {[32]=Oop [40]=Oop [56]=Oop [80]=Oop [88]=Oop [96]=Oop [120]=Oop [136]=Oop [144]=Oop }
                      ;*ifne {reexecute=1 rethrow=0 return_oop=0}
                      ; - (reexecute) java.util.zip.InflaterInputStream::close@4
                      ; - java.util.zip.ZipFile$ZipFileInflaterInputStream::close@14
                      ; - java.io.FilterInputStream::close@4
                      ; - org.eclipse.osgi.storage.bundlefile.CloseableBundleFile$BundleEntryInputStream::close@1 (line 528)
                      ; - org.eclipse.osgi.storage.StorageUtil::getBytes@161 (line 213)
                      ; - org.eclipse.osgi.storage.bundlefile.BundleEntry::getBytes@16 (line 102)
                      ; - org.eclipse.osgi.internal.loader.classpath.ClasspathManager::findClassImpl@109 (line 681)
  0x000002d08af86a68: 94cf 65ff 

  0x000002d08af86a6c: ;   {other}
  0x000002d08af86a6c: 0f1f 8400 | dc58 007c | ba45 ffff | ff48 8b4c | 2448 4889 | 4c24 2048 | 8b4c 2430 | 4889 4c24 
  0x000002d08af86a8c: 2848 8b4c | 2478 4889 | 4c24 3048 | 8b4c 2440 | 4889 4c24 | 3844 8974 | 2458 4489 | 4424 5c44 
  0x000002d08af86aac: 895c 2468 | 4489 4c24 | 6c4c 8954 | 2470 4c89 | 5424 7890 

  0x000002d08af86ac0: ;   {runtime_call UncommonTrapBlob}
  0x000002d08af86ac0: c5f8 77e8 

  0x000002d08af86ac4: ; ImmutableOopMap {[32]=Oop [40]=Oop [48]=Oop [56]=Oop [88]=NarrowOop [92]=NarrowOop [104]=NarrowOop [108]=NarrowOop [112]=Oop [120]=Oop [136]=Oop [144]=Oop [152]=Oop }
                      ;*ifeq {reexecute=1 rethrow=0 return_oop=0}
                      ; - (reexecute) java.util.zip.ZipFile::ensureOpen@4
                      ; - java.util.zip.ZipFile::getInputStream@31
                      ; - org.eclipse.osgi.storage.bundlefile.ZipBundleFile::doGetInputStream@5 (line 101)
                      ; - org.eclipse.osgi.storage.bundlefile.ZipBundleFile::doGetInputStream@5 (line 1)
                      ; - org.eclipse.osgi.storage.bundlefile.CloseableBundleFile::getInputStream@20 (line 487)
                      ; - org.eclipse.osgi.storage.bundlefile.ZipBundleEntry::getInputStream@8 (line 58)
                      ; - org.eclipse.osgi.storage.bundlefile.BundleEntry::getBytes@1 (line 97)
                      ; - org.eclipse.osgi.internal.loader.classpath.ClasspathManager::findClassImpl@109 (line 681)
  0x000002d08af86ac4: 38cf 65ff 

  0x000002d08af86ac8: ;   {other}
  0x000002d08af86ac8: 0f1f 8400 | 3859 007d | ba45 ffff | ff48 8b4c | 2448 4889 | 4c24 2048 | 8b4c 2430 | 4889 4c24 
  0x000002d08af86ae8: 2848 8b4c | 2478 4889 | 4c24 3048 | 8b4c 2440 | 4889 4c24 | 3844 8974 | 2458 4489 | 4424 5c44 
  0x000002d08af86b08: 895c 2468 | 4489 4c24 | 6c4c 8954 | 2470 4c89 | 5424 7890 

  0x000002d08af86b1c: ;   {runtime_call UncommonTrapBlob}
  0x000002d08af86b1c: c5f8 77e8 

  0x000002d08af86b20: ; ImmutableOopMap {rbp=NarrowOop [32]=Oop [40]=Oop [48]=Oop [56]=Oop [88]=NarrowOop [92]=NarrowOop [104]=NarrowOop [108]=NarrowOop [112]=Oop [120]=Oop [136]=Oop [144]=Oop [152]=Oop }
                      ;*ifnonnull {reexecute=1 rethrow=0 return_oop=0}
                      ; - (reexecute) java.util.zip.ZipFile::ensureOpen@25
                      ; - java.util.zip.ZipFile::getInputStream@31
                      ; - org.eclipse.osgi.storage.bundlefile.ZipBundleFile::doGetInputStream@5 (line 101)
                      ; - org.eclipse.osgi.storage.bundlefile.ZipBundleFile::doGetInputStream@5 (line 1)
                      ; - org.eclipse.osgi.storage.bundlefile.CloseableBundleFile::getInputStream@20 (line 487)
                      ; - org.eclipse.osgi.storage.bundlefile.ZipBundleEntry::getInputStream@8 (line 58)
                      ; - org.eclipse.osgi.storage.bundlefile.BundleEntry::getBytes@1 (line 97)
                      ; - org.eclipse.osgi.internal.loader.classpath.ClasspathManager::findClassImpl@109 (line 681)
  0x000002d08af86b20: dcce 65ff 

  0x000002d08af86b24: ;   {other}
  0x000002d08af86b24: 0f1f 8400 | 9459 007e | ba45 ffff | ff48 8b6c | 2448 4c8b | 5c24 304c | 895c 2420 | 4c8b 5c24 
  0x000002d08af86b44: 404c 895c | 2430 4489 | 7424 5044 | 8944 2454 | 4c89 5424 | 6066 6690 

  0x000002d08af86b5c: ;   {runtime_call UncommonTrapBlob}
  0x000002d08af86b5c: c5f8 77e8 

  0x000002d08af86b60: ; ImmutableOopMap {rbp=Oop [32]=Oop [48]=Oop [80]=NarrowOop [96]=Oop [120]=Oop [136]=Oop [144]=Oop [152]=Oop }
                      ;*if_icmpne {reexecute=1 rethrow=0 return_oop=0}
                      ; - (reexecute) java.util.zip.ZipFile::getInputStream@69
                      ; - org.eclipse.osgi.storage.bundlefile.ZipBundleFile::doGetInputStream@5 (line 101)
                      ; - org.eclipse.osgi.storage.bundlefile.ZipBundleFile::doGetInputStream@5 (line 1)
                      ; - org.eclipse.osgi.storage.bundlefile.CloseableBundleFile::getInputStream@20 (line 487)
                      ; - org.eclipse.osgi.storage.bundlefile.ZipBundleEntry::getInputStream@8 (line 58)
                      ; - org.eclipse.osgi.storage.bundlefile.BundleEntry::getBytes@1 (line 97)
                      ; - org.eclipse.osgi.internal.loader.classpath.ClasspathManager::findClassImpl@109 (line 681)
  0x000002d08af86b60: 9cce 65ff 

  0x000002d08af86b64: ;   {other}
  0x000002d08af86b64: 0f1f 8400 | d459 007f | 4d3b d0bd | ffff ffff | 7c08 400f | 95c5 400f | b6ed ba45 | ffff ff4c 
  0x000002d08af86b84: 8b54 2448 | 4c89 5424 | 284c 8b54 | 2478 4c89 | 5424 484c | 8b94 2488 | 0000 004c | 8954 2450 
  0x000002d08af86ba4: 4c8b 9424 | 9000 0000 | 4c89 5424 | 604c 8b94 | 2498 0000 | 004c 8954 | 2468 c5fa | 1144 2478 
  0x000002d08af86bc4: 4c89 ac24 | 8000 0000 | 4c89 ac24 | 8800 0000 | c5fa 114c | 247c 6690 

  0x000002d08af86bdc: ;   {runtime_call UncommonTrapBlob}
  0x000002d08af86bdc: c5f8 77e8 

  0x000002d08af86be0: ; ImmutableOopMap {[32]=NarrowOop [40]=Oop [48]=Oop [56]=NarrowOop [64]=Oop [72]=Oop [80]=Oop [88]=Oop [96]=Oop [104]=Oop [120]=NarrowOop [124]=NarrowOop [128]=Oop [136]=Oop }
                      ;*ifeq {reexecute=1 rethrow=0 return_oop=0}
                      ; - (reexecute) java.util.zip.ZipFile$ZipFileInputStream::<init>@44
                      ; - java.util.zip.ZipFile::getInputStream@88
                      ; - org.eclipse.osgi.storage.bundlefile.ZipBundleFile::doGetInputStream@5 (line 101)
                      ; - org.eclipse.osgi.storage.bundlefile.ZipBundleFile::doGetInputStream@5 (line 1)
                      ; - org.eclipse.osgi.storage.bundlefile.CloseableBundleFile::getInputStream@20 (line 487)
                      ; - org.eclipse.osgi.storage.bundlefile.ZipBundleEntry::getInputStream@8 (line 58)
                      ; - org.eclipse.osgi.storage.bundlefile.BundleEntry::getBytes@1 (line 97)
                      ; - org.eclipse.osgi.internal.loader.classpath.ClasspathManager::findClassImpl@109 (line 681)
  0x000002d08af86be0: 1cce 65ff 

  0x000002d08af86be4: ;   {other}
  0x000002d08af86be4: 0f1f 8400 | 545a 0080 | 4d3b d8bd | ffff ffff | 7c08 400f | 95c5 400f | b6ed ba45 | ffff ff4c 
  0x000002d08af86c04: 8b54 2448 | 4c89 5424 | 284c 8b54 | 2478 4c89 | 5424 484c | 8b94 2488 | 0000 004c | 8954 2450 
  0x000002d08af86c24: 4c8b 9424 | 9000 0000 | 4c89 5424 | 604c 8b94 | 2498 0000 | 004c 8954 | 2468 c5fa | 1144 2478 
  0x000002d08af86c44: 4c89 ac24 | 8000 0000 | 4c89 ac24 | 8800 0000 | c5fa 114c | 247c 6690 

  0x000002d08af86c5c: ;   {runtime_call UncommonTrapBlob}
  0x000002d08af86c5c: c5f8 77e8 

  0x000002d08af86c60: ; ImmutableOopMap {[32]=NarrowOop [40]=Oop [48]=Oop [56]=NarrowOop [64]=Oop [72]=Oop [80]=Oop [88]=Oop [96]=Oop [104]=Oop [120]=NarrowOop [124]=NarrowOop [128]=Oop [136]=Oop }
                      ;*ifeq {reexecute=1 rethrow=0 return_oop=0}
                      ; - (reexecute) java.util.zip.ZipFile$ZipFileInputStream::<init>@55
                      ; - java.util.zip.ZipFile::getInputStream@88
                      ; - org.eclipse.osgi.storage.bundlefile.ZipBundleFile::doGetInputStream@5 (line 101)
                      ; - org.eclipse.osgi.storage.bundlefile.ZipBundleFile::doGetInputStream@5 (line 1)
                      ; - org.eclipse.osgi.storage.bundlefile.CloseableBundleFile::getInputStream@20 (line 487)
                      ; - org.eclipse.osgi.storage.bundlefile.ZipBundleEntry::getInputStream@8 (line 58)
                      ; - org.eclipse.osgi.storage.bundlefile.BundleEntry::getBytes@1 (line 97)
                      ; - org.eclipse.osgi.internal.loader.classpath.ClasspathManager::findClassImpl@109 (line 681)
  0x000002d08af86c60: 9ccd 65ff 

  0x000002d08af86c64: ;   {other}
  0x000002d08af86c64: 0f1f 8400 | d45a 0081 | 4d3b c8bd | ffff ffff | 7c08 400f | 95c5 400f | b6ed ba45 | ffff ff4c 
  0x000002d08af86c84: 8b54 2448 | 4c89 5424 | 284c 8b54 | 2478 4c89 | 5424 484c | 8b94 2488 | 0000 004c | 8954 2450 
  0x000002d08af86ca4: 4c8b 9424 | 9000 0000 | 4c89 5424 | 604c 8b94 | 2498 0000 | 004c 8954 | 2468 c5fa | 1144 2478 
  0x000002d08af86cc4: 4c89 ac24 | 8000 0000 | 4c89 ac24 | 8800 0000 | c5fa 114c | 247c 6690 

  0x000002d08af86cdc: ;   {runtime_call UncommonTrapBlob}
  0x000002d08af86cdc: c5f8 77e8 

  0x000002d08af86ce0: ; ImmutableOopMap {[32]=NarrowOop [40]=Oop [48]=Oop [56]=NarrowOop [64]=Oop [72]=Oop [80]=Oop [88]=Oop [96]=Oop [104]=Oop [120]=NarrowOop [124]=NarrowOop [128]=Oop [136]=Oop }
                      ;*ifne {reexecute=1 rethrow=0 return_oop=0}
                      ; - (reexecute) java.util.zip.ZipFile$ZipFileInputStream::<init>@66
                      ; - java.util.zip.ZipFile::getInputStream@88
                      ; - org.eclipse.osgi.storage.bundlefile.ZipBundleFile::doGetInputStream@5 (line 101)
                      ; - org.eclipse.osgi.storage.bundlefile.ZipBundleFile::doGetInputStream@5 (line 1)
                      ; - org.eclipse.osgi.storage.bundlefile.CloseableBundleFile::getInputStream@20 (line 487)
                      ; - org.eclipse.osgi.storage.bundlefile.ZipBundleEntry::getInputStream@8 (line 58)
                      ; - org.eclipse.osgi.storage.bundlefile.BundleEntry::getBytes@1 (line 97)
                      ; - org.eclipse.osgi.internal.loader.classpath.ClasspathManager::findClassImpl@109 (line 681)
  0x000002d08af86ce0: 1ccd 65ff 

  0x000002d08af86ce4: ;   {other}
  0x000002d08af86ce4: 0f1f 8400 | 545b 0082 | ba45 ffff | ff48 8b6c | 2448 4c8b | 5c24 784c | 895c 2448 | 448b 4424 
  0x000002d08af86d04: 3844 8944 | 2424 448b | 5c24 3c44 | 895c 2438 | 4489 5424 | 3c66 6690 

  0x000002d08af86d1c: ;   {runtime_call UncommonTrapBlob}
  0x000002d08af86d1c: c5f8 77e8 

  0x000002d08af86d20: ; ImmutableOopMap {rbp=Oop [32]=NarrowOop [36]=NarrowOop [40]=Oop [48]=Oop [56]=NarrowOop [64]=Oop [72]=Oop [104]=Oop [136]=Oop [144]=Oop [152]=Oop [208]=Oop }
                      ;*ifgt {reexecute=1 rethrow=0 return_oop=0}
                      ; - (reexecute) java.util.zip.InflaterInputStream::<init>@44
                      ; - java.util.zip.ZipFile$ZipFileInflaterInputStream::<init>@11
                      ; - java.util.zip.ZipFile$ZipFileInflaterInputStream::<init>@10
                      ; - java.util.zip.ZipFile::getInputStream@216
                      ; - org.eclipse.osgi.storage.bundlefile.ZipBundleFile::doGetInputStream@5 (line 101)
                      ; - org.eclipse.osgi.storage.bundlefile.ZipBundleFile::doGetInputStream@5 (line 1)
                      ; - org.eclipse.osgi.storage.bundlefile.CloseableBundleFile::getInputStream@20 (line 487)
                      ; - org.eclipse.osgi.storage.bundlefile.ZipBundleEntry::getInputStream@8 (line 58)
                      ; - org.eclipse.osgi.storage.bundlefile.BundleEntry::getBytes@1 (line 97)
                      ; - org.eclipse.osgi.internal.loader.classpath.ClasspathManager::findClassImpl@109 (line 681)
  0x000002d08af86d20: dccc 65ff 

  0x000002d08af86d24: ;   {other}
  0x000002d08af86d24: 0f1f 8400 | 945b 0083 | ba45 ffff | ff4c 8b5c | 2448 4c89 | 5c24 204c | 8b5c 2430 | 4c89 5c24 
  0x000002d08af86d44: 284c 8b5c | 2440 4c89 | 5c24 3844 | 8954 2458 | 4889 7424 | 6044 8944 | 245c 6690 

  0x000002d08af86d60: ;   {runtime_call UncommonTrapBlob}
  0x000002d08af86d60: c5f8 77e8 

  0x000002d08af86d64: ; ImmutableOopMap {rbp=NarrowOop [32]=Oop [40]=Oop [56]=Oop [88]=NarrowOop [92]=NarrowOop [96]=Oop [120]=Oop [128]=Oop [136]=Oop [144]=Oop [152]=Oop }
                      ;*if_acmpeq {reexecute=1 rethrow=0 return_oop=0}
                      ; - (reexecute) java.util.concurrent.locks.ReentrantLock$Sync::tryRelease@14
                      ; - java.util.concurrent.locks.AbstractQueuedSynchronizer::release@2
                      ; - java.util.concurrent.locks.ReentrantLock::unlock@5
                      ; - org.eclipse.osgi.storage.bundlefile.CloseableBundleFile::incrementReference@34 (line 455)
                      ; - org.eclipse.osgi.storage.bundlefile.CloseableBundleFile$BundleEntryInputStream::<init>@16 (line 513)
                      ; - org.eclipse.osgi.storage.bundlefile.CloseableBundleFile::getInputStream@37 (line 489)
                      ; - org.eclipse.osgi.storage.bundlefile.ZipBundleEntry::getInputStream@8 (line 58)
                      ; - org.eclipse.osgi.storage.bundlefile.BundleEntry::getBytes@1 (line 97)
                      ; - org.eclipse.osgi.internal.loader.classpath.ClasspathManager::findClassImpl@109 (line 681)
  0x000002d08af86d64: 98cc 65ff 

  0x000002d08af86d68: ;   {other}
  0x000002d08af86d68: 0f1f 8400 | d85b 0084 | ba45 ffff | ff4c 8b54 | 2448 4c89 | 5424 204c | 8b54 2430 | 4c89 5424 
  0x000002d08af86d88: 284c 8b54 | 2440 4c89 | 5424 3848 | 8974 2458 | 4489 4c24 | 6066 6690 

  0x000002d08af86da0: ;   {runtime_call UncommonTrapBlob}
  0x000002d08af86da0: c5f8 77e8 

  0x000002d08af86da4: ; ImmutableOopMap {rbp=NarrowOop [32]=Oop [40]=Oop [56]=Oop [88]=Oop [96]=NarrowOop [120]=Oop [128]=Oop [136]=Oop [144]=Oop [152]=Oop }
                      ;*if_acmpeq {reexecute=1 rethrow=0 return_oop=0}
                      ; - (reexecute) java.util.concurrent.locks.ReentrantLock$Sync::tryRelease@14
                      ; - java.util.concurrent.locks.AbstractQueuedSynchronizer::release@2
                      ; - java.util.concurrent.locks.ReentrantLock::unlock@5
                      ; - org.eclipse.osgi.storage.bundlefile.CloseableBundleFile::releaseOpen@4 (line 122)
                      ; - org.eclipse.osgi.storage.bundlefile.CloseableBundleFile::getInputStream@45 (line 493)
                      ; - org.eclipse.osgi.storage.bundlefile.ZipBundleEntry::getInputStream@8 (line 58)
                      ; - org.eclipse.osgi.storage.bundlefile.BundleEntry::getBytes@1 (line 97)
                      ; - org.eclipse.osgi.internal.loader.classpath.ClasspathManager::findClassImpl@109 (line 681)
  0x000002d08af86da4: 58cc 65ff 

  0x000002d08af86da8: ;   {other}
  0x000002d08af86da8: 0f1f 8400 | 185c 0085 | ba45 ffff | ff4c 8b54 | 2448 4c89 | 5424 204c | 8b54 2430 | 4c89 5424 
  0x000002d08af86dc8: 284c 8b54 | 2440 4c89 | 5424 384c | 896c 2450 | 894c 2458 

  0x000002d08af86ddc: ;   {runtime_call UncommonTrapBlob}
  0x000002d08af86ddc: c5f8 77e8 

  0x000002d08af86de0: ; ImmutableOopMap {rbp=NarrowOop [32]=Oop [40]=Oop [56]=Oop [80]=Oop [88]=NarrowOop [120]=Oop [128]=Oop [136]=Oop [144]=Oop }
                      ;*if_acmpeq {reexecute=1 rethrow=0 return_oop=0}
                      ; - (reexecute) java.util.concurrent.locks.ReentrantLock$Sync::tryRelease@14
                      ; - java.util.concurrent.locks.AbstractQueuedSynchronizer::release@2
                      ; - java.util.concurrent.locks.ReentrantLock::unlock@5
                      ; - org.eclipse.osgi.storage.bundlefile.CloseableBundleFile::decrementReference@54 (line 467)
                      ; - org.eclipse.osgi.storage.bundlefile.CloseableBundleFile$BundleEntryInputStream::close@82 (line 537)
                      ; - org.eclipse.osgi.storage.StorageUtil::getBytes@161 (line 213)
                      ; - org.eclipse.osgi.storage.bundlefile.BundleEntry::getBytes@16 (line 102)
                      ; - org.eclipse.osgi.internal.loader.classpath.ClasspathManager::findClassImpl@109 (line 681)
  0x000002d08af86de0: 1ccc 65ff 

  0x000002d08af86de4: ;   {other}
  0x000002d08af86de4: 0f1f 8400 | 545c 0086 | ba45 ffff | ff4c 8b54 | 2448 4c89 | 5424 204c | 8b54 2430 | 4c89 5424 
  0x000002d08af86e04: 284c 8b54 | 2440 4c89 | 5424 384c | 896c 2450 | 4889 7424 | 584c 8944 | 2468 6690 

  0x000002d08af86e20: ;   {runtime_call UncommonTrapBlob}
  0x000002d08af86e20: c5f8 77e8 

  0x000002d08af86e24: ; ImmutableOopMap {[32]=Oop [40]=Oop [56]=Oop [80]=Oop [88]=Oop [104]=Oop [120]=Oop [136]=Oop [144]=Oop }
                      ;*ifeq {reexecute=1 rethrow=0 return_oop=0}
                      ; - (reexecute) java.util.zip.InflaterInputStream::close@11
                      ; - java.util.zip.ZipFile$ZipFileInflaterInputStream::close@14
                      ; - java.io.FilterInputStream::close@4
                      ; - org.eclipse.osgi.storage.bundlefile.CloseableBundleFile$BundleEntryInputStream::close@1 (line 528)
                      ; - org.eclipse.osgi.storage.StorageUtil::getBytes@161 (line 213)
                      ; - org.eclipse.osgi.storage.bundlefile.BundleEntry::getBytes@16 (line 102)
                      ; - org.eclipse.osgi.internal.loader.classpath.ClasspathManager::findClassImpl@109 (line 681)
  0x000002d08af86e24: d8cb 65ff 

  0x000002d08af86e28: ;   {other}
  0x000002d08af86e28: 0f1f 8400 | 985c 0087 | ba45 ffff | ff48 8b6c | 2448 4c8b | 4424 304c | 8944 2420 | 4c8b 4424 
  0x000002d08af86e48: 784c 8944 | 2428 4c8b | 4424 404c | 8944 2430 | 4889 7c24 | 6044 895c | 246c 4889 | 7c24 7044 
  0x000002d08af86e68: 8954 2478 

  0x000002d08af86e6c: ;   {runtime_call UncommonTrapBlob}
  0x000002d08af86e6c: c5f8 77e8 

  0x000002d08af86e70: ; ImmutableOopMap {rbp=Oop [32]=Oop [40]=Oop [48]=Oop [56]=Oop [80]=Oop [96]=Oop [108]=NarrowOop [112]=Oop [120]=NarrowOop [136]=Oop [144]=Oop }
                      ;*if_acmpeq {reexecute=1 rethrow=0 return_oop=0}
                      ; - (reexecute) jdk.internal.ref.PhantomCleanable::remove@12
                      ; - jdk.internal.ref.PhantomCleanable::clean@1
                      ; - java.util.zip.ZipFile$ZipFileInflaterInputStream::close@61
                      ; - java.io.FilterInputStream::close@4
                      ; - org.eclipse.osgi.storage.bundlefile.CloseableBundleFile$BundleEntryInputStream::close@1 (line 528)
                      ; - org.eclipse.osgi.storage.StorageUtil::getBytes@161 (line 213)
                      ; - org.eclipse.osgi.storage.bundlefile.BundleEntry::getBytes@16 (line 102)
                      ; - org.eclipse.osgi.internal.loader.classpath.ClasspathManager::findClassImpl@109 (line 681)
  0x000002d08af86e70: 8ccb 65ff 

  0x000002d08af86e74: ;   {other}
  0x000002d08af86e74: 0f1f 8400 | e45c 0088 | ba45 ffff | ff4c 8b5c | 2448 4c89 | 5c24 204c | 8b5c 2430 | 4c89 5c24 
  0x000002d08af86e94: 284c 8b5c | 2440 4c89 | 5c24 3844 | 8944 245c | 4489 7424 | 6044 8974 | 2468 4489 | 5424 6c90 
  0x000002d08af86eb4: ;   {runtime_call UncommonTrapBlob}
  0x000002d08af86eb4: c5f8 77e8 

  0x000002d08af86eb8: ; ImmutableOopMap {rbp=NarrowOop [32]=Oop [40]=Oop [56]=Oop [92]=NarrowOop [96]=NarrowOop [104]=NarrowOop [108]=NarrowOop [120]=Oop [136]=Oop [144]=Oop [152]=Oop }
                      ;*if_acmpne {reexecute=1 rethrow=0 return_oop=0}
                      ; - (reexecute) org.eclipse.osgi.storage.bundlefile.MRUBundleFileList::use@38 (line 175)
                      ; - org.eclipse.osgi.storage.bundlefile.CloseableBundleFile::mruListUse@12 (line 423)
                      ; - org.eclipse.osgi.storage.bundlefile.CloseableBundleFile::internalOpen@114 (line 157)
                      ; - org.eclipse.osgi.storage.bundlefile.CloseableBundleFile::lockOpen@8 (line 87)
                      ; - org.eclipse.osgi.storage.bundlefile.CloseableBundleFile::getInputStream@1 (line 483)
                      ; - org.eclipse.osgi.storage.bundlefile.ZipBundleEntry::getInputStream@8 (line 58)
                      ; - org.eclipse.osgi.storage.bundlefile.BundleEntry::getBytes@1 (line 97)
                      ; - org.eclipse.osgi.internal.loader.classpath.ClasspathManager::findClassImpl@109 (line 681)
  0x000002d08af86eb8: 44cb 65ff 

  0x000002d08af86ebc: ;   {other}
  0x000002d08af86ebc: 0f1f 8400 | 2c5d 0089 | ba45 ffff | ff4c 8b54 | 2448 4c89 | 5424 204c | 8b54 2430 | 4c89 5424 
  0x000002d08af86edc: 284c 8b54 | 2440 4c89 | 5424 3844 | 8944 245c | 4489 7424 | 6066 6690 

  0x000002d08af86ef4: ;   {runtime_call UncommonTrapBlob}
  0x000002d08af86ef4: c5f8 77e8 

  0x000002d08af86ef8: ; ImmutableOopMap {[32]=Oop [40]=Oop [56]=Oop [92]=NarrowOop [96]=NarrowOop [120]=Oop [136]=Oop [144]=Oop [152]=Oop }
                      ;*if_icmpge {reexecute=1 rethrow=0 return_oop=0}
                      ; - (reexecute) org.eclipse.osgi.storage.bundlefile.MRUBundleFileList::use@6 (line 171)
                      ; - org.eclipse.osgi.storage.bundlefile.CloseableBundleFile::mruListUse@12 (line 423)
                      ; - org.eclipse.osgi.storage.bundlefile.CloseableBundleFile::internalOpen@114 (line 157)
                      ; - org.eclipse.osgi.storage.bundlefile.CloseableBundleFile::lockOpen@8 (line 87)
                      ; - org.eclipse.osgi.storage.bundlefile.CloseableBundleFile::getInputStream@1 (line 483)
                      ; - org.eclipse.osgi.storage.bundlefile.ZipBundleEntry::getInputStream@8 (line 58)
                      ; - org.eclipse.osgi.storage.bundlefile.BundleEntry::getBytes@1 (line 97)
                      ; - org.eclipse.osgi.internal.loader.classpath.ClasspathManager::findClassImpl@109 (line 681)
  0x000002d08af86ef8: 04cb 65ff 

  0x000002d08af86efc: ;   {other}
  0x000002d08af86efc: 0f1f 8400 | 6c5d 008a | ba45 ffff | ff4c 8b4c | 2448 4c89 | 4c24 204c | 8b4c 2430 | 4c89 4c24 
  0x000002d08af86f1c: 284c 8b4c | 2440 4c89 | 4c24 3844 | 8944 245c | 4489 7424 | 6044 895c | 2468 4489 | 5424 6c90 
  0x000002d08af86f3c: ;   {runtime_call UncommonTrapBlob}
  0x000002d08af86f3c: c5f8 77e8 

  0x000002d08af86f40: ; ImmutableOopMap {[32]=Oop [40]=Oop [56]=Oop [92]=NarrowOop [96]=NarrowOop [108]=NarrowOop [120]=Oop [136]=Oop [144]=Oop [152]=Oop }
                      ;*if_icmpge {reexecute=1 rethrow=0 return_oop=0}
                      ; - (reexecute) org.eclipse.osgi.storage.bundlefile.MRUBundleFileList::use@28 (line 175)
                      ; - org.eclipse.osgi.storage.bundlefile.CloseableBundleFile::mruListUse@12 (line 423)
                      ; - org.eclipse.osgi.storage.bundlefile.CloseableBundleFile::internalOpen@114 (line 157)
                      ; - org.eclipse.osgi.storage.bundlefile.CloseableBundleFile::lockOpen@8 (line 87)
                      ; - org.eclipse.osgi.storage.bundlefile.CloseableBundleFile::getInputStream@1 (line 483)
                      ; - org.eclipse.osgi.storage.bundlefile.ZipBundleEntry::getInputStream@8 (line 58)
                      ; - org.eclipse.osgi.storage.bundlefile.BundleEntry::getBytes@1 (line 97)
                      ; - org.eclipse.osgi.internal.loader.classpath.ClasspathManager::findClassImpl@109 (line 681)
  0x000002d08af86f40: bcca 65ff 

  0x000002d08af86f44: ;   {other}
  0x000002d08af86f44: 0f1f 8400 | b45d 008b | 493b c9bd | ffff ffff | 7c08 400f | 95c5 400f | b6ed ba45 | ffff ff4c 
  0x000002d08af86f64: 8b4c 2448 | 4c89 4c24 | 204c 8b4c | 2430 4c89 | 4c24 284c | 8b4c 2440 | 4c89 4c24 | 3844 8944 
  0x000002d08af86f84: 245c 4489 | 7424 6044 | 8954 2468 | 4489 5424 | 6c44 895c | 2470 6690 

  0x000002d08af86f9c: ;   {runtime_call UncommonTrapBlob}
  0x000002d08af86f9c: c5f8 77e8 

  0x000002d08af86fa0: ; ImmutableOopMap {[32]=Oop [40]=Oop [56]=Oop [92]=NarrowOop [96]=NarrowOop [104]=NarrowOop [108]=NarrowOop [120]=Oop [136]=Oop [144]=Oop [152]=Oop }
                      ;*ifne {reexecute=1 rethrow=0 return_oop=0}
                      ; - (reexecute) org.eclipse.osgi.storage.bundlefile.MRUBundleFileList::incUseStamp@8 (line 182)
                      ; - org.eclipse.osgi.storage.bundlefile.MRUBundleFileList::use@43 (line 176)
                      ; - org.eclipse.osgi.storage.bundlefile.CloseableBundleFile::mruListUse@12 (line 423)
                      ; - org.eclipse.osgi.storage.bundlefile.CloseableBundleFile::internalOpen@114 (line 157)
                      ; - org.eclipse.osgi.storage.bundlefile.CloseableBundleFile::lockOpen@8 (line 87)
                      ; - org.eclipse.osgi.storage.bundlefile.CloseableBundleFile::getInputStream@1 (line 483)
                      ; - org.eclipse.osgi.storage.bundlefile.ZipBundleEntry::getInputStream@8 (line 58)
                      ; - org.eclipse.osgi.storage.bundlefile.BundleEntry::getBytes@1 (line 97)
                      ; - org.eclipse.osgi.internal.loader.classpath.ClasspathManager::findClassImpl@109 (line 681)
  0x000002d08af86fa0: 5cca 65ff 

  0x000002d08af86fa4: ;   {other}
  0x000002d08af86fa4: 0f1f 8400 | 145e 008c | 4489 1f4c | 8bd7 49c1 | ea09 49bb | 0000 b1fc | d002 0000 | 4788 2413 
  0x000002d08af86fc4: e90e e7ff | ffba c6ff | ffff 488b | 6c24 484c | 8b5c 2430 | 4c89 5c24 | 204c 8b5c | 2440 4c89 
  0x000002d08af86fe4: 5c24 304c | 8944 2440 | 4489 5424 | 5066 6690 

  0x000002d08af86ff4: ;   {runtime_call UncommonTrapBlob}
  0x000002d08af86ff4: c5f8 77e8 

  0x000002d08af86ff8: ; ImmutableOopMap {rbp=Oop [32]=Oop [48]=Oop [64]=Oop [80]=NarrowOop [136]=Oop }
                      ;*invokeinterface iterator {reexecute=0 rethrow=0 return_oop=0}
                      ; - org.eclipse.osgi.internal.loader.classpath.ClasspathEntry::findEntry@4 (line 203)
                      ; - org.eclipse.osgi.internal.loader.classpath.ClasspathManager::findClassImpl@95 (line 675)
  0x000002d08af86ff8: 04ca 65ff 

  0x000002d08af86ffc: ;   {other}
  0x000002d08af86ffc: 0f1f 8400 | 6c5e 008d | ba6e ffff | ff48 8b6c | 2448 4c8b | 5424 304c | 8954 2420 | 4c8b 5424 
  0x000002d08af8701c: 404c 8954 | 2430 4c89 | 4424 404c | 894c 2458 | 4889 4c24 | 6889 7c24 | 7089 5c24 | 7466 6690 
  0x000002d08af8703c: ;   {runtime_call UncommonTrapBlob}
  0x000002d08af8703c: c5f8 77e8 

  0x000002d08af87040: ; ImmutableOopMap {rbp=Oop [32]=Oop [48]=Oop [64]=Oop [88]=Oop [104]=Oop [112]=NarrowOop [136]=Oop }
                      ;*if_icmpge {reexecute=1 rethrow=0 return_oop=0}
                      ; - (reexecute) java.util.HashMap$HashIterator::<init>@54
                      ; - java.util.HashMap$KeyIterator::<init>@2
                      ; - java.util.HashMap$KeySet::iterator@8
                      ; - java.util.HashSet::iterator@7
                      ; - java.util.Collections$UnmodifiableCollection$1::<init>@17
                      ; - java.util.Collections$UnmodifiableCollection::iterator@5
                      ; - org.eclipse.osgi.internal.loader.classpath.ClasspathEntry::findEntry@4 (line 203)
                      ; - org.eclipse.osgi.internal.loader.classpath.ClasspathManager::findClassImpl@95 (line 675)
  0x000002d08af87040: bcc9 65ff 

  0x000002d08af87044: ;   {other}
  0x000002d08af87044: 0f1f 8400 | b45e 008e | 458b da44 | 8bd2 4489 | 5110 443b | db0f 83e8 | f8ff ff42 | 8b44 9f10 
  0x000002d08af87064: 8941 144c | 8bd9 49c1 | eb09 48ba | 0000 b1fc | d002 0000 | 4688 241a | 85c0 0f85 | 3ed2 ffff 
  0x000002d08af87084: 418d 5201 | 3bd6 7cc0 | ba45 ffff | ff48 8b6c | 2448 4c8b | 5c24 304c | 895c 2420 | 4c8b 5c24 
  0x000002d08af870a4: 404c 895c | 2430 4c89 | 4424 404c | 894c 2458 | 4889 4c24 | 6044 8954 | 2468 895c | 246c 6690 
  0x000002d08af870c4: ;   {runtime_call UncommonTrapBlob}
  0x000002d08af870c4: c5f8 77e8 

  0x000002d08af870c8: ; ImmutableOopMap {rbp=Oop [32]=Oop [48]=Oop [64]=Oop [88]=Oop [96]=Oop [136]=Oop }
                      ;*if_icmpge {reexecute=1 rethrow=0 return_oop=0}
                      ; - (reexecute) java.util.HashMap$HashIterator::<init>@54
                      ; - java.util.HashMap$KeyIterator::<init>@2
                      ; - java.util.HashMap$KeySet::iterator@8
                      ; - java.util.HashSet::iterator@7
                      ; - java.util.Collections$UnmodifiableCollection$1::<init>@17
                      ; - java.util.Collections$UnmodifiableCollection::iterator@5
                      ; - org.eclipse.osgi.internal.loader.classpath.ClasspathEntry::findEntry@4 (line 203)
                      ; - org.eclipse.osgi.internal.loader.classpath.ClasspathManager::findClassImpl@95 (line 675)
  0x000002d08af870c8: 34c9 65ff 

  0x000002d08af870cc: ;   {other}
  0x000002d08af870cc: 0f1f 8400 | 3c5f 008f | baf6 ffff | ff48 8b6c | 2448 4c8b | 5c24 304c | 895c 2420 | 4c8b 5c24 
  0x000002d08af870ec: 404c 895c | 2430 4489 | 7424 5044 | 894c 2454 | 4c89 5424 | 6044 896c | 2468 4c89 | 5424 7090 
  0x000002d08af8710c: ;   {runtime_call UncommonTrapBlob}
  0x000002d08af8710c: c5f8 77e8 

  0x000002d08af87110: ; ImmutableOopMap {rbp=Oop [32]=Oop [48]=Oop [80]=NarrowOop [84]=NarrowOop [96]=Oop [104]=NarrowOop [112]=Oop [120]=Oop [136]=Oop [144]=Oop [152]=Oop }
                      ;*invokevirtual getEntryPos {reexecute=0 rethrow=0 return_oop=0}
                      ; - java.util.zip.ZipFile::getInputStream@63
                      ; - org.eclipse.osgi.storage.bundlefile.ZipBundleFile::doGetInputStream@5 (line 101)
                      ; - org.eclipse.osgi.storage.bundlefile.ZipBundleFile::doGetInputStream@5 (line 1)
                      ; - org.eclipse.osgi.storage.bundlefile.CloseableBundleFile::getInputStream@20 (line 487)
                      ; - org.eclipse.osgi.storage.bundlefile.ZipBundleEntry::getInputStream@8 (line 58)
                      ; - org.eclipse.osgi.storage.bundlefile.BundleEntry::getBytes@1 (line 97)
                      ; - org.eclipse.osgi.internal.loader.classpath.ClasspathManager::findClassImpl@109 (line 681)
  0x000002d08af87110: ecc8 65ff 

  0x000002d08af87114: ;   {other}
  0x000002d08af87114: 0f1f 8400 | 845f 0090 | ba45 ffff | ff4c 8b54 | 2448 4c89 | 5424 2044 | 895c 2460 

  0x000002d08af87130: ;   {runtime_call UncommonTrapBlob}
  0x000002d08af87130: c5f8 77e8 

  0x000002d08af87134: ; ImmutableOopMap {[32]=Oop [40]=Oop [48]=Oop [56]=Oop [64]=Oop [120]=Oop [136]=Oop [144]=Oop }
                      ;*if_icmple {reexecute=1 rethrow=0 return_oop=0}
                      ; - (reexecute) org.eclipse.osgi.storage.StorageUtil::getBytes@122 (line 206)
                      ; - org.eclipse.osgi.storage.bundlefile.BundleEntry::getBytes@16 (line 102)
                      ; - org.eclipse.osgi.internal.loader.classpath.ClasspathManager::findClassImpl@109 (line 681)
  0x000002d08af87134: c8c8 65ff 

  0x000002d08af87138: ;   {other}
  0x000002d08af87138: 0f1f 8400 | a85f 0091 | 4889 4c24 | 584c 894c | 2450 4c89 | 4424 284c | 8b54 2430 | 4c89 5424 
  0x000002d08af87158: 2048 8b6c 

  0x000002d08af8715c: ;   {metadata('java/util/HashMap$KeySet')}
  0x000002d08af8715c: 2448 48ba | 3010 1a97 | d002 0000 

  0x000002d08af87168: ;   {runtime_call _new_instance_Java}
  0x000002d08af87168: c5f8 77e8 

  0x000002d08af8716c: ; ImmutableOopMap {rbp=Oop [32]=Oop [40]=Oop [64]=Oop [80]=Oop [88]=Oop [128]=Oop [136]=Oop }
                      ;*new {reexecute=0 rethrow=0 return_oop=1}
                      ; - java.util.HashMap::keySet@9
                      ; - java.util.HashSet::iterator@4
                      ; - java.util.Collections$UnmodifiableCollection$1::<init>@17
                      ; - java.util.Collections$UnmodifiableCollection::iterator@5
                      ; - org.eclipse.osgi.internal.loader.classpath.ClasspathEntry::findEntry@4 (line 203)
                      ; - org.eclipse.osgi.internal.loader.classpath.ClasspathManager::findClassImpl@95 (line 675)
  0x000002d08af8716c: 90d5 70ff 

  0x000002d08af87170: ;   {other}
  0x000002d08af87170: 0f1f 8400 | e05f 0092 | 4889 6c24 | 484c 8b5c | 2420 4c89 | 5c24 304c | 8b44 2428 | 4c8b 4c24 
  0x000002d08af87190: 5048 8b4c | 2458 4c8b | d8e9 e9d8 | ffff ba45 | ffff ff48 | 8b6c 2448 | 4c8b 5424 | 304c 8954 
  0x000002d08af871b0: 2420 4c8b | 5424 404c | 8954 2430 | 4c89 4424 | 404c 894c | 2458 4889 | 4c24 6089 | 5c24 6890 
  0x000002d08af871d0: ;   {runtime_call UncommonTrapBlob}
  0x000002d08af871d0: c5f8 77e8 

  0x000002d08af871d4: ; ImmutableOopMap {rbp=Oop [32]=Oop [48]=Oop [64]=Oop [88]=Oop [96]=Oop [136]=Oop }
                      ;*if_icmpge {reexecute=1 rethrow=0 return_oop=0}
                      ; - (reexecute) java.util.HashMap$HashIterator::<init>@54
                      ; - java.util.HashMap$KeyIterator::<init>@2
                      ; - java.util.HashMap$KeySet::iterator@8
                      ; - java.util.HashSet::iterator@7
                      ; - java.util.Collections$UnmodifiableCollection$1::<init>@17
                      ; - java.util.Collections$UnmodifiableCollection::iterator@5
                      ; - org.eclipse.osgi.internal.loader.classpath.ClasspathEntry::findEntry@4 (line 203)
                      ; - org.eclipse.osgi.internal.loader.classpath.ClasspathManager::findClassImpl@95 (line 675)
  0x000002d08af871d4: 28c8 65ff 

  0x000002d08af871d8: ;   {other}
  0x000002d08af871d8: 0f1f 8400 | 4860 0093 | 498b cb48 | 8d94 24f8 | 0000 004d | 8bc7 c5f8 | 7749 bab0 | cfa0 19f8 
  0x000002d08af871f8: 7f00 0041 

  0x000002d08af871fc: ;   {other}
  0x000002d08af871fc: ffd2 0f1f | 8400 0000 | 0000 e959 | cfff ff45 | 8b41 1841 | 8b68 0c44 

  0x000002d08af87214: ;   {metadata('java/util/concurrent/locks/ReentrantLock$NonfairSync')}
  0x000002d08af87214: 8b5d 0841 | 81fb 48b9 | 1a00 0f85 | fc09 0000 | 488b cd33 | c041 b801 | 0000 00f0 | 440f b141 
  0x000002d08af87234: 1041 0f94 | c045 0fb6 | c045 85c0 | 0f84 ce03 | 0000 448b | 4424 2444 | 8941 0c4c | 8bd9 49c1 
  0x000002d08af87254: eb09 48b9 | 0000 b1fc | d002 0000 | 4688 2419 | 4889 9c24 | 8000 0000 | 4489 4424 | 2449 8be9 
  0x000002d08af87274: 4c89 5424 | 7049 8bd1 

  0x000002d08af8727c: ;   {optimized virtual_call}
  0x000002d08af8727c: c5f8 77e8 

  0x000002d08af87280: ; ImmutableOopMap {rbp=Oop [32]=NarrowOop [36]=NarrowOop [40]=Oop [48]=Oop [56]=Oop [64]=Oop [72]=Oop [80]=Oop [88]=Oop [96]=Oop [104]=NarrowOop [112]=Oop [120]=Oop [128]=Oop [136]=Oop [144]=Oop [152]=Oop }
                      ;*invokevirtual poll0 {reexecute=0 rethrow=0 return_oop=1}
                      ; - java.lang.ref.ReferenceQueue::poll@17
                      ; - java.util.WeakHashMap::expungeStaleEntries@4
                      ; - java.util.WeakHashMap::getTable@1
                      ; - java.util.WeakHashMap::put@13
                      ; - java.util.Collections$SetFromMap::add@8
                      ; - java.util.zip.ZipFile::getInputStream@231
                      ; - org.eclipse.osgi.storage.bundlefile.ZipBundleFile::doGetInputStream@5 (line 101)
                      ; - org.eclipse.osgi.storage.bundlefile.ZipBundleFile::doGetInputStream@5 (line 1)
                      ; - org.eclipse.osgi.storage.bundlefile.CloseableBundleFile::getInputStream@20 (line 487)
                      ; - org.eclipse.osgi.storage.bundlefile.ZipBundleEntry::getInputStream@8 (line 58)
                      ; - org.eclipse.osgi.storage.bundlefile.BundleEntry::getBytes@1 (line 97)
                      ; - org.eclipse.osgi.internal.loader.classpath.ClasspathManager::findClassImpl@109 (line 681)
  0x000002d08af87280: fc74 65ff 

  0x000002d08af87284: ;   {other}
  0x000002d08af87284: 0f1f 8400 | f460 0094 | 4889 8424 | a000 0000 | 448b 5d18 

  0x000002d08af87298: ; implicit exception: dispatches to 0x000002d08af890e0
  0x000002d08af87298: 458b 530c 

  0x000002d08af8729c: ; implicit exception: dispatches to 0x000002d08af89140
  0x000002d08af8729c: 458b 5a10 | 418b 6a0c | 4c8b c548 | 8b8c 2480 | 0000 004c | 3bc1 0f85 | d009 0000 | 458d 4bff 
  0x000002d08af872bc: 4183 fb01 | 7504 4589 | 620c 4589 | 4a10 f083 | 4424 c000 | 4183 fb01 | 750d 458b | 5214 4585 
  0x000002d08af872dc: d20f 859d | 0600 004c | 8b94 24a0 | 0000 004d | 85d2 0f85 | 1c07 0000 | 4c8b 5424 | 70e9 e2e4 
  0x000002d08af872fc: ffff ba45 | ffff ff48 | 8b4c 2448 | 4889 4c24 | 2048 8b4c | 2430 4889 | 4c24 2848 | 8b4c 2478 
  0x000002d08af8731c: 4889 4c24 | 3048 8b4c | 2440 4889 | 4c24 3844 | 8974 2458 | 4489 4424 | 5c44 895c | 2468 4489 
  0x000002d08af8733c: 4c24 6c4c | 8954 2470 | 4c89 5424 | 7889 9c24 | 8000 0000 

  0x000002d08af87350: ;   {runtime_call UncommonTrapBlob}
  0x000002d08af87350: c5f8 77e8 

  0x000002d08af87354: ; ImmutableOopMap {[32]=Oop [40]=Oop [48]=Oop [56]=Oop [88]=NarrowOop [92]=NarrowOop [104]=NarrowOop [108]=NarrowOop [112]=Oop [120]=Oop [136]=Oop [144]=Oop [152]=Oop }
                      ;*if_icmpne {reexecute=1 rethrow=0 return_oop=0}
                      ; - (reexecute) java.lang.String::equals@33
                      ; - java.util.Objects::equals@11
                      ; - java.util.zip.ZipFile::getInputStream@42
                      ; - org.eclipse.osgi.storage.bundlefile.ZipBundleFile::doGetInputStream@5 (line 101)
                      ; - org.eclipse.osgi.storage.bundlefile.ZipBundleFile::doGetInputStream@5 (line 1)
                      ; - org.eclipse.osgi.storage.bundlefile.CloseableBundleFile::getInputStream@20 (line 487)
                      ; - org.eclipse.osgi.storage.bundlefile.ZipBundleEntry::getInputStream@8 (line 58)
                      ; - org.eclipse.osgi.storage.bundlefile.BundleEntry::getBytes@1 (line 97)
                      ; - org.eclipse.osgi.internal.loader.classpath.ClasspathManager::findClassImpl@109 (line 681)
  0x000002d08af87354: a8c6 65ff 

  0x000002d08af87358: ;   {other}
  0x000002d08af87358: 0f1f 8400 | c861 0095 | ba76 ffff | ff48 8b6c | 2448 4c8b | 5c24 304c | 895c 2420 | 4c8b 5c24 
  0x000002d08af87378: 404c 895c | 2430 4c89 | 4424 404c | 894c 2450 | 4489 5424 | 5866 6690 

  0x000002d08af87390: ;   {runtime_call UncommonTrapBlob}
  0x000002d08af87390: c5f8 77e8 

  0x000002d08af87394: ; ImmutableOopMap {rbp=Oop [32]=Oop [48]=Oop [64]=Oop [80]=Oop [136]=Oop }
                      ;*ifne {reexecute=1 rethrow=0 return_oop=0}
                      ; - (reexecute) org.eclipse.osgi.internal.loader.classpath.ClasspathEntry::findEntry@44 (line 203)
                      ; - org.eclipse.osgi.internal.loader.classpath.ClasspathManager::findClassImpl@95 (line 675)
  0x000002d08af87394: 68c6 65ff 

  0x000002d08af87398: ;   {other}
  0x000002d08af87398: 0f1f 8400 | 0862 0096 | 4c89 5c24 | 584c 894c | 2450 4c89 | 4424 284c | 8b54 2430 | 4c89 5424 
  0x000002d08af873b8: 2048 8b6c 

  0x000002d08af873bc: ;   {metadata('java/util/LinkedHashMap$LinkedKeyIterator')}
  0x000002d08af873bc: 2448 48ba | 685b 0598 | d002 0000 

  0x000002d08af873c8: ;   {runtime_call _new_instance_Java}
  0x000002d08af873c8: c5f8 77e8 

  0x000002d08af873cc: ; ImmutableOopMap {rbp=Oop [32]=Oop [40]=Oop [64]=Oop [80]=Oop [88]=Oop [128]=Oop [136]=Oop }
                      ;*new {reexecute=0 rethrow=0 return_oop=1}
                      ; - java.util.LinkedHashMap$LinkedKeySet::iterator@0
                      ; - java.util.HashSet::iterator@7
                      ; - java.util.Collections$UnmodifiableCollection$1::<init>@17
                      ; - java.util.Collections$UnmodifiableCollection::iterator@5
                      ; - org.eclipse.osgi.internal.loader.classpath.ClasspathEntry::findEntry@4 (line 203)
                      ; - org.eclipse.osgi.internal.loader.classpath.ClasspathManager::findClassImpl@95 (line 675)
  0x000002d08af873cc: 30d3 70ff 

  0x000002d08af873d0: ;   {other}
  0x000002d08af873d0: 0f1f 8400 | 4062 0097 | 4889 6c24 | 484c 8b5c | 2420 4c89 | 5c24 304c | 8b44 2428 | 4c8b 4c24 
  0x000002d08af873f0: 504c 8b5c | 2458 488b | c8e9 8fda | ffff ba45 | ffff ff4c | 8b54 2448 | 4c89 5424 | 204c 8b54 
  0x000002d08af87410: 2430 4c89 | 5424 284c | 8b54 2440 | 4c89 5424 | 3844 8944 | 245c 4489 | 7424 604c | 894c 2468 
  0x000002d08af87430: ;   {runtime_call UncommonTrapBlob}
  0x000002d08af87430: c5f8 77e8 

  0x000002d08af87434: ; ImmutableOopMap {[32]=Oop [40]=Oop [56]=Oop [92]=NarrowOop [96]=NarrowOop [104]=Oop [120]=Oop [136]=Oop [144]=Oop [152]=Oop }
                      ;*ifge {reexecute=1 rethrow=0 return_oop=0}
                      ; - (reexecute) java.util.concurrent.locks.ReentrantLock$NonfairSync::initialTryLock@36
                      ; - java.util.concurrent.locks.ReentrantLock$Sync::lock@1
                      ; - java.util.concurrent.locks.ReentrantLock::lock@4
                      ; - org.eclipse.osgi.storage.bundlefile.CloseableBundleFile::lockOpen@4 (line 85)
                      ; - org.eclipse.osgi.storage.bundlefile.CloseableBundleFile::getInputStream@1 (line 483)
                      ; - org.eclipse.osgi.storage.bundlefile.ZipBundleEntry::getInputStream@8 (line 58)
                      ; - org.eclipse.osgi.storage.bundlefile.BundleEntry::getBytes@1 (line 97)
                      ; - org.eclipse.osgi.internal.loader.classpath.ClasspathManager::findClassImpl@109 (line 681)
  0x000002d08af87434: c8c5 65ff 

  0x000002d08af87438: ;   {other}
  0x000002d08af87438: 0f1f 8400 | a862 0098 | ba45 ffff | ff4c 8b5c | 2448 4c89 | 5c24 204c | 8b5c 2430 | 4c89 5c24 
  0x000002d08af87458: 284c 8b5c | 2440 4c89 | 5c24 3848 | 8974 2460 | 4489 5424 | 5c4c 894c | 2468 6690 

  0x000002d08af87474: ;   {runtime_call UncommonTrapBlob}
  0x000002d08af87474: c5f8 77e8 

  0x000002d08af87478: ; ImmutableOopMap {[32]=Oop [40]=Oop [56]=Oop [92]=NarrowOop [96]=Oop [104]=Oop [120]=Oop [136]=Oop [144]=Oop [152]=Oop }
                      ;*ifge {reexecute=1 rethrow=0 return_oop=0}
                      ; - (reexecute) java.util.concurrent.locks.ReentrantLock$NonfairSync::initialTryLock@36
                      ; - java.util.concurrent.locks.ReentrantLock$Sync::lock@1
                      ; - java.util.concurrent.locks.ReentrantLock::lock@4
                      ; - org.eclipse.osgi.storage.bundlefile.CloseableBundleFile::incrementReference@4 (line 451)
                      ; - org.eclipse.osgi.storage.bundlefile.CloseableBundleFile$BundleEntryInputStream::<init>@16 (line 513)
                      ; - org.eclipse.osgi.storage.bundlefile.CloseableBundleFile::getInputStream@37 (line 489)
                      ; - org.eclipse.osgi.storage.bundlefile.ZipBundleEntry::getInputStream@8 (line 58)
                      ; - org.eclipse.osgi.storage.bundlefile.BundleEntry::getBytes@1 (line 97)
                      ; - org.eclipse.osgi.internal.loader.classpath.ClasspathManager::findClassImpl@109 (line 681)
  0x000002d08af87478: 84c5 65ff 

  0x000002d08af8747c: ;   {other}
  0x000002d08af8747c: 0f1f 8400 | ec62 0099 | ba45 ffff | ff4c 8b5c | 2448 4c89 | 5c24 204c | 8b5c 2430 | 4c89 5c24 
  0x000002d08af8749c: 284c 8b5c | 2440 4c89 | 5c24 384c | 896c 2450 | 4489 5424 | 584c 894c | 2460 6690 

  0x000002d08af874b8: ;   {runtime_call UncommonTrapBlob}
  0x000002d08af874b8: c5f8 77e8 

  0x000002d08af874bc: ; ImmutableOopMap {[32]=Oop [40]=Oop [56]=Oop [80]=Oop [88]=NarrowOop [96]=Oop [120]=Oop [136]=Oop [144]=Oop }
                      ;*ifge {reexecute=1 rethrow=0 return_oop=0}
                      ; - (reexecute) java.util.concurrent.locks.ReentrantLock$NonfairSync::initialTryLock@36
                      ; - java.util.concurrent.locks.ReentrantLock$Sync::lock@1
                      ; - java.util.concurrent.locks.ReentrantLock::lock@4
                      ; - org.eclipse.osgi.storage.bundlefile.CloseableBundleFile::decrementReference@4 (line 460)
                      ; - org.eclipse.osgi.storage.bundlefile.CloseableBundleFile$BundleEntryInputStream::close@82 (line 537)
                      ; - org.eclipse.osgi.storage.StorageUtil::getBytes@161 (line 213)
                      ; - org.eclipse.osgi.storage.bundlefile.BundleEntry::getBytes@16 (line 102)
                      ; - org.eclipse.osgi.internal.loader.classpath.ClasspathManager::findClassImpl@109 (line 681)
  0x000002d08af874bc: 40c5 65ff 

  0x000002d08af874c0: ;   {other}
  0x000002d08af874c0: 0f1f 8400 | 3063 009a | ba45 ffff | ff4c 8b54 | 2448 4c89 | 5424 204c | 8b54 2430 | 4c89 5424 
  0x000002d08af874e0: 284c 8b54 | 2440 4c89 | 5424 3844 | 8944 245c | 4489 7424 | 6066 6690 

  0x000002d08af874f8: ;   {runtime_call UncommonTrapBlob}
  0x000002d08af874f8: c5f8 77e8 

  0x000002d08af874fc: ; ImmutableOopMap {[32]=Oop [40]=Oop [56]=Oop [92]=NarrowOop [96]=NarrowOop [120]=Oop [136]=Oop [144]=Oop [152]=Oop }
                      ;*ifeq {reexecute=1 rethrow=0 return_oop=0}
                      ; - (reexecute) org.eclipse.osgi.storage.bundlefile.CloseableBundleFile::internalOpen@51 (line 143)
                      ; - org.eclipse.osgi.storage.bundlefile.CloseableBundleFile::lockOpen@8 (line 87)
                      ; - org.eclipse.osgi.storage.bundlefile.CloseableBundleFile::getInputStream@1 (line 483)
                      ; - org.eclipse.osgi.storage.bundlefile.ZipBundleEntry::getInputStream@8 (line 58)
                      ; - org.eclipse.osgi.storage.bundlefile.BundleEntry::getBytes@1 (line 97)
                      ; - org.eclipse.osgi.internal.loader.classpath.ClasspathManager::findClassImpl@109 (line 681)
  0x000002d08af874fc: 00c5 65ff 

  0x000002d08af87500: ;   {other}
  0x000002d08af87500: 0f1f 8400 | 7063 009b | ba45 ffff | ff66 6690 

  0x000002d08af87510: ;   {runtime_call UncommonTrapBlob}
  0x000002d08af87510: c5f8 77e8 

  0x000002d08af87514: ; ImmutableOopMap {[32]=Oop [40]=Oop [48]=Oop [56]=NarrowOop [60]=NarrowOop [64]=Oop [72]=Oop [120]=Oop [136]=Oop }
                      ;*ifeq {reexecute=1 rethrow=0 return_oop=0}
                      ; - (reexecute) org.eclipse.osgi.storage.bundlefile.CloseableBundleFile::internalOpen@79 (line 152)
                      ; - org.eclipse.osgi.storage.bundlefile.CloseableBundleFile::lockOpen@8 (line 87)
                      ; - org.eclipse.osgi.storage.bundlefile.CloseableBundleFile::getInputStream@1 (line 483)
                      ; - org.eclipse.osgi.storage.bundlefile.ZipBundleEntry::getInputStream@8 (line 58)
                      ; - org.eclipse.osgi.storage.bundlefile.BundleEntry::getBytes@1 (line 97)
                      ; - org.eclipse.osgi.internal.loader.classpath.ClasspathManager::findClassImpl@109 (line 681)
  0x000002d08af87514: e8c4 65ff 

  0x000002d08af87518: ;   {other}
  0x000002d08af87518: 0f1f 8400 | 8863 009c | ba45 ffff | ff48 8b6c | 2448 8944 | 2464 6690 

  0x000002d08af87530: ;   {runtime_call UncommonTrapBlob}
  0x000002d08af87530: c5f8 77e8 

  0x000002d08af87534: ; ImmutableOopMap {rbp=Oop [32]=Oop [40]=Oop [48]=Oop [56]=NarrowOop [60]=NarrowOop [64]=Oop [120]=Oop [136]=Oop }
                      ;*ifeq {reexecute=1 rethrow=0 return_oop=0}
                      ; - (reexecute) org.eclipse.osgi.storage.bundlefile.CloseableBundleFile::internalOpen@13 (line 132)
                      ; - org.eclipse.osgi.storage.bundlefile.CloseableBundleFile::lockOpen@8 (line 87)
                      ; - org.eclipse.osgi.storage.bundlefile.CloseableBundleFile::getInputStream@1 (line 483)
                      ; - org.eclipse.osgi.storage.bundlefile.ZipBundleEntry::getInputStream@8 (line 58)
                      ; - org.eclipse.osgi.storage.bundlefile.BundleEntry::getBytes@1 (line 97)
                      ; - org.eclipse.osgi.internal.loader.classpath.ClasspathManager::findClassImpl@109 (line 681)
  0x000002d08af87534: c8c4 65ff 

  0x000002d08af87538: ;   {other}
  0x000002d08af87538: 0f1f 8400 | a863 009d | bae4 ffff | ff48 8b6c | 2448 4c8b | 5c24 784c | 895c 2448 | 4c8b 9c24 
  0x000002d08af87558: 8800 0000 | 4c89 5c24 | 504c 8b9c | 2490 0000 | 004c 895c | 2468 4c8b | 9c24 9800 | 0000 4c89 
  0x000002d08af87578: 5c24 7844 | 8994 249c | 0000 0090 

  0x000002d08af87584: ;   {runtime_call UncommonTrapBlob}
  0x000002d08af87584: c5f8 77e8 

  0x000002d08af87588: ; ImmutableOopMap {rbp=Oop [32]=NarrowOop [40]=Oop [48]=Oop [56]=Oop [64]=Oop [72]=Oop [80]=Oop [88]=Oop [96]=Oop [104]=Oop [112]=Oop [120]=Oop [160]=Oop }
                      ;*aaload {reexecute=0 rethrow=0 return_oop=0}
                      ; - java.util.IdentityHashMap::put@28
                      ; - java.util.Collections$SetFromMap::add@8
                      ; - java.util.zip.ZipFile::getInputStream@231
                      ; - org.eclipse.osgi.storage.bundlefile.ZipBundleFile::doGetInputStream@5 (line 101)
                      ; - org.eclipse.osgi.storage.bundlefile.ZipBundleFile::doGetInputStream@5 (line 1)
                      ; - org.eclipse.osgi.storage.bundlefile.CloseableBundleFile::getInputStream@20 (line 487)
                      ; - org.eclipse.osgi.storage.bundlefile.ZipBundleEntry::getInputStream@8 (line 58)
                      ; - org.eclipse.osgi.storage.bundlefile.BundleEntry::getBytes@1 (line 97)
                      ; - org.eclipse.osgi.internal.loader.classpath.ClasspathManager::findClassImpl@109 (line 681)
  0x000002d08af87588: 74c4 65ff 

  0x000002d08af8758c: ;   {other}
  0x000002d08af8758c: 0f1f 8400 | fc63 009e | bade ffff | ff48 8b4c | 2448 4889 | 4c24 3848 | 8b4c 2478 | 4889 4c24 
  0x000002d08af875ac: 4848 8b8c | 2488 0000 | 0048 894c | 2450 488b | 8c24 9000 | 0000 4889 | 4c24 5848 | 8b8c 2498 
  0x000002d08af875cc: 0000 0048 | 894c 2460 | 4c89 8424 | 8000 0000 | 4c89 8c24 | 9000 0000 | 4489 5c24 | 244c 8994 
  0x000002d08af875ec: 2498 0000 | 004c 8994 | 24a0 0000 | 0048 89bc | 24a8 0000 | 0066 6690 

  0x000002d08af87604: ;   {runtime_call UncommonTrapBlob}
  0x000002d08af87604: c5f8 77e8 

  0x000002d08af87608: ; ImmutableOopMap {rbp=NarrowOop [32]=NarrowOop [40]=Oop [48]=Oop [56]=Oop [64]=Oop [72]=Oop [80]=Oop [88]=Oop [96]=Oop [128]=Oop [144]=Oop [152]=Oop [160]=Oop [168]=Oop }
                      ;*invokevirtual initialTryLock {reexecute=0 rethrow=0 return_oop=0}
                      ; - java.util.concurrent.locks.ReentrantLock$Sync::lock@1
                      ; - java.util.concurrent.locks.ReentrantLock::lock@4
                      ; - java.lang.ref.ReferenceQueue::poll@13
                      ; - java.util.WeakHashMap::expungeStaleEntries@4
                      ; - java.util.WeakHashMap::getTable@1
                      ; - java.util.WeakHashMap::put@13
                      ; - java.util.Collections$SetFromMap::add@8
                      ; - java.util.zip.ZipFile::getInputStream@231
                      ; - org.eclipse.osgi.storage.bundlefile.ZipBundleFile::doGetInputStream@5 (line 101)
                      ; - org.eclipse.osgi.storage.bundlefile.ZipBundleFile::doGetInputStream@5 (line 1)
                      ; - org.eclipse.osgi.storage.bundlefile.CloseableBundleFile::getInputStream@20 (line 487)
                      ; - org.eclipse.osgi.storage.bundlefile.ZipBundleEntry::getInputStream@8 (line 58)
                      ; - org.eclipse.osgi.storage.bundlefile.BundleEntry::getBytes@1 (line 97)
                      ; - org.eclipse.osgi.internal.loader.classpath.ClasspathManager::findClassImpl@109 (line 681)
  0x000002d08af87608: f4c3 65ff 

  0x000002d08af8760c: ;   {other}
  0x000002d08af8760c: 0f1f 8400 | 7c64 009f | 448b 410c | 4d8b d84c | 3bdb 0f85 | fe03 0000 | 8b69 10ff | c585 ed0f 
  0x000002d08af8762c: 8cc7 0600 | 0089 6910 | f083 4424 | c000 448b | 4424 24e9 | 20fc ffff | ba45 ffff | ff4c 8b5c 
  0x000002d08af8764c: 2478 4c89 | 5c24 504c | 8b9c 2488 | 0000 004c | 895c 2458 | 4c8b 9c24 | 9000 0000 | 4c89 5c24 
  0x000002d08af8766c: 784c 8b9c | 2498 0000 | 004c 899c | 2488 0000 | 0044 8b44 | 246c 4489 | 4424 244c | 8b5c 2470 
  0x000002d08af8768c: 4c89 5c24 | 6844 8994 | 24b0 0000 | 0048 898c | 24b8 0000 | 0066 6690 

  0x000002d08af876a4: ;   {runtime_call UncommonTrapBlob}
  0x000002d08af876a4: c5f8 77e8 

  0x000002d08af876a8: ; ImmutableOopMap {rbp=NarrowOop [32]=NarrowOop [40]=Oop [48]=Oop [56]=Oop [64]=Oop [72]=Oop [80]=Oop [88]=Oop [96]=Oop [104]=Oop [112]=Oop [120]=Oop [128]=Oop [136]=Oop [176]=NarrowOop [184]=Oop }
                      ;*if_acmpeq {reexecute=1 rethrow=0 return_oop=0}
                      ; - (reexecute) java.util.concurrent.locks.ReentrantLock$Sync::tryRelease@14
                      ; - java.util.concurrent.locks.AbstractQueuedSynchronizer::release@2
                      ; - java.util.concurrent.locks.ReentrantLock::unlock@5
                      ; - java.lang.ref.ReferenceQueue::poll@25
                      ; - java.util.WeakHashMap::expungeStaleEntries@4
                      ; - java.util.WeakHashMap::getTable@1
                      ; - java.util.WeakHashMap::put@13
                      ; - java.util.Collections$SetFromMap::add@8
                      ; - java.util.zip.ZipFile::getInputStream@231
                      ; - org.eclipse.osgi.storage.bundlefile.ZipBundleFile::doGetInputStream@5 (line 101)
                      ; - org.eclipse.osgi.storage.bundlefile.ZipBundleFile::doGetInputStream@5 (line 1)
                      ; - org.eclipse.osgi.storage.bundlefile.CloseableBundleFile::getInputStream@20 (line 487)
                      ; - org.eclipse.osgi.storage.bundlefile.ZipBundleEntry::getInputStream@8 (line 58)
                      ; - org.eclipse.osgi.storage.bundlefile.BundleEntry::getBytes@1 (line 97)
                      ; - org.eclipse.osgi.internal.loader.classpath.ClasspathManager::findClassImpl@109 (line 681)
  0x000002d08af876a8: 54c3 65ff 

  0x000002d08af876ac: ;   {other}
  0x000002d08af876ac: 0f1f 8400 | 1c65 00a0 | bac6 ffff | ff4c 8b54 | 2448 4c89 | 5424 384c | 8b54 2478 | 4c89 5424 
  0x000002d08af876cc: 484c 8b94 | 2488 0000 | 004c 8954 | 2450 4c89 | 8424 8000 | 0000 4c89 | 8c24 8800 | 0000 6690 
  0x000002d08af876ec: ;   {runtime_call UncommonTrapBlob}
  0x000002d08af876ec: c5f8 77e8 

  0x000002d08af876f0: ; ImmutableOopMap {rbp=NarrowOop [32]=NarrowOop [40]=Oop [48]=Oop [56]=Oop [64]=Oop [72]=Oop [80]=Oop [128]=Oop [136]=Oop [144]=Oop [152]=Oop }
                      ;*invokeinterface put {reexecute=0 rethrow=0 return_oop=0}
                      ; - java.util.Collections$SetFromMap::add@8
                      ; - java.util.zip.ZipFile::getInputStream@231
                      ; - org.eclipse.osgi.storage.bundlefile.ZipBundleFile::doGetInputStream@5 (line 101)
                      ; - org.eclipse.osgi.storage.bundlefile.ZipBundleFile::doGetInputStream@5 (line 1)
                      ; - org.eclipse.osgi.storage.bundlefile.CloseableBundleFile::getInputStream@20 (line 487)
                      ; - org.eclipse.osgi.storage.bundlefile.ZipBundleEntry::getInputStream@8 (line 58)
                      ; - org.eclipse.osgi.storage.bundlefile.BundleEntry::getBytes@1 (line 97)
                      ; - org.eclipse.osgi.internal.loader.classpath.ClasspathManager::findClassImpl@109 (line 681)
  0x000002d08af876f0: 0cc3 65ff 

  0x000002d08af876f4: ;   {other}
  0x000002d08af876f4: 0f1f 8400 | 6465 00a1 | bae4 ffff | ff48 8b6c | 2448 4c8b | 5424 784c | 8954 2448 | 4c8b 9424 
  0x000002d08af87714: 8800 0000 | 4c89 5424 | 504c 8b94 | 2490 0000 | 004c 8954 | 2460 448b | 5424 6c44 | 8954 2424 
  0x000002d08af87734: ;   {runtime_call UncommonTrapBlob}
  0x000002d08af87734: c5f8 77e8 

  0x000002d08af87738: ; ImmutableOopMap {rbp=Oop [32]=NarrowOop [40]=Oop [48]=Oop [56]=Oop [64]=Oop [72]=Oop [80]=Oop [88]=Oop [96]=Oop [152]=Oop [160]=Oop }
                      ;*aaload {reexecute=0 rethrow=0 return_oop=0}
                      ; - java.util.IdentityHashMap::put@47
                      ; - java.util.Collections$SetFromMap::add@8
                      ; - java.util.zip.ZipFile::getInputStream@231
                      ; - org.eclipse.osgi.storage.bundlefile.ZipBundleFile::doGetInputStream@5 (line 101)
                      ; - org.eclipse.osgi.storage.bundlefile.ZipBundleFile::doGetInputStream@5 (line 1)
                      ; - org.eclipse.osgi.storage.bundlefile.CloseableBundleFile::getInputStream@20 (line 487)
                      ; - org.eclipse.osgi.storage.bundlefile.ZipBundleEntry::getInputStream@8 (line 58)
                      ; - org.eclipse.osgi.storage.bundlefile.BundleEntry::getBytes@1 (line 97)
                      ; - org.eclipse.osgi.internal.loader.classpath.ClasspathManager::findClassImpl@109 (line 681)
  0x000002d08af87738: c4c2 65ff 

  0x000002d08af8773c: ;   {other}
  0x000002d08af8773c: 0f1f 8400 | ac65 00a2 | 4c8b 9424 | b800 0000 | 418b 2aba | d6ff ffff | 4c8b 5424 | 784c 8954 
  0x000002d08af8775c: 2450 4c8b | 9424 8800 | 0000 4c89 | 5424 6090 

  0x000002d08af8776c: ;   {runtime_call UncommonTrapBlob}
  0x000002d08af8776c: c5f8 77e8 

  0x000002d08af87770: ; ImmutableOopMap {rbp=NarrowOop [32]=NarrowOop [40]=Oop [48]=Oop [56]=Oop [64]=Oop [72]=Oop [80]=Oop [88]=Oop [96]=Oop [144]=Oop [152]=Oop [160]=Oop }
                      ;*aastore {reexecute=1 rethrow=0 return_oop=0}
                      ; - (reexecute) java.util.IdentityHashMap::put@57
                      ; - java.util.Collections$SetFromMap::add@8
                      ; - java.util.zip.ZipFile::getInputStream@231
                      ; - org.eclipse.osgi.storage.bundlefile.ZipBundleFile::doGetInputStream@5 (line 101)
                      ; - org.eclipse.osgi.storage.bundlefile.ZipBundleFile::doGetInputStream@5 (line 1)
                      ; - org.eclipse.osgi.storage.bundlefile.CloseableBundleFile::getInputStream@20 (line 487)
                      ; - org.eclipse.osgi.storage.bundlefile.ZipBundleEntry::getInputStream@8 (line 58)
                      ; - org.eclipse.osgi.storage.bundlefile.BundleEntry::getBytes@1 (line 97)
                      ; - org.eclipse.osgi.internal.loader.classpath.ClasspathManager::findClassImpl@109 (line 681)
  0x000002d08af87770: 8cc2 65ff 

  0x000002d08af87774: ;   {other}
  0x000002d08af87774: 0f1f 8400 | e465 00a3 | bae4 ffff | ff4c 8b54 | 2478 4c89 | 5424 504c | 8b94 2488 | 0000 004c 
  0x000002d08af87794: 8954 2460 | 4c8b 9424 | 9000 0000 | 4c89 5424 | 6866 6690 

  0x000002d08af877a8: ;   {runtime_call UncommonTrapBlob}
  0x000002d08af877a8: c5f8 77e8 

  0x000002d08af877ac: ; ImmutableOopMap {[32]=NarrowOop [40]=Oop [48]=Oop [56]=Oop [64]=Oop [72]=Oop [80]=Oop [88]=Oop [96]=Oop [104]=Oop [112]=Oop [152]=Oop [160]=Oop }
                      ;*aastore {reexecute=1 rethrow=0 return_oop=0}
                      ; - (reexecute) java.util.IdentityHashMap::put@128
                      ; - java.util.Collections$SetFromMap::add@8
                      ; - java.util.zip.ZipFile::getInputStream@231
                      ; - org.eclipse.osgi.storage.bundlefile.ZipBundleFile::doGetInputStream@5 (line 101)
                      ; - org.eclipse.osgi.storage.bundlefile.ZipBundleFile::doGetInputStream@5 (line 1)
                      ; - org.eclipse.osgi.storage.bundlefile.CloseableBundleFile::getInputStream@20 (line 487)
                      ; - org.eclipse.osgi.storage.bundlefile.ZipBundleEntry::getInputStream@8 (line 58)
                      ; - org.eclipse.osgi.storage.bundlefile.BundleEntry::getBytes@1 (line 97)
                      ; - org.eclipse.osgi.internal.loader.classpath.ClasspathManager::findClassImpl@109 (line 681)
  0x000002d08af877ac: 50c2 65ff 

  0x000002d08af877b0: ;   {other}
  0x000002d08af877b0: 0f1f 8400 | 2066 00a4 | bad6 ffff | ff4c 8b54 | 2478 4c89 | 5424 504c | 8b94 2488 | 0000 004c 
  0x000002d08af877d0: 8954 2478 | 4c8b 9424 | 9000 0000 | 4c89 9424 | 8000 0000 | 4c8b 9424 | 9800 0000 | 4c89 9424 
  0x000002d08af877f0: 8800 0000 | 448b 5c24 | 6c44 895c | 2468 6690 

  0x000002d08af87800: ;   {runtime_call UncommonTrapBlob}
  0x000002d08af87800: c5f8 77e8 

  0x000002d08af87804: ; ImmutableOopMap {[32]=NarrowOop [40]=Oop [48]=Oop [56]=Oop [64]=Oop [72]=Oop [80]=Oop [88]=Oop [96]=Oop [112]=Oop [120]=Oop [128]=Oop [136]=Oop [160]=Oop }
                      ;*aastore {reexecute=1 rethrow=0 return_oop=0}
                      ; - (reexecute) java.util.IdentityHashMap::put@120
                      ; - java.util.Collections$SetFromMap::add@8
                      ; - java.util.zip.ZipFile::getInputStream@231
                      ; - org.eclipse.osgi.storage.bundlefile.ZipBundleFile::doGetInputStream@5 (line 101)
                      ; - org.eclipse.osgi.storage.bundlefile.ZipBundleFile::doGetInputStream@5 (line 1)
                      ; - org.eclipse.osgi.storage.bundlefile.CloseableBundleFile::getInputStream@20 (line 487)
                      ; - org.eclipse.osgi.storage.bundlefile.ZipBundleEntry::getInputStream@8 (line 58)
                      ; - org.eclipse.osgi.storage.bundlefile.BundleEntry::getBytes@1 (line 97)
                      ; - org.eclipse.osgi.internal.loader.classpath.ClasspathManager::findClassImpl@109 (line 681)
  0x000002d08af87804: f8c1 65ff 

  0x000002d08af87808: ;   {other}
  0x000002d08af87808: 0f1f 8400 | 7866 00a5 | baf6 ffff | ff66 6690 

  0x000002d08af87818: ;   {runtime_call UncommonTrapBlob}
  0x000002d08af87818: c5f8 77e8 

  0x000002d08af8781c: ; ImmutableOopMap {rbp=Oop [32]=Oop [40]=Oop [64]=Oop [136]=Oop }
                      ;*invokeinterface iterator {reexecute=0 rethrow=0 return_oop=0}
                      ; - java.util.HashSet::iterator@7
                      ; - java.util.Collections$UnmodifiableCollection$1::<init>@17
                      ; - java.util.Collections$UnmodifiableCollection::iterator@5
                      ; - org.eclipse.osgi.internal.loader.classpath.ClasspathEntry::findEntry@4 (line 203)
                      ; - org.eclipse.osgi.internal.loader.classpath.ClasspathManager::findClassImpl@95 (line 675)
  0x000002d08af8781c: e0c1 65ff 

  0x000002d08af87820: ;   {other}
  0x000002d08af87820: 0f1f 8400 | 9066 00a6 | bac6 ffff | ff4c 8b54 | 2448 4c89 | 5424 204c | 8b54 2430 | 4c89 5424 
  0x000002d08af87840: 284c 8b54 | 2440 4c89 | 5424 384c | 8944 2448 | 4c89 4c24 | 6066 6690 

  0x000002d08af87858: ;   {runtime_call UncommonTrapBlob}
  0x000002d08af87858: c5f8 77e8 

  0x000002d08af8785c: ; ImmutableOopMap {rbp=NarrowOop [32]=Oop [40]=Oop [56]=Oop [72]=Oop [96]=Oop [136]=Oop }
                      ;*invokevirtual keySet {reexecute=0 rethrow=0 return_oop=0}
                      ; - java.util.HashSet::iterator@4
                      ; - java.util.Collections$UnmodifiableCollection$1::<init>@17
                      ; - java.util.Collections$UnmodifiableCollection::iterator@5
                      ; - org.eclipse.osgi.internal.loader.classpath.ClasspathEntry::findEntry@4 (line 203)
                      ; - org.eclipse.osgi.internal.loader.classpath.ClasspathManager::findClassImpl@95 (line 675)
  0x000002d08af8785c: a0c1 65ff 

  0x000002d08af87860: ;   {other}
  0x000002d08af87860: 0f1f 8400 | d066 00a7 | bac6 ffff | ff48 8b6c | 2448 4c8b | 5424 304c | 8954 2420 | 4c8b 5424 
  0x000002d08af87880: 404c 8954 | 2430 4c89 | 4424 404c | 894c 2458 | 4c89 5c24 | 6066 6690 

  0x000002d08af87898: ;   {runtime_call UncommonTrapBlob}
  0x000002d08af87898: c5f8 77e8 

  0x000002d08af8789c: ; ImmutableOopMap {rbp=Oop [32]=Oop [48]=Oop [64]=Oop [88]=Oop [96]=Oop [136]=Oop }
                      ;*invokeinterface iterator {reexecute=0 rethrow=0 return_oop=0}
                      ; - java.util.HashSet::iterator@7
                      ; - java.util.Collections$UnmodifiableCollection$1::<init>@17
                      ; - java.util.Collections$UnmodifiableCollection::iterator@5
                      ; - org.eclipse.osgi.internal.loader.classpath.ClasspathEntry::findEntry@4 (line 203)
                      ; - org.eclipse.osgi.internal.loader.classpath.ClasspathManager::findClassImpl@95 (line 675)
  0x000002d08af8789c: 60c1 65ff 

  0x000002d08af878a0: ;   {other}
  0x000002d08af878a0: 0f1f 8400 | 1067 00a8 | ba45 ffff | ff48 8b4c | 2448 4889 | 4c24 3848 | 8b4c 2478 | 4889 4c24 
  0x000002d08af878c0: 4848 8b8c | 2488 0000 | 0048 894c | 2450 488b | 8c24 9000 | 0000 4889 | 4c24 5848 | 8b8c 2498 
  0x000002d08af878e0: 0000 0048 | 894c 2460 | 4c89 8424 | 8000 0000 | 4c89 8c24 | 9000 0000 | 4489 5c24 | 244c 8994 
  0x000002d08af87900: 2498 0000 | 004c 8994 | 24a0 0000 | 0048 89bc | 24a8 0000 | 0048 89b4 | 24b0 0000 | 0066 6690 
  0x000002d08af87920: ;   {runtime_call UncommonTrapBlob}
  0x000002d08af87920: c5f8 77e8 

  0x000002d08af87924: ; ImmutableOopMap {[32]=NarrowOop [40]=Oop [48]=Oop [56]=Oop [64]=Oop [72]=Oop [80]=Oop [88]=Oop [96]=Oop [128]=Oop [144]=Oop [152]=Oop [160]=Oop [168]=Oop [176]=Oop }
                      ;*ifge {reexecute=1 rethrow=0 return_oop=0}
                      ; - (reexecute) java.util.concurrent.locks.ReentrantLock$NonfairSync::initialTryLock@36
                      ; - java.util.concurrent.locks.ReentrantLock$Sync::lock@1
                      ; - java.util.concurrent.locks.ReentrantLock::lock@4
                      ; - java.lang.ref.ReferenceQueue::poll@13
                      ; - java.util.WeakHashMap::expungeStaleEntries@4
                      ; - java.util.WeakHashMap::getTable@1
                      ; - java.util.WeakHashMap::put@13
                      ; - java.util.Collections$SetFromMap::add@8
                      ; - java.util.zip.ZipFile::getInputStream@231
                      ; - org.eclipse.osgi.storage.bundlefile.ZipBundleFile::doGetInputStream@5 (line 101)
                      ; - org.eclipse.osgi.storage.bundlefile.ZipBundleFile::doGetInputStream@5 (line 1)
                      ; - org.eclipse.osgi.storage.bundlefile.CloseableBundleFile::getInputStream@20 (line 487)
                      ; - org.eclipse.osgi.storage.bundlefile.ZipBundleEntry::getInputStream@8 (line 58)
                      ; - org.eclipse.osgi.storage.bundlefile.BundleEntry::getBytes@1 (line 97)
                      ; - org.eclipse.osgi.internal.loader.classpath.ClasspathManager::findClassImpl@109 (line 681)
  0x000002d08af87924: d8c0 65ff 

  0x000002d08af87928: ;   {other}
  0x000002d08af87928: 0f1f 8400 | 9867 00a9 | ba45 ffff | ff4c 8b5c | 2448 4c89 | 5c24 204c | 8b5c 2430 | 4c89 5c24 
  0x000002d08af87948: 284c 8b5c | 2440 4c89 | 5c24 384c | 8944 2448 | 4c89 4c24 | 6048 894c | 2470 4489 | 5424 7848 
  0x000002d08af87968: 898c 2480 | 0000 0090 

  0x000002d08af87970: ;   {runtime_call UncommonTrapBlob}
  0x000002d08af87970: c5f8 77e8 

  0x000002d08af87974: ; ImmutableOopMap {[32]=Oop [40]=Oop [56]=Oop [72]=Oop [96]=Oop [112]=Oop [120]=NarrowOop [128]=Oop [136]=Oop }
                      ;*ifeq {reexecute=1 rethrow=0 return_oop=0}
                      ; - (reexecute) java.util.LinkedHashMap$LinkedHashIterator::<init>@16
                      ; - java.util.LinkedHashMap$LinkedKeyIterator::<init>@3
                      ; - java.util.LinkedHashMap$LinkedKeySet::iterator@12
                      ; - java.util.HashSet::iterator@7
                      ; - java.util.Collections$UnmodifiableCollection$1::<init>@17
                      ; - java.util.Collections$UnmodifiableCollection::iterator@5
                      ; - org.eclipse.osgi.internal.loader.classpath.ClasspathEntry::findEntry@4 (line 203)
                      ; - org.eclipse.osgi.internal.loader.classpath.ClasspathManager::findClassImpl@95 (line 675)
  0x000002d08af87974: 88c0 65ff 

  0x000002d08af87978: ;   {other}
  0x000002d08af87978: 0f1f 8400 | e867 00aa | 418b 6a14 | 85ed 0f84 | 57f9 ffff | 448b 5d0c | 4585 db0f | 844a f9ff 
  0x000002d08af87998: ff4c 8bd5 | 498b d241 | b801 0000 | 004c 8994 | 24d0 0000 | 0066 6690 

  0x000002d08af879b0: ;   {optimized virtual_call}
  0x000002d08af879b0: c5f8 77e8 

  0x000002d08af879b4: ; ImmutableOopMap {rbp=NarrowOop [32]=NarrowOop [36]=NarrowOop [40]=Oop [48]=Oop [56]=Oop [64]=Oop [72]=Oop [80]=Oop [88]=Oop [96]=Oop [104]=NarrowOop [112]=Oop [120]=Oop [128]=Oop [136]=Oop [144]=Oop [152]=Oop [160]=Oop [208]=Oop }
                      ;*invokevirtual getAndUnsetStatus {reexecute=0 rethrow=0 return_oop=0}
                      ; - java.util.concurrent.locks.AbstractQueuedSynchronizer::signalNext@22
                      ; - java.util.concurrent.locks.AbstractQueuedSynchronizer::release@12
                      ; - java.util.concurrent.locks.ReentrantLock::unlock@5
                      ; - java.lang.ref.ReferenceQueue::poll@25
                      ; - java.util.WeakHashMap::expungeStaleEntries@4
                      ; - java.util.WeakHashMap::getTable@1
                      ; - java.util.WeakHashMap::put@13
                      ; - java.util.Collections$SetFromMap::add@8
                      ; - java.util.zip.ZipFile::getInputStream@231
                      ; - org.eclipse.osgi.storage.bundlefile.ZipBundleFile::doGetInputStream@5 (line 101)
                      ; - org.eclipse.osgi.storage.bundlefile.ZipBundleFile::doGetInputStream@5 (line 1)
                      ; - org.eclipse.osgi.storage.bundlefile.CloseableBundleFile::getInputStream@20 (line 487)
                      ; - org.eclipse.osgi.storage.bundlefile.ZipBundleEntry::getInputStream@8 (line 58)
                      ; - org.eclipse.osgi.storage.bundlefile.BundleEntry::getBytes@1 (line 97)
                      ; - org.eclipse.osgi.internal.loader.classpath.ClasspathManager::findClassImpl@109 (line 681)
  0x000002d08af879b4: c86d 65ff 

  0x000002d08af879b8: ;   {other}
  0x000002d08af879b8: 0f1f 8400 | 2868 00ab | 448b 5518 | 498b d290 

  0x000002d08af879c8: ;   {static_call}
  0x000002d08af879c8: c5f8 77e8 

  0x000002d08af879cc: ; ImmutableOopMap {[32]=NarrowOop [36]=NarrowOop [40]=Oop [48]=Oop [56]=Oop [64]=Oop [72]=Oop [80]=Oop [88]=Oop [96]=Oop [104]=NarrowOop [112]=Oop [120]=Oop [128]=Oop [136]=Oop [144]=Oop [152]=Oop [160]=Oop }
                      ;*invokestatic unpark {reexecute=0 rethrow=0 return_oop=0}
                      ; - java.util.concurrent.locks.AbstractQueuedSynchronizer::signalNext@30
                      ; - java.util.concurrent.locks.AbstractQueuedSynchronizer::release@12
                      ; - java.util.concurrent.locks.ReentrantLock::unlock@5
                      ; - java.lang.ref.ReferenceQueue::poll@25
                      ; - java.util.WeakHashMap::expungeStaleEntries@4
                      ; - java.util.WeakHashMap::getTable@1
                      ; - java.util.WeakHashMap::put@13
                      ; - java.util.Collections$SetFromMap::add@8
                      ; - java.util.zip.ZipFile::getInputStream@231
                      ; - org.eclipse.osgi.storage.bundlefile.ZipBundleFile::doGetInputStream@5 (line 101)
                      ; - org.eclipse.osgi.storage.bundlefile.ZipBundleFile::doGetInputStream@5 (line 1)
                      ; - org.eclipse.osgi.storage.bundlefile.CloseableBundleFile::getInputStream@20 (line 487)
                      ; - org.eclipse.osgi.storage.bundlefile.ZipBundleEntry::getInputStream@8 (line 58)
                      ; - org.eclipse.osgi.storage.bundlefile.BundleEntry::getBytes@1 (line 97)
                      ; - org.eclipse.osgi.internal.loader.classpath.ClasspathManager::findClassImpl@109 (line 681)
  0x000002d08af879cc: b073 65ff 

  0x000002d08af879d0: ;   {other}
  0x000002d08af879d0: 0f1f 8400 | 4068 00ac | 488b 8c24 | 8000 0000 | e9fe f8ff | ffba ceff | ffff 4889 | 4424 204c 
  0x000002d08af879f0: 8b5c 2448 | 4c89 5c24 | 2844 8954 | 2450 6690 

  0x000002d08af87a00: ;   {runtime_call UncommonTrapBlob}
  0x000002d08af87a00: c5f8 77e8 

  0x000002d08af87a04: ; ImmutableOopMap {rbp=Oop [32]=Oop [40]=Oop [48]=Oop [56]=Oop [64]=Oop }
                      ;*invokestatic inflate {reexecute=0 rethrow=0 return_oop=0}
                      ; - java.lang.String::getBytes@40
                      ; - java.lang.StringConcatHelper::prepend@21
                      ; - java.lang.StringConcatHelper::simpleConcat@81
                      ; - java.lang.String::concat@11
                      ; - org.eclipse.osgi.internal.loader.classpath.ClasspathManager::findClassImpl@87 (line 673)
  0x000002d08af87a04: f8bf 65ff 

  0x000002d08af87a08: ;   {other}
  0x000002d08af87a08: 0f1f 8400 | 7868 00ad | 4c89 9424 | d000 0000 | 4c8b 4c24 | 58e9 a9db | ffff 4c89 | 4c24 7049 
  0x000002d08af87a28: 8bea 4889 | 9c24 8000 | 0000 488b | d141 b801 | 0000 0090 

  0x000002d08af87a3c: ;   {optimized virtual_call}
  0x000002d08af87a3c: c5f8 77e8 

  0x000002d08af87a40: ; ImmutableOopMap {rbp=Oop [32]=NarrowOop [36]=NarrowOop [40]=Oop [48]=Oop [56]=Oop [64]=Oop [72]=Oop [80]=Oop [88]=Oop [96]=Oop [104]=NarrowOop [112]=Oop [120]=Oop [128]=Oop [136]=Oop [144]=Oop [152]=Oop }
                      ;*invokevirtual acquire {reexecute=0 rethrow=0 return_oop=0}
                      ; - java.util.concurrent.locks.ReentrantLock$Sync::lock@9
                      ; - java.util.concurrent.locks.ReentrantLock::lock@4
                      ; - java.lang.ref.ReferenceQueue::poll@13
                      ; - java.util.WeakHashMap::expungeStaleEntries@4
                      ; - java.util.WeakHashMap::getTable@1
                      ; - java.util.WeakHashMap::put@13
                      ; - java.util.Collections$SetFromMap::add@8
                      ; - java.util.zip.ZipFile::getInputStream@231
                      ; - org.eclipse.osgi.storage.bundlefile.ZipBundleFile::doGetInputStream@5 (line 101)
                      ; - org.eclipse.osgi.storage.bundlefile.ZipBundleFile::doGetInputStream@5 (line 1)
                      ; - org.eclipse.osgi.storage.bundlefile.CloseableBundleFile::getInputStream@20 (line 487)
                      ; - org.eclipse.osgi.storage.bundlefile.ZipBundleEntry::getInputStream@8 (line 58)
                      ; - org.eclipse.osgi.storage.bundlefile.BundleEntry::getBytes@1 (line 97)
                      ; - org.eclipse.osgi.internal.loader.classpath.ClasspathManager::findClassImpl@109 (line 681)
  0x000002d08af87a40: 3c6d 65ff 

  0x000002d08af87a44: ;   {other}
  0x000002d08af87a44: 0f1f 8400 | b468 00ae | 4c8b d54c | 8b4c 2470 | e918 f8ff | ffba f6ff | ffff 488b | 6c24 484c 
  0x000002d08af87a64: 8b54 2478 | 4c89 5424 | 484c 8b94 | 2488 0000 | 004c 8954 | 2450 4c8b | 9424 9000 | 0000 4c89 
  0x000002d08af87a84: 5424 584c | 8b94 2498 | 0000 004c | 8954 2470 | 448b 5424 | 6c44 8954 | 2424 4c89 | 4424 684c 
  0x000002d08af87aa4: 8984 2498 | 0000 0090 

  0x000002d08af87aac: ;   {runtime_call UncommonTrapBlob}
  0x000002d08af87aac: c5f8 77e8 

  0x000002d08af87ab0: ; ImmutableOopMap {rbp=Oop [32]=NarrowOop [40]=Oop [48]=Oop [56]=Oop [64]=Oop [72]=Oop [80]=Oop [88]=Oop [96]=Oop [104]=Oop [112]=Oop [152]=Oop [208]=Oop }
                      ;*monitorenter {reexecute=0 rethrow=0 return_oop=0}
                      ; - java.util.WeakHashMap::expungeStaleEntries@18
                      ; - java.util.WeakHashMap::getTable@1
                      ; - java.util.WeakHashMap::put@13
                      ; - java.util.Collections$SetFromMap::add@8
                      ; - java.util.zip.ZipFile::getInputStream@231
                      ; - org.eclipse.osgi.storage.bundlefile.ZipBundleFile::doGetInputStream@5 (line 101)
                      ; - org.eclipse.osgi.storage.bundlefile.ZipBundleFile::doGetInputStream@5 (line 1)
                      ; - org.eclipse.osgi.storage.bundlefile.CloseableBundleFile::getInputStream@20 (line 487)
                      ; - org.eclipse.osgi.storage.bundlefile.ZipBundleEntry::getInputStream@8 (line 58)
                      ; - org.eclipse.osgi.storage.bundlefile.BundleEntry::getBytes@1 (line 97)
                      ; - org.eclipse.osgi.internal.loader.classpath.ClasspathManager::findClassImpl@109 (line 681)
  0x000002d08af87ab0: 4cbf 65ff 

  0x000002d08af87ab4: ;   {other}
  0x000002d08af87ab4: 0f1f 8400 | 2469 00af | 4889 bc24 | a000 0000 | 4489 9c24 | 8000 0000 | 4c89 4c24 | 5848 8be9 
  0x000002d08af87ad4: 488b d74c | 8d84 2400 | 0100 0090 

  0x000002d08af87ae0: ;   {runtime_call _complete_monitor_locking_Java}
  0x000002d08af87ae0: c5f8 77e8 

  0x000002d08af87ae4: ; ImmutableOopMap {rbp=Oop [32]=NarrowOop [36]=NarrowOop [40]=Oop [48]=Oop [56]=Oop [64]=Oop [72]=Oop [80]=Oop [88]=Oop [96]=Oop [104]=NarrowOop [112]=Oop [120]=Oop [128]=NarrowOop [136]=Oop [144]=Oop [152]=Oop [160]=Oop [208]=Oop }
                      ;*monitorenter {reexecute=0 rethrow=0 return_oop=0}
                      ; - java.util.WeakHashMap::expungeStaleEntries@18
                      ; - java.util.WeakHashMap::getTable@1
                      ; - java.util.WeakHashMap::put@13
                      ; - java.util.Collections$SetFromMap::add@8
                      ; - java.util.zip.ZipFile::getInputStream@231
                      ; - org.eclipse.osgi.storage.bundlefile.ZipBundleFile::doGetInputStream@5 (line 101)
                      ; - org.eclipse.osgi.storage.bundlefile.ZipBundleFile::doGetInputStream@5 (line 1)
                      ; - org.eclipse.osgi.storage.bundlefile.CloseableBundleFile::getInputStream@20 (line 487)
                      ; - org.eclipse.osgi.storage.bundlefile.ZipBundleEntry::getInputStream@8 (line 58)
                      ; - org.eclipse.osgi.storage.bundlefile.BundleEntry::getBytes@1 (line 97)
                      ; - org.eclipse.osgi.internal.loader.classpath.ClasspathManager::findClassImpl@109 (line 681)
  0x000002d08af87ae4: 9848 71ff 

  0x000002d08af87ae8: ;   {other}
  0x000002d08af87ae8: 0f1f 8400 | 5869 00b0 | 488b cd4c | 8b4c 2458 | 4c8b 4424 | 7044 8b9c | 2480 0000 | 0048 8bbc 
  0x000002d08af87b08: 24a0 0000 | 00e9 39db | ffff bae4 | ffff ff4c | 8b54 2478 | 4c89 5424 | 504c 8b94 | 2488 0000 
  0x000002d08af87b28: 004c 8954 | 2458 4c8b | 9424 9000 | 0000 4c89 | 5424 704c | 8b94 2498 | 0000 004c | 8954 2478 
  0x000002d08af87b48: 448b 5424 | 6c44 8954 | 2424 4c89 | 4424 684c | 8984 24a0 | 0000 004c | 898c 24b0 | 0000 0089 
  0x000002d08af87b68: 8c24 ac00 | 0000 89bc | 24b8 0000 | 0066 6690 

  0x000002d08af87b78: ;   {runtime_call UncommonTrapBlob}
  0x000002d08af87b78: c5f8 77e8 

  0x000002d08af87b7c: ; ImmutableOopMap {[32]=NarrowOop [40]=Oop [48]=Oop [56]=Oop [64]=Oop [72]=Oop [80]=Oop [88]=Oop [96]=Oop [104]=Oop [112]=Oop [120]=Oop [160]=Oop [172]=NarrowOop [176]=Oop [184]=NarrowOop }
                      ;*aaload {reexecute=0 rethrow=0 return_oop=0}
                      ; - java.util.WeakHashMap::expungeStaleEntries@44
                      ; - java.util.WeakHashMap::getTable@1
                      ; - java.util.WeakHashMap::put@13
                      ; - java.util.Collections$SetFromMap::add@8
                      ; - java.util.zip.ZipFile::getInputStream@231
                      ; - org.eclipse.osgi.storage.bundlefile.ZipBundleFile::doGetInputStream@5 (line 101)
                      ; - org.eclipse.osgi.storage.bundlefile.ZipBundleFile::doGetInputStream@5 (line 1)
                      ; - org.eclipse.osgi.storage.bundlefile.CloseableBundleFile::getInputStream@20 (line 487)
                      ; - org.eclipse.osgi.storage.bundlefile.ZipBundleEntry::getInputStream@8 (line 58)
                      ; - org.eclipse.osgi.storage.bundlefile.BundleEntry::getBytes@1 (line 97)
                      ; - org.eclipse.osgi.internal.loader.classpath.ClasspathManager::findClassImpl@109 (line 681)
  0x000002d08af87b7c: 80be 65ff 

  0x000002d08af87b80: ;   {other}
  0x000002d08af87b80: 0f1f 8400 | f069 00b1 | 498b fa49 | 8bc8 488d | 9424 0001 | 0000 4d8b | c7c5 f877 | 49ba b0cf 
  0x000002d08af87ba0: a019 f87f | 0000 41ff 

  0x000002d08af87ba8: ;   {other}
  0x000002d08af87ba8: d20f 1f84 | 0000 0000 | 004c 8bd7 | e9fc dbff | ffba deff | ffff 4c8b | 5c24 784c | 895c 2450 
  0x000002d08af87bc8: 4c8b 9c24 | 8800 0000 | 4c89 5c24 | 584c 8b9c | 2490 0000 | 004c 895c | 2470 4c8b | 9c24 9800 
  0x000002d08af87be8: 0000 4c89 | 5c24 7844 | 8b44 246c | 4489 4424 | 244c 8954 | 2468 4c89 | 9424 a000 | 0000 6690 
  0x000002d08af87c08: ;   {runtime_call UncommonTrapBlob}
  0x000002d08af87c08: c5f8 77e8 

  0x000002d08af87c0c: ; ImmutableOopMap {rbp=NarrowOop [32]=NarrowOop [40]=Oop [48]=Oop [56]=Oop [64]=Oop [72]=Oop [80]=Oop [88]=Oop [96]=Oop [104]=Oop [112]=Oop [120]=Oop [160]=Oop }
                      ;*invokevirtual poll {reexecute=0 rethrow=0 return_oop=0}
                      ; - java.util.WeakHashMap::expungeStaleEntries@4
                      ; - java.util.WeakHashMap::getTable@1
                      ; - java.util.WeakHashMap::put@13
                      ; - java.util.Collections$SetFromMap::add@8
                      ; - java.util.zip.ZipFile::getInputStream@231
                      ; - org.eclipse.osgi.storage.bundlefile.ZipBundleFile::doGetInputStream@5 (line 101)
                      ; - org.eclipse.osgi.storage.bundlefile.ZipBundleFile::doGetInputStream@5 (line 1)
                      ; - org.eclipse.osgi.storage.bundlefile.CloseableBundleFile::getInputStream@20 (line 487)
                      ; - org.eclipse.osgi.storage.bundlefile.ZipBundleEntry::getInputStream@8 (line 58)
                      ; - org.eclipse.osgi.storage.bundlefile.BundleEntry::getBytes@1 (line 97)
                      ; - org.eclipse.osgi.internal.loader.classpath.ClasspathManager::findClassImpl@109 (line 681)
  0x000002d08af87c0c: f0bd 65ff 

  0x000002d08af87c10: ;   {other}
  0x000002d08af87c10: 0f1f 8400 | 806a 00b2 | 458b d3e9 | 6cf4 ffff | bade ffff | ff4c 8b5c | 2478 4c89 | 5c24 504c 
  0x000002d08af87c30: 8b9c 2488 | 0000 004c | 895c 2458 | 4c8b 9c24 | 9000 0000 | 4c89 5c24 | 704c 8b9c | 2498 0000 
  0x000002d08af87c50: 004c 895c | 2478 448b | 4424 6c44 | 8944 2424 | 4c89 5424 | 684c 8994 | 24a0 0000 | 004c 898c 
  0x000002d08af87c70: 24a8 0000 | 0066 6690 

  0x000002d08af87c78: ;   {runtime_call UncommonTrapBlob}
  0x000002d08af87c78: c5f8 77e8 

  0x000002d08af87c7c: ; ImmutableOopMap {rbp=NarrowOop [32]=NarrowOop [40]=Oop [48]=Oop [56]=Oop [64]=Oop [72]=Oop [80]=Oop [88]=Oop [96]=Oop [104]=Oop [112]=Oop [120]=Oop [160]=Oop [168]=Oop }
                      ;*invokevirtual initialTryLock {reexecute=0 rethrow=0 return_oop=0}
                      ; - java.util.concurrent.locks.ReentrantLock$Sync::lock@1
                      ; - java.util.concurrent.locks.ReentrantLock::lock@4
                      ; - java.lang.ref.ReferenceQueue::poll@13
                      ; - java.util.WeakHashMap::expungeStaleEntries@4
                      ; - java.util.WeakHashMap::getTable@1
                      ; - java.util.WeakHashMap::put@13
                      ; - java.util.Collections$SetFromMap::add@8
                      ; - java.util.zip.ZipFile::getInputStream@231
                      ; - org.eclipse.osgi.storage.bundlefile.ZipBundleFile::doGetInputStream@5 (line 101)
                      ; - org.eclipse.osgi.storage.bundlefile.ZipBundleFile::doGetInputStream@5 (line 1)
                      ; - org.eclipse.osgi.storage.bundlefile.CloseableBundleFile::getInputStream@20 (line 487)
                      ; - org.eclipse.osgi.storage.bundlefile.ZipBundleEntry::getInputStream@8 (line 58)
                      ; - org.eclipse.osgi.storage.bundlefile.BundleEntry::getBytes@1 (line 97)
                      ; - org.eclipse.osgi.internal.loader.classpath.ClasspathManager::findClassImpl@109 (line 681)
  0x000002d08af87c7c: 80bd 65ff 

  0x000002d08af87c80: ;   {other}
  0x000002d08af87c80: 0f1f 8400 | f06a 00b3 | ba45 ffff | ff4c 8b5c | 2478 4c89 | 5c24 504c | 8b9c 2488 | 0000 004c 
  0x000002d08af87ca0: 895c 2458 | 4c8b 9c24 | 9000 0000 | 4c89 5c24 | 784c 8b9c | 2498 0000 | 004c 899c | 2480 0000 
  0x000002d08af87cc0: 0044 8b44 | 246c 4489 | 4424 244c | 8b5c 2470 | 4c89 5c24 | 6844 8994 | 24b0 0000 | 0048 898c 
  0x000002d08af87ce0: 24b8 0000 | 0066 6690 

  0x000002d08af87ce8: ;   {runtime_call UncommonTrapBlob}
  0x000002d08af87ce8: c5f8 77e8 

  0x000002d08af87cec: ; ImmutableOopMap {rbp=NarrowOop [32]=NarrowOop [40]=Oop [48]=Oop [56]=Oop [64]=Oop [72]=Oop [80]=Oop [88]=Oop [96]=Oop [104]=Oop [112]=Oop [120]=Oop [128]=Oop [160]=Oop [176]=NarrowOop [184]=Oop }
                      ;*if_acmpeq {reexecute=1 rethrow=0 return_oop=0}
                      ; - (reexecute) java.util.concurrent.locks.ReentrantLock$Sync::tryRelease@14
                      ; - java.util.concurrent.locks.AbstractQueuedSynchronizer::release@2
                      ; - java.util.concurrent.locks.ReentrantLock::unlock@5
                      ; - java.lang.ref.ReferenceQueue::poll@25
                      ; - java.util.WeakHashMap::expungeStaleEntries@4
                      ; - java.util.WeakHashMap::getTable@1
                      ; - java.util.WeakHashMap::put@13
                      ; - java.util.Collections$SetFromMap::add@8
                      ; - java.util.zip.ZipFile::getInputStream@231
                      ; - org.eclipse.osgi.storage.bundlefile.ZipBundleFile::doGetInputStream@5 (line 101)
                      ; - org.eclipse.osgi.storage.bundlefile.ZipBundleFile::doGetInputStream@5 (line 1)
                      ; - org.eclipse.osgi.storage.bundlefile.CloseableBundleFile::getInputStream@20 (line 487)
                      ; - org.eclipse.osgi.storage.bundlefile.ZipBundleEntry::getInputStream@8 (line 58)
                      ; - org.eclipse.osgi.storage.bundlefile.BundleEntry::getBytes@1 (line 97)
                      ; - org.eclipse.osgi.internal.loader.classpath.ClasspathManager::findClassImpl@109 (line 681)
  0x000002d08af87cec: 10bd 65ff 

  0x000002d08af87cf0: ;   {other}
  0x000002d08af87cf0: 0f1f 8400 | 606b 00b4 | ba45 ffff | ff4c 8b5c | 2478 4c89 | 5c24 504c | 8b9c 2488 | 0000 004c 
  0x000002d08af87d10: 895c 2458 | 4c8b 9c24 | 9000 0000 | 4c89 5c24 | 704c 8b9c | 2498 0000 | 004c 895c | 2478 448b 
  0x000002d08af87d30: 5c24 6c44 | 895c 2424 | 4c89 5424 | 684c 8994 | 24a0 0000 | 004c 898c | 24a8 0000 | 0048 898c 
  0x000002d08af87d50: 24b0 0000 | 0066 6690 

  0x000002d08af87d58: ;   {runtime_call UncommonTrapBlob}
  0x000002d08af87d58: c5f8 77e8 

  0x000002d08af87d5c: ; ImmutableOopMap {[32]=NarrowOop [40]=Oop [48]=Oop [56]=Oop [64]=Oop [72]=Oop [80]=Oop [88]=Oop [96]=Oop [104]=Oop [112]=Oop [120]=Oop [160]=Oop [168]=Oop [176]=Oop }
                      ;*ifge {reexecute=1 rethrow=0 return_oop=0}
                      ; - (reexecute) java.util.concurrent.locks.ReentrantLock$NonfairSync::initialTryLock@36
                      ; - java.util.concurrent.locks.ReentrantLock$Sync::lock@1
                      ; - java.util.concurrent.locks.ReentrantLock::lock@4
                      ; - java.lang.ref.ReferenceQueue::poll@13
                      ; - java.util.WeakHashMap::expungeStaleEntries@4
                      ; - java.util.WeakHashMap::getTable@1
                      ; - java.util.WeakHashMap::put@13
                      ; - java.util.Collections$SetFromMap::add@8
                      ; - java.util.zip.ZipFile::getInputStream@231
                      ; - org.eclipse.osgi.storage.bundlefile.ZipBundleFile::doGetInputStream@5 (line 101)
                      ; - org.eclipse.osgi.storage.bundlefile.ZipBundleFile::doGetInputStream@5 (line 1)
                      ; - org.eclipse.osgi.storage.bundlefile.CloseableBundleFile::getInputStream@20 (line 487)
                      ; - org.eclipse.osgi.storage.bundlefile.ZipBundleEntry::getInputStream@8 (line 58)
                      ; - org.eclipse.osgi.storage.bundlefile.BundleEntry::getBytes@1 (line 97)
                      ; - org.eclipse.osgi.internal.loader.classpath.ClasspathManager::findClassImpl@109 (line 681)
  0x000002d08af87d5c: a0bc 65ff 

  0x000002d08af87d60: ;   {other}
  0x000002d08af87d60: 0f1f 8400 | d06b 00b5 | bade ffff | ff48 8b6c | 2448 4c8b | 5c24 304c | 895c 2428 | 4c8b 5c24 
  0x000002d08af87d80: 384c 895c | 2430 4c8b | 5c24 404c | 895c 2438 | 4889 4424 | 5866 6690 

  0x000002d08af87d98: ;   {runtime_call UncommonTrapBlob}
  0x000002d08af87d98: c5f8 77e8 

  0x000002d08af87d9c: ; ImmutableOopMap {rbp=Oop [32]=Oop [40]=Oop [48]=Oop [56]=Oop [88]=Oop [136]=Oop }
                      ;*checkcast {reexecute=0 rethrow=0 return_oop=0}
                      ; - org.eclipse.osgi.internal.loader.classpath.ClasspathEntry::findEntry@19 (line 203)
                      ; - org.eclipse.osgi.internal.loader.classpath.ClasspathManager::findClassImpl@95 (line 675)
  0x000002d08af87d9c: 60bc 65ff 

  0x000002d08af87da0: ;   {other}
  0x000002d08af87da0: 0f1f 8400 | 106c 00b6 | bade ffff | ff48 8b6c | 2448 4c8b | 4c24 784c | 894c 2448 | 4c8b 8c24 
  0x000002d08af87dc0: 8800 0000 | 4c89 4c24 | 504c 8b8c | 2490 0000 | 004c 894c | 2458 4c8b | 8c24 9800 | 0000 4c89 
  0x000002d08af87de0: 4c24 708b | 4c24 6c89 | 4c24 244c | 8944 2468 | 4c89 8424 | 9800 0000 | 4489 9c24 | a400 0000 
  0x000002d08af87e00: ;   {runtime_call UncommonTrapBlob}
  0x000002d08af87e00: c5f8 77e8 

  0x000002d08af87e04: ; ImmutableOopMap {rbp=Oop [32]=NarrowOop [40]=Oop [48]=Oop [56]=Oop [64]=Oop [72]=Oop [80]=Oop [88]=Oop [96]=Oop [104]=Oop [112]=Oop [152]=Oop [164]=NarrowOop [208]=Oop }
                      ;*checkcast {reexecute=0 rethrow=0 return_oop=0}
                      ; - java.util.WeakHashMap::expungeStaleEntries@20
                      ; - java.util.WeakHashMap::getTable@1
                      ; - java.util.WeakHashMap::put@13
                      ; - java.util.Collections$SetFromMap::add@8
                      ; - java.util.zip.ZipFile::getInputStream@231
                      ; - org.eclipse.osgi.storage.bundlefile.ZipBundleFile::doGetInputStream@5 (line 101)
                      ; - org.eclipse.osgi.storage.bundlefile.ZipBundleFile::doGetInputStream@5 (line 1)
                      ; - org.eclipse.osgi.storage.bundlefile.CloseableBundleFile::getInputStream@20 (line 487)
                      ; - org.eclipse.osgi.storage.bundlefile.ZipBundleEntry::getInputStream@8 (line 58)
                      ; - org.eclipse.osgi.storage.bundlefile.BundleEntry::getBytes@1 (line 97)
                      ; - org.eclipse.osgi.internal.loader.classpath.ClasspathManager::findClassImpl@109 (line 681)
  0x000002d08af87e04: f8bb 65ff 

  0x000002d08af87e08: ;   {other}
  0x000002d08af87e08: 0f1f 8400 | 786c 00b7 | bade ffff | ff4c 8b54 | 2478 4c89 | 5424 504c | 8b94 2488 | 0000 004c 
  0x000002d08af87e28: 8954 2478 | 4c8b 9424 | 9000 0000 | 4c89 9424 | 8000 0000 | 4c8b 9424 | 9800 0000 | 4c89 9424 
  0x000002d08af87e48: 8800 0000 | 448b 5424 | 3844 8954 | 2424 448b | 5c24 7044 | 895c 2438 

  0x000002d08af87e60: ;   {runtime_call UncommonTrapBlob}
  0x000002d08af87e60: c5f8 77e8 

  0x000002d08af87e64: ; ImmutableOopMap {rbp=NarrowOop [32]=NarrowOop [36]=NarrowOop [40]=Oop [48]=Oop [60]=NarrowOop [64]=Oop [72]=Oop [80]=Oop [88]=Oop [100]=NarrowOop [104]=Oop [120]=Oop [128]=Oop [136]=Oop }
                      ;*checkcast {reexecute=0 rethrow=0 return_oop=0}
                      ; - java.util.zip.ZipFile$CleanableResource::getInflater@16
                      ; - java.util.zip.ZipFile$ZipFileInflaterInputStream::<init>@5
                      ; - java.util.zip.ZipFile::getInputStream@216
                      ; - org.eclipse.osgi.storage.bundlefile.ZipBundleFile::doGetInputStream@5 (line 101)
                      ; - org.eclipse.osgi.storage.bundlefile.ZipBundleFile::doGetInputStream@5 (line 1)
                      ; - org.eclipse.osgi.storage.bundlefile.CloseableBundleFile::getInputStream@20 (line 487)
                      ; - org.eclipse.osgi.storage.bundlefile.ZipBundleEntry::getInputStream@8 (line 58)
                      ; - org.eclipse.osgi.storage.bundlefile.BundleEntry::getBytes@1 (line 97)
                      ; - org.eclipse.osgi.internal.loader.classpath.ClasspathManager::findClassImpl@109 (line 681)
  0x000002d08af87e64: 98bb 65ff 

  0x000002d08af87e68: ;   {other}
  0x000002d08af87e68: 0f1f 8400 | d86c 00b8 | baf6 ffff | ff48 8b6c | 2448 6690 

  0x000002d08af87e7c: ;   {runtime_call UncommonTrapBlob}
  0x000002d08af87e7c: c5f8 77e8 

  0x000002d08af87e80: ; ImmutableOopMap {rbp=Oop [56]=Oop [64]=Oop }
                      ;*invokevirtual replace {reexecute=0 rethrow=0 return_oop=0}
                      ; - org.eclipse.osgi.internal.loader.classpath.ClasspathManager::findClassImpl@81 (line 673)
  0x000002d08af87e80: 7cbb 65ff 

  0x000002d08af87e84: ;   {other}
  0x000002d08af87e84: 0f1f 8400 | f46c 00b9 | baf6 ffff | ff48 8b6c | 2448 4c89 | 5424 2090 

  0x000002d08af87e9c: ;   {runtime_call UncommonTrapBlob}
  0x000002d08af87e9c: c5f8 77e8 

  0x000002d08af87ea0: ; ImmutableOopMap {rbp=Oop [32]=Oop [56]=Oop [64]=Oop }
                      ;*arraylength {reexecute=0 rethrow=0 return_oop=0}
                      ; - java.lang.StringLatin1::replace@8
                      ; - java.lang.String::replace@18
                      ; - org.eclipse.osgi.internal.loader.classpath.ClasspathManager::findClassImpl@81 (line 673)
  0x000002d08af87ea0: 5cbb 65ff 

  0x000002d08af87ea4: ;   {other}
  0x000002d08af87ea4: 0f1f 8400 | 146d 00ba | baf6 ffff | ff4c 8b54 | 2430 4c89 | 5424 2090 

  0x000002d08af87ebc: ;   {runtime_call UncommonTrapBlob}
  0x000002d08af87ebc: c5f8 77e8 

  0x000002d08af87ec0: ; ImmutableOopMap {[32]=Oop [64]=Oop [72]=Oop [136]=Oop }
                      ;*invokevirtual findEntry {reexecute=0 rethrow=0 return_oop=0}
                      ; - org.eclipse.osgi.internal.loader.classpath.ClasspathManager::findClassImpl@95 (line 675)
  0x000002d08af87ec0: 3cbb 65ff 

  0x000002d08af87ec4: ;   {other}
  0x000002d08af87ec4: 0f1f 8400 | 346d 00bb | baf6 ffff | ff4c 8b54 | 2430 4c89 | 5424 204c | 8944 2428 

  0x000002d08af87ee0: ;   {runtime_call UncommonTrapBlob}
  0x000002d08af87ee0: c5f8 77e8 

  0x000002d08af87ee4: ; ImmutableOopMap {[32]=Oop [40]=Oop [64]=Oop [72]=Oop [136]=Oop }
                      ;*invokeinterface iterator {reexecute=0 rethrow=0 return_oop=0}
                      ; - org.eclipse.osgi.internal.loader.classpath.ClasspathEntry::findEntry@4 (line 203)
                      ; - org.eclipse.osgi.internal.loader.classpath.ClasspathManager::findClassImpl@95 (line 675)
  0x000002d08af87ee4: 18bb 65ff 

  0x000002d08af87ee8: ;   {other}
  0x000002d08af87ee8: 0f1f 8400 | 586d 00bc | baf6 ffff | ff4c 8b54 | 2430 4c89 | 5424 204c | 8944 2428 | 4c8b 5424 
  0x000002d08af87f08: 404c 8954 | 2430 6690 

  0x000002d08af87f10: ;   {runtime_call UncommonTrapBlob}
  0x000002d08af87f10: c5f8 77e8 

  0x000002d08af87f14: ; ImmutableOopMap {[32]=Oop [40]=Oop [48]=Oop [72]=Oop [136]=Oop }
                      ;*invokevirtual getEntry {reexecute=0 rethrow=0 return_oop=0}
                      ; - org.eclipse.osgi.internal.loader.classpath.ClasspathEntry::findEntry@52 (line 209)
                      ; - org.eclipse.osgi.internal.loader.classpath.ClasspathManager::findClassImpl@95 (line 675)
  0x000002d08af87f14: e8ba 65ff 

  0x000002d08af87f18: ;   {other}
  0x000002d08af87f18: 0f1f 8400 | 886d 00bd | baf6 ffff | ff48 8b6c | 2448 4c8b | 5424 304c | 8954 2420 | 4c8b 5424 
  0x000002d08af87f38: 404c 8954 | 2430 4489 | 4424 4890 

  0x000002d08af87f44: ;   {runtime_call UncommonTrapBlob}
  0x000002d08af87f44: c5f8 77e8 

  0x000002d08af87f48: ; ImmutableOopMap {rbp=Oop [32]=Oop [48]=Oop [72]=NarrowOop [120]=Oop [136]=Oop [144]=Oop }
                      ;*invokevirtual getInputStream {reexecute=0 rethrow=0 return_oop=0}
                      ; - org.eclipse.osgi.storage.bundlefile.ZipBundleEntry::getInputStream@8 (line 58)
                      ; - org.eclipse.osgi.storage.bundlefile.BundleEntry::getBytes@1 (line 97)
                      ; - org.eclipse.osgi.internal.loader.classpath.ClasspathManager::findClassImpl@109 (line 681)
  0x000002d08af87f48: b4ba 65ff 

  0x000002d08af87f4c: ;   {other}
  0x000002d08af87f4c: 0f1f 8400 | bc6d 00be | baf6 ffff | ff48 8b6c | 2448 4c8b | 5424 304c | 8954 2420 | 4c8b 5424 
  0x000002d08af87f6c: 404c 8954 | 2430 4489 | 4424 5444 | 8974 2458 

  0x000002d08af87f7c: ;   {runtime_call UncommonTrapBlob}
  0x000002d08af87f7c: c5f8 77e8 

  0x000002d08af87f80: ; ImmutableOopMap {rbp=Oop [32]=Oop [48]=Oop [84]=NarrowOop [88]=NarrowOop [120]=Oop [136]=Oop [144]=Oop [152]=Oop }
                      ;*invokevirtual lock {reexecute=0 rethrow=0 return_oop=0}
                      ; - org.eclipse.osgi.storage.bundlefile.CloseableBundleFile::lockOpen@4 (line 85)
                      ; - org.eclipse.osgi.storage.bundlefile.CloseableBundleFile::getInputStream@1 (line 483)
                      ; - org.eclipse.osgi.storage.bundlefile.ZipBundleEntry::getInputStream@8 (line 58)
                      ; - org.eclipse.osgi.storage.bundlefile.BundleEntry::getBytes@1 (line 97)
                      ; - org.eclipse.osgi.internal.loader.classpath.ClasspathManager::findClassImpl@109 (line 681)
  0x000002d08af87f80: 7cba 65ff 

  0x000002d08af87f84: ;   {other}
  0x000002d08af87f84: 0f1f 8400 | f46d 00bf | baf6 ffff | ff48 8b6c | 2448 4c8b | 5424 304c | 8954 2420 | 4c8b 5424 
  0x000002d08af87fa4: 404c 8954 | 2430 4489 | 4424 5444 | 8974 2458 

  0x000002d08af87fb4: ;   {runtime_call UncommonTrapBlob}
  0x000002d08af87fb4: c5f8 77e8 

  0x000002d08af87fb8: ; ImmutableOopMap {rbp=Oop [32]=Oop [48]=Oop [84]=NarrowOop [88]=NarrowOop [120]=Oop [136]=Oop [144]=Oop [152]=Oop }
                      ;*invokevirtual lock {reexecute=0 rethrow=0 return_oop=0}
                      ; - java.util.concurrent.locks.ReentrantLock::lock@4
                      ; - org.eclipse.osgi.storage.bundlefile.CloseableBundleFile::lockOpen@4 (line 85)
                      ; - org.eclipse.osgi.storage.bundlefile.CloseableBundleFile::getInputStream@1 (line 483)
                      ; - org.eclipse.osgi.storage.bundlefile.ZipBundleEntry::getInputStream@8 (line 58)
                      ; - org.eclipse.osgi.storage.bundlefile.BundleEntry::getBytes@1 (line 97)
                      ; - org.eclipse.osgi.internal.loader.classpath.ClasspathManager::findClassImpl@109 (line 681)
  0x000002d08af87fb8: 44ba 65ff 

  0x000002d08af87fbc: ;   {other}
  0x000002d08af87fbc: 0f1f 8400 | 2c6e 00c0 | baf6 ffff | ff48 8b6c | 2448 4c8b | 5424 304c | 8954 2420 | 4c8b 5424 
  0x000002d08af87fdc: 404c 8954 | 2430 4489 | 7424 5044 | 8944 2454 

  0x000002d08af87fec: ;   {runtime_call UncommonTrapBlob}
  0x000002d08af87fec: c5f8 77e8 

  0x000002d08af87ff0: ; ImmutableOopMap {rbp=Oop [32]=Oop [48]=Oop [80]=NarrowOop [84]=NarrowOop [120]=Oop [136]=Oop [144]=Oop [152]=Oop }
                      ;*invokevirtual getInputStream {reexecute=0 rethrow=0 return_oop=0}
                      ; - org.eclipse.osgi.storage.bundlefile.ZipBundleFile::doGetInputStream@5 (line 101)
                      ; - org.eclipse.osgi.storage.bundlefile.ZipBundleFile::doGetInputStream@5 (line 1)
                      ; - org.eclipse.osgi.storage.bundlefile.CloseableBundleFile::getInputStream@20 (line 487)
                      ; - org.eclipse.osgi.storage.bundlefile.ZipBundleEntry::getInputStream@8 (line 58)
                      ; - org.eclipse.osgi.storage.bundlefile.BundleEntry::getBytes@1 (line 97)
                      ; - org.eclipse.osgi.internal.loader.classpath.ClasspathManager::findClassImpl@109 (line 681)
  0x000002d08af87ff0: 0cba 65ff 

  0x000002d08af87ff4: ;   {other}
  0x000002d08af87ff4: 0f1f 8400 | 646e 00c1 | baf6 ffff | ff48 8b6c | 2448 4c8b | 5c24 304c | 895c 2420 | 4c8b 5c24 
  0x000002d08af88014: 404c 895c | 2430 4489 | 7424 504c | 8954 2458 | 4489 4424 | 5466 6690 

  0x000002d08af8802c: ;   {runtime_call UncommonTrapBlob}
  0x000002d08af8802c: c5f8 77e8 

  0x000002d08af88030: ; ImmutableOopMap {rbp=Oop [32]=Oop [48]=Oop [80]=NarrowOop [84]=NarrowOop [88]=Oop [120]=Oop [136]=Oop [144]=Oop [152]=Oop }
                      ;*getfield zsrc {reexecute=1 rethrow=0 return_oop=0}
                      ; - (reexecute) java.util.zip.ZipFile::getInputStream@11
                      ; - org.eclipse.osgi.storage.bundlefile.ZipBundleFile::doGetInputStream@5 (line 101)
                      ; - org.eclipse.osgi.storage.bundlefile.ZipBundleFile::doGetInputStream@5 (line 1)
                      ; - org.eclipse.osgi.storage.bundlefile.CloseableBundleFile::getInputStream@20 (line 487)
                      ; - org.eclipse.osgi.storage.bundlefile.ZipBundleEntry::getInputStream@8 (line 58)
                      ; - org.eclipse.osgi.storage.bundlefile.BundleEntry::getBytes@1 (line 97)
                      ; - org.eclipse.osgi.internal.loader.classpath.ClasspathManager::findClassImpl@109 (line 681)
  0x000002d08af88030: ccb9 65ff 

  0x000002d08af88034: ;   {other}
  0x000002d08af88034: 0f1f 8400 | a46e 00c2 | baf6 ffff | ff48 8b6c | 2448 488b | 4c24 3048 | 894c 2420 | 488b 4c24 
  0x000002d08af88054: 4048 894c | 2430 4489 | 7424 5044 | 8944 2454 | 4489 5c24 | 6044 894c | 2464 4c89 | 5424 684c 
  0x000002d08af88074: 8954 2470 

  0x000002d08af88078: ;   {runtime_call UncommonTrapBlob}
  0x000002d08af88078: c5f8 77e8 

  0x000002d08af8807c: ; ImmutableOopMap {rbp=Oop [32]=Oop [48]=Oop [80]=NarrowOop [84]=NarrowOop [96]=NarrowOop [100]=NarrowOop [104]=Oop [112]=Oop [120]=Oop [136]=Oop [144]=Oop [152]=Oop }
                      ;*getfield zsrc {reexecute=1 rethrow=0 return_oop=0}
                      ; - (reexecute) java.util.zip.ZipFile::ensureOpen@22
                      ; - java.util.zip.ZipFile::getInputStream@31
                      ; - org.eclipse.osgi.storage.bundlefile.ZipBundleFile::doGetInputStream@5 (line 101)
                      ; - org.eclipse.osgi.storage.bundlefile.ZipBundleFile::doGetInputStream@5 (line 1)
                      ; - org.eclipse.osgi.storage.bundlefile.CloseableBundleFile::getInputStream@20 (line 487)
                      ; - org.eclipse.osgi.storage.bundlefile.ZipBundleEntry::getInputStream@8 (line 58)
                      ; - org.eclipse.osgi.storage.bundlefile.BundleEntry::getBytes@1 (line 97)
                      ; - org.eclipse.osgi.internal.loader.classpath.ClasspathManager::findClassImpl@109 (line 681)
  0x000002d08af8807c: 80b9 65ff 

  0x000002d08af88080: ;   {other}
  0x000002d08af88080: 0f1f 8400 | f06e 00c3 | baf6 ffff | ff48 8b6c | 2448 4c8b | 5c24 304c | 895c 2420 | 4c8b 5c24 
  0x000002d08af880a0: 784c 895c | 2428 4c8b | 5c24 404c | 895c 2430 | 4c8b 9c24 | 8800 0000 | 4c89 5c24 | 3844 8974 
  0x000002d08af880c0: 2450 4489 | 4424 5444 | 894c 2460 | 4c89 5424 | 6848 897c | 2478 4c89 | 9424 8000 | 0000 6690 
  0x000002d08af880e0: ;   {runtime_call UncommonTrapBlob}
  0x000002d08af880e0: c5f8 77e8 

  0x000002d08af880e4: ; ImmutableOopMap {rbp=Oop [32]=Oop [40]=Oop [48]=Oop [56]=Oop [80]=NarrowOop [96]=NarrowOop [104]=Oop [120]=Oop [128]=Oop [144]=Oop [152]=Oop }
                      ;*getfield cen {reexecute=1 rethrow=0 return_oop=0}
                      ; - (reexecute) java.util.zip.ZipFile::getInputStream@84
                      ; - org.eclipse.osgi.storage.bundlefile.ZipBundleFile::doGetInputStream@5 (line 101)
                      ; - org.eclipse.osgi.storage.bundlefile.ZipBundleFile::doGetInputStream@5 (line 1)
                      ; - org.eclipse.osgi.storage.bundlefile.CloseableBundleFile::getInputStream@20 (line 487)
                      ; - org.eclipse.osgi.storage.bundlefile.ZipBundleEntry::getInputStream@8 (line 58)
                      ; - org.eclipse.osgi.storage.bundlefile.BundleEntry::getBytes@1 (line 97)
                      ; - org.eclipse.osgi.internal.loader.classpath.ClasspathManager::findClassImpl@109 (line 681)
  0x000002d08af880e4: 18b9 65ff 

  0x000002d08af880e8: ;   {other}
  0x000002d08af880e8: 0f1f 8400 | 586f 00c4 | baf6 ffff | ff48 8b6c | 2448 488b | 4c24 3048 | 894c 2420 | 488b 4c24 
  0x000002d08af88108: 7848 894c | 2428 488b | 4c24 4048 | 894c 2430 | 4489 7424 | 5044 8944 | 2454 4489 | 5c24 6044 
  0x000002d08af88128: 894c 2464 | 4c89 5424 | 6848 897c | 2470 4c89 | 5424 7889 | 9c24 8000 | 0000 6690 

  0x000002d08af88144: ;   {runtime_call UncommonTrapBlob}
  0x000002d08af88144: c5f8 77e8 

  0x000002d08af88148: ; ImmutableOopMap {rbp=Oop [32]=Oop [40]=Oop [48]=Oop [80]=NarrowOop [96]=NarrowOop [100]=NarrowOop [104]=Oop [112]=Oop [120]=Oop [136]=Oop [144]=Oop [152]=Oop }
                      ;*baload {reexecute=0 rethrow=0 return_oop=0}
                      ; - java.util.zip.ZipUtils::SH@2
                      ; - java.util.zip.ZipUtils::LG@2
                      ; - java.util.zip.ZipUtils::CENSIZ@5
                      ; - java.util.zip.ZipFile$ZipFileInputStream::<init>@12
                      ; - java.util.zip.ZipFile::getInputStream@88
                      ; - org.eclipse.osgi.storage.bundlefile.ZipBundleFile::doGetInputStream@5 (line 101)
                      ; - org.eclipse.osgi.storage.bundlefile.ZipBundleFile::doGetInputStream@5 (line 1)
                      ; - org.eclipse.osgi.storage.bundlefile.CloseableBundleFile::getInputStream@20 (line 487)
                      ; - org.eclipse.osgi.storage.bundlefile.ZipBundleEntry::getInputStream@8 (line 58)
                      ; - org.eclipse.osgi.storage.bundlefile.BundleEntry::getBytes@1 (line 97)
                      ; - org.eclipse.osgi.internal.loader.classpath.ClasspathManager::findClassImpl@109 (line 681)
  0x000002d08af88148: b4b8 65ff 

  0x000002d08af8814c: ;   {other}
  0x000002d08af8814c: 0f1f 8400 | bc6f 00c5 | baf6 ffff | ff48 8b6c | 2448 4c8b | 5424 304c | 8954 2428 | 4c8b 5424 
  0x000002d08af8816c: 784c 8954 | 2430 448b | 5c24 3c44 | 895c 2424 | c5fa 1144 | 243c 4c89 | 6c24 704c | 896c 2478 
  0x000002d08af8818c: ;   {runtime_call UncommonTrapBlob}
  0x000002d08af8818c: c5f8 77e8 

  0x000002d08af88190: ; ImmutableOopMap {rbp=Oop [32]=NarrowOop [40]=Oop [48]=Oop [56]=NarrowOop [60]=NarrowOop [64]=Oop [88]=Oop [112]=Oop [120]=Oop [136]=Oop [144]=Oop [152]=Oop }
                      ;*getfield zsrc {reexecute=1 rethrow=0 return_oop=0}
                      ; - (reexecute) java.util.zip.ZipFile$ZipFileInputStream::<init>@84
                      ; - java.util.zip.ZipFile::getInputStream@88
                      ; - org.eclipse.osgi.storage.bundlefile.ZipBundleFile::doGetInputStream@5 (line 101)
                      ; - org.eclipse.osgi.storage.bundlefile.ZipBundleFile::doGetInputStream@5 (line 1)
                      ; - org.eclipse.osgi.storage.bundlefile.CloseableBundleFile::getInputStream@20 (line 487)
                      ; - org.eclipse.osgi.storage.bundlefile.ZipBundleEntry::getInputStream@8 (line 58)
                      ; - org.eclipse.osgi.storage.bundlefile.BundleEntry::getBytes@1 (line 97)
                      ; - org.eclipse.osgi.internal.loader.classpath.ClasspathManager::findClassImpl@109 (line 681)
  0x000002d08af88190: 6cb8 65ff 

  0x000002d08af88194: ;   {other}
  0x000002d08af88194: 0f1f 8400 | 0470 00c6 | baf6 ffff | ff48 8b6c | 2448 4c8b | 5424 304c | 8954 2428 | 4c8b 5424 
  0x000002d08af881b4: 784c 8954 | 2430 448b | 5424 3c44 | 8954 2424 | c5fa 1144 | 243c 4c89 | 6c24 704c | 896c 2478 
  0x000002d08af881d4: ;   {runtime_call UncommonTrapBlob}
  0x000002d08af881d4: c5f8 77e8 

  0x000002d08af881d8: ; ImmutableOopMap {rbp=Oop [32]=NarrowOop [40]=Oop [48]=Oop [56]=NarrowOop [60]=NarrowOop [64]=Oop [88]=Oop [112]=Oop [120]=Oop [136]=Oop [144]=Oop [152]=Oop }
                      ;*getfield locpos {reexecute=1 rethrow=0 return_oop=0}
                      ; - (reexecute) java.util.zip.ZipFile$ZipFileInputStream::<init>@87
                      ; - java.util.zip.ZipFile::getInputStream@88
                      ; - org.eclipse.osgi.storage.bundlefile.ZipBundleFile::doGetInputStream@5 (line 101)
                      ; - org.eclipse.osgi.storage.bundlefile.ZipBundleFile::doGetInputStream@5 (line 1)
                      ; - org.eclipse.osgi.storage.bundlefile.CloseableBundleFile::getInputStream@20 (line 487)
                      ; - org.eclipse.osgi.storage.bundlefile.ZipBundleEntry::getInputStream@8 (line 58)
                      ; - org.eclipse.osgi.storage.bundlefile.BundleEntry::getBytes@1 (line 97)
                      ; - org.eclipse.osgi.internal.loader.classpath.ClasspathManager::findClassImpl@109 (line 681)
  0x000002d08af881d8: 24b8 65ff 

  0x000002d08af881dc: ;   {other}
  0x000002d08af881dc: 0f1f 8400 | 4c70 00c7 | baf6 ffff | ff48 8b6c | 2448 4c8b | 5424 784c | 8954 2448 | 448b 5424 
  0x000002d08af881fc: 3c44 8954 | 2424 c5fa | 1144 243c | 4489 8424 | 8000 0000 

  0x000002d08af88210: ;   {runtime_call UncommonTrapBlob}
  0x000002d08af88210: c5f8 77e8 

  0x000002d08af88214: ; ImmutableOopMap {rbp=Oop [32]=NarrowOop [40]=Oop [48]=Oop [56]=NarrowOop [60]=NarrowOop [64]=Oop [72]=Oop [88]=Oop [136]=Oop [144]=Oop [152]=Oop }
                      ;*baload {reexecute=0 rethrow=0 return_oop=0}
                      ; - java.util.zip.ZipUtils::SH@2
                      ; - java.util.zip.ZipUtils::CENHOW@5
                      ; - java.util.zip.ZipFile::getInputStream@98
                      ; - org.eclipse.osgi.storage.bundlefile.ZipBundleFile::doGetInputStream@5 (line 101)
                      ; - org.eclipse.osgi.storage.bundlefile.ZipBundleFile::doGetInputStream@5 (line 1)
                      ; - org.eclipse.osgi.storage.bundlefile.CloseableBundleFile::getInputStream@20 (line 487)
                      ; - org.eclipse.osgi.storage.bundlefile.ZipBundleEntry::getInputStream@8 (line 58)
                      ; - org.eclipse.osgi.storage.bundlefile.BundleEntry::getBytes@1 (line 97)
                      ; - org.eclipse.osgi.internal.loader.classpath.ClasspathManager::findClassImpl@109 (line 681)
  0x000002d08af88214: e8b7 65ff 

  0x000002d08af88218: ;   {other}
  0x000002d08af88218: 0f1f 8400 | 8870 00c8 | baf6 ffff | ff48 8b6c | 2448 4c8b | 5424 304c | 8954 2428 | 448b 5424 
  0x000002d08af88238: 3844 8954 | 2424 4889 | 4424 604c | 8944 2468 

  0x000002d08af88248: ;   {runtime_call UncommonTrapBlob}
  0x000002d08af88248: c5f8 77e8 

  0x000002d08af8824c: ; ImmutableOopMap {rbp=Oop [32]=NarrowOop [36]=NarrowOop [40]=Oop [64]=Oop [96]=Oop [104]=Oop [120]=Oop [136]=Oop [144]=Oop [152]=Oop }
                      ;*invokevirtual getInflater {reexecute=0 rethrow=0 return_oop=0}
                      ; - java.util.zip.ZipFile$ZipFileInflaterInputStream::<init>@5
                      ; - java.util.zip.ZipFile::getInputStream@216
                      ; - org.eclipse.osgi.storage.bundlefile.ZipBundleFile::doGetInputStream@5 (line 101)
                      ; - org.eclipse.osgi.storage.bundlefile.ZipBundleFile::doGetInputStream@5 (line 1)
                      ; - org.eclipse.osgi.storage.bundlefile.CloseableBundleFile::getInputStream@20 (line 487)
                      ; - org.eclipse.osgi.storage.bundlefile.ZipBundleEntry::getInputStream@8 (line 58)
                      ; - org.eclipse.osgi.storage.bundlefile.BundleEntry::getBytes@1 (line 97)
                      ; - org.eclipse.osgi.internal.loader.classpath.ClasspathManager::findClassImpl@109 (line 681)
  0x000002d08af8824c: b0b7 65ff 

  0x000002d08af88250: ;   {other}
  0x000002d08af88250: 0f1f 8400 | c070 00c9 | baf6 ffff | ff48 8b6c | 2448 4c8b | 5424 784c | 8954 2448 | 4c8b 9424 
  0x000002d08af88270: 8800 0000 | 4c89 5424 | 504c 8b94 | 2490 0000 | 004c 8954 | 2478 448b | 5c24 3844 | 895c 2424 
  0x000002d08af88290: 448b 5424 | 7044 8954 | 2438 6690 

  0x000002d08af8829c: ;   {runtime_call UncommonTrapBlob}
  0x000002d08af8829c: c5f8 77e8 

  0x000002d08af882a0: ; ImmutableOopMap {rbp=Oop [32]=NarrowOop [36]=NarrowOop [40]=Oop [48]=Oop [60]=NarrowOop [64]=Oop [72]=Oop [80]=Oop [88]=Oop [100]=NarrowOop [104]=Oop [120]=Oop [152]=Oop }
                      ;*invokeinterface poll {reexecute=0 rethrow=0 return_oop=0}
                      ; - java.util.zip.ZipFile$CleanableResource::getInflater@11
                      ; - java.util.zip.ZipFile$ZipFileInflaterInputStream::<init>@5
                      ; - java.util.zip.ZipFile::getInputStream@216
                      ; - org.eclipse.osgi.storage.bundlefile.ZipBundleFile::doGetInputStream@5 (line 101)
                      ; - org.eclipse.osgi.storage.bundlefile.ZipBundleFile::doGetInputStream@5 (line 1)
                      ; - org.eclipse.osgi.storage.bundlefile.CloseableBundleFile::getInputStream@20 (line 487)
                      ; - org.eclipse.osgi.storage.bundlefile.ZipBundleEntry::getInputStream@8 (line 58)
                      ; - org.eclipse.osgi.storage.bundlefile.BundleEntry::getBytes@1 (line 97)
                      ; - org.eclipse.osgi.internal.loader.classpath.ClasspathManager::findClassImpl@109 (line 681)
  0x000002d08af882a0: 5cb7 65ff 

  0x000002d08af882a4: ;   {other}
  0x000002d08af882a4: 0f1f 8400 | 1471 00ca | baf6 ffff | ff48 8b6c | 2448 4c8b | 5424 784c | 8954 2448 | 4c8b 9424 
  0x000002d08af882c4: 8800 0000 | 4c89 5424 | 504c 8b94 | 2490 0000 | 004c 8954 | 2478 4c8b | 9424 9800 | 0000 4c89 
  0x000002d08af882e4: 9424 8000 | 0000 448b | 5c24 3844 | 895c 2424 | 448b 5424 | 7044 8954 | 2438 4489 | 8424 9800 
  0x000002d08af88304: 0000 6690 

  0x000002d08af88308: ;   {runtime_call UncommonTrapBlob}
  0x000002d08af88308: c5f8 77e8 

  0x000002d08af8830c: ; ImmutableOopMap {rbp=Oop [32]=NarrowOop [36]=NarrowOop [40]=Oop [48]=Oop [60]=NarrowOop [64]=Oop [72]=Oop [80]=Oop [88]=Oop [100]=NarrowOop [104]=Oop [120]=Oop [128]=Oop }
                      ;*aaload {reexecute=0 rethrow=0 return_oop=0}
                      ; - java.util.ArrayDeque::elementAt@2
                      ; - java.util.ArrayDeque::pollFirst@12
                      ; - java.util.ArrayDeque::poll@1
                      ; - java.util.zip.ZipFile$CleanableResource::getInflater@11
                      ; - java.util.zip.ZipFile$ZipFileInflaterInputStream::<init>@5
                      ; - java.util.zip.ZipFile::getInputStream@216
                      ; - org.eclipse.osgi.storage.bundlefile.ZipBundleFile::doGetInputStream@5 (line 101)
                      ; - org.eclipse.osgi.storage.bundlefile.ZipBundleFile::doGetInputStream@5 (line 1)
                      ; - org.eclipse.osgi.storage.bundlefile.CloseableBundleFile::getInputStream@20 (line 487)
                      ; - org.eclipse.osgi.storage.bundlefile.ZipBundleEntry::getInputStream@8 (line 58)
                      ; - org.eclipse.osgi.storage.bundlefile.BundleEntry::getBytes@1 (line 97)
                      ; - org.eclipse.osgi.internal.loader.classpath.ClasspathManager::findClassImpl@109 (line 681)
  0x000002d08af8830c: f0b6 65ff 

  0x000002d08af88310: ;   {other}
  0x000002d08af88310: 0f1f 8400 | 8071 00cb | baf6 ffff | ff48 8b6c | 2448 448b | 5c24 3844 | 895c 2424 | 4c8b 5424 
  0x000002d08af88330: 584c 8954 | 2438 6690 

  0x000002d08af88338: ;   {runtime_call UncommonTrapBlob}
  0x000002d08af88338: c5f8 77e8 

  0x000002d08af8833c: ; ImmutableOopMap {rbp=Oop [32]=NarrowOop [36]=NarrowOop [40]=Oop [48]=Oop [56]=Oop [64]=Oop [120]=Oop [136]=Oop [144]=Oop [152]=Oop }
                      ;*invokeinterface apply {reexecute=0 rethrow=0 return_oop=0}
                      ; - jdk.internal.ref.CleanerImpl::getCleanerImpl@4
                      ; - jdk.internal.ref.PhantomCleanable::<init>@6
                      ; - jdk.internal.ref.CleanerImpl$PhantomCleanableRef::<init>@3
                      ; - java.lang.ref.Cleaner::register@21
                      ; - java.util.zip.ZipFile$ZipFileInflaterInputStream::<init>@34
                      ; - java.util.zip.ZipFile$ZipFileInflaterInputStream::<init>@10
                      ; - java.util.zip.ZipFile::getInputStream@216
                      ; - org.eclipse.osgi.storage.bundlefile.ZipBundleFile::doGetInputStream@5 (line 101)
                      ; - org.eclipse.osgi.storage.bundlefile.ZipBundleFile::doGetInputStream@5 (line 1)
                      ; - org.eclipse.osgi.storage.bundlefile.CloseableBundleFile::getInputStream@20 (line 487)
                      ; - org.eclipse.osgi.storage.bundlefile.ZipBundleEntry::getInputStream@8 (line 58)
                      ; - org.eclipse.osgi.storage.bundlefile.BundleEntry::getBytes@1 (line 97)
                      ; - org.eclipse.osgi.internal.loader.classpath.ClasspathManager::findClassImpl@109 (line 681)
  0x000002d08af8833c: c0b6 65ff 

  0x000002d08af88340: ;   {other}
  0x000002d08af88340: 0f1f 8400 | b071 00cc | ba5e ffff | ff48 8b6c | 2448 448b | 5c24 3844 | 895c 2424 | 4c8b 5424 
  0x000002d08af88360: 584c 8954 | 2438 6690 

  0x000002d08af88368: ;   {runtime_call UncommonTrapBlob}
  0x000002d08af88368: c5f8 77e8 

  0x000002d08af8836c: ; ImmutableOopMap {rbp=Oop [32]=NarrowOop [36]=NarrowOop [40]=Oop [48]=Oop [56]=Oop [64]=Oop [120]=Oop [136]=Oop [144]=Oop [152]=Oop }
                      ;*getfield queue {reexecute=1 rethrow=0 return_oop=0}
                      ; - (reexecute) jdk.internal.ref.PhantomCleanable::<init>@9
                      ; - jdk.internal.ref.CleanerImpl$PhantomCleanableRef::<init>@3
                      ; - java.lang.ref.Cleaner::register@21
                      ; - java.util.zip.ZipFile$ZipFileInflaterInputStream::<init>@34
                      ; - java.util.zip.ZipFile$ZipFileInflaterInputStream::<init>@10
                      ; - java.util.zip.ZipFile::getInputStream@216
                      ; - org.eclipse.osgi.storage.bundlefile.ZipBundleFile::doGetInputStream@5 (line 101)
                      ; - org.eclipse.osgi.storage.bundlefile.ZipBundleFile::doGetInputStream@5 (line 1)
                      ; - org.eclipse.osgi.storage.bundlefile.CloseableBundleFile::getInputStream@20 (line 487)
                      ; - org.eclipse.osgi.storage.bundlefile.ZipBundleEntry::getInputStream@8 (line 58)
                      ; - org.eclipse.osgi.storage.bundlefile.BundleEntry::getBytes@1 (line 97)
                      ; - org.eclipse.osgi.internal.loader.classpath.ClasspathManager::findClassImpl@109 (line 681)
  0x000002d08af8836c: 90b6 65ff 

  0x000002d08af88370: ;   {other}
  0x000002d08af88370: 0f1f 8400 | e071 00cd | baf6 ffff | ff48 8b6c | 2448 448b | 5c24 3844 | 895c 2424 | 4c8b 5424 
  0x000002d08af88390: 584c 8954 | 2438 6690 

  0x000002d08af88398: ;   {runtime_call UncommonTrapBlob}
  0x000002d08af88398: c5f8 77e8 

  0x000002d08af8839c: ; ImmutableOopMap {rbp=Oop [32]=NarrowOop [36]=NarrowOop [40]=Oop [48]=Oop [56]=Oop [64]=Oop [120]=Oop [136]=Oop [144]=Oop [152]=Oop }
                      ;*invokeinterface apply {reexecute=0 rethrow=0 return_oop=0}
                      ; - jdk.internal.ref.CleanerImpl::getCleanerImpl@4
                      ; - jdk.internal.ref.PhantomCleanable::<init>@27
                      ; - jdk.internal.ref.CleanerImpl$PhantomCleanableRef::<init>@3
                      ; - java.lang.ref.Cleaner::register@21
                      ; - java.util.zip.ZipFile$ZipFileInflaterInputStream::<init>@34
                      ; - java.util.zip.ZipFile$ZipFileInflaterInputStream::<init>@10
                      ; - java.util.zip.ZipFile::getInputStream@216
                      ; - org.eclipse.osgi.storage.bundlefile.ZipBundleFile::doGetInputStream@5 (line 101)
                      ; - org.eclipse.osgi.storage.bundlefile.ZipBundleFile::doGetInputStream@5 (line 1)
                      ; - org.eclipse.osgi.storage.bundlefile.CloseableBundleFile::getInputStream@20 (line 487)
                      ; - org.eclipse.osgi.storage.bundlefile.ZipBundleEntry::getInputStream@8 (line 58)
                      ; - org.eclipse.osgi.storage.bundlefile.BundleEntry::getBytes@1 (line 97)
                      ; - org.eclipse.osgi.internal.loader.classpath.ClasspathManager::findClassImpl@109 (line 681)
  0x000002d08af8839c: 60b6 65ff 

  0x000002d08af883a0: ;   {other}
  0x000002d08af883a0: 0f1f 8400 | 1072 00ce | ba5e ffff | ff48 8b6c | 2448 448b | 5c24 3844 | 895c 2424 | 4c8b 5424 
  0x000002d08af883c0: 584c 8954 | 2438 6690 

  0x000002d08af883c8: ;   {runtime_call UncommonTrapBlob}
  0x000002d08af883c8: c5f8 77e8 

  0x000002d08af883cc: ; ImmutableOopMap {rbp=Oop [32]=NarrowOop [36]=NarrowOop [40]=Oop [48]=Oop [56]=Oop [64]=Oop [120]=Oop [136]=Oop [144]=Oop [152]=Oop }
                      ;*getfield phantomCleanableList {reexecute=1 rethrow=0 return_oop=0}
                      ; - (reexecute) jdk.internal.ref.PhantomCleanable::<init>@30
                      ; - jdk.internal.ref.CleanerImpl$PhantomCleanableRef::<init>@3
                      ; - java.lang.ref.Cleaner::register@21
                      ; - java.util.zip.ZipFile$ZipFileInflaterInputStream::<init>@34
                      ; - java.util.zip.ZipFile$ZipFileInflaterInputStream::<init>@10
                      ; - java.util.zip.ZipFile::getInputStream@216
                      ; - org.eclipse.osgi.storage.bundlefile.ZipBundleFile::doGetInputStream@5 (line 101)
                      ; - org.eclipse.osgi.storage.bundlefile.ZipBundleFile::doGetInputStream@5 (line 1)
                      ; - org.eclipse.osgi.storage.bundlefile.CloseableBundleFile::getInputStream@20 (line 487)
                      ; - org.eclipse.osgi.storage.bundlefile.ZipBundleEntry::getInputStream@8 (line 58)
                      ; - org.eclipse.osgi.storage.bundlefile.BundleEntry::getBytes@1 (line 97)
                      ; - org.eclipse.osgi.internal.loader.classpath.ClasspathManager::findClassImpl@109 (line 681)
  0x000002d08af883cc: 30b6 65ff 

  0x000002d08af883d0: ;   {other}
  0x000002d08af883d0: 0f1f 8400 | 4072 00cf | baf6 ffff | ff4c 8b54 | 2478 4c89 | 5424 504c | 8b94 2488 | 0000 004c 
  0x000002d08af883f0: 8954 2468 | 4c8b 9424 | 9000 0000 | 4c89 5424 | 704c 8b94 | 2498 0000 | 004c 8954 | 2478 448b 
  0x000002d08af88410: 5424 3844 | 8954 2424 | 4c8b 5424 | 584c 8954 | 2438 4c89 | 8424 9000 | 0000 4c89 | 8424 a000 
  0x000002d08af88430: 0000 6690 

  0x000002d08af88434: ;   {runtime_call UncommonTrapBlob}
  0x000002d08af88434: c5f8 77e8 

  0x000002d08af88438: ; ImmutableOopMap {rbp=NarrowOop [32]=NarrowOop [36]=NarrowOop [40]=Oop [48]=Oop [56]=Oop [64]=Oop [72]=Oop [80]=Oop [96]=Oop [104]=Oop [112]=Oop [120]=Oop [144]=Oop [160]=Oop }
                      ;*putfield prev {reexecute=1 rethrow=0 return_oop=0}
                      ; - (reexecute) jdk.internal.ref.PhantomCleanable::insert@31
                      ; - jdk.internal.ref.PhantomCleanable::<init>@37
                      ; - jdk.internal.ref.CleanerImpl$PhantomCleanableRef::<init>@3
                      ; - java.lang.ref.Cleaner::register@21
                      ; - java.util.zip.ZipFile$ZipFileInflaterInputStream::<init>@34
                      ; - java.util.zip.ZipFile$ZipFileInflaterInputStream::<init>@10
                      ; - java.util.zip.ZipFile::getInputStream@216
                      ; - org.eclipse.osgi.storage.bundlefile.ZipBundleFile::doGetInputStream@5 (line 101)
                      ; - org.eclipse.osgi.storage.bundlefile.ZipBundleFile::doGetInputStream@5 (line 1)
                      ; - org.eclipse.osgi.storage.bundlefile.CloseableBundleFile::getInputStream@20 (line 487)
                      ; - org.eclipse.osgi.storage.bundlefile.ZipBundleEntry::getInputStream@8 (line 58)
                      ; - org.eclipse.osgi.storage.bundlefile.BundleEntry::getBytes@1 (line 97)
                      ; - org.eclipse.osgi.internal.loader.classpath.ClasspathManager::findClassImpl@109 (line 681)
  0x000002d08af88438: c4b5 65ff 

  0x000002d08af8843c: ;   {other}
  0x000002d08af8843c: 0f1f 8400 | ac72 00d0 | baf6 ffff | ff48 8b6c | 2448 4c89 | 4c24 6090 

  0x000002d08af88454: ;   {runtime_call UncommonTrapBlob}
  0x000002d08af88454: c5f8 77e8 

  0x000002d08af88458: ; ImmutableOopMap {rbp=Oop [32]=NarrowOop [40]=Oop [48]=Oop [64]=Oop [96]=Oop [120]=Oop [136]=Oop [144]=Oop [152]=Oop }
                      ;*monitorenter {reexecute=0 rethrow=0 return_oop=0}
                      ; - java.util.zip.ZipFile::getInputStream@226
                      ; - org.eclipse.osgi.storage.bundlefile.ZipBundleFile::doGetInputStream@5 (line 101)
                      ; - org.eclipse.osgi.storage.bundlefile.ZipBundleFile::doGetInputStream@5 (line 1)
                      ; - org.eclipse.osgi.storage.bundlefile.CloseableBundleFile::getInputStream@20 (line 487)
                      ; - org.eclipse.osgi.storage.bundlefile.ZipBundleEntry::getInputStream@8 (line 58)
                      ; - org.eclipse.osgi.storage.bundlefile.BundleEntry::getBytes@1 (line 97)
                      ; - org.eclipse.osgi.internal.loader.classpath.ClasspathManager::findClassImpl@109 (line 681)
  0x000002d08af88458: a4b5 65ff 

  0x000002d08af8845c: ;   {other}
  0x000002d08af8845c: 0f1f 8400 | cc72 00d1 | baf6 ffff | ff48 8b6c | 2448 4c8b | 5424 784c | 8954 2438 | 4c89 4424 
  0x000002d08af8847c: 784c 898c | 2480 0000 | 0066 6690 

  0x000002d08af88488: ;   {runtime_call UncommonTrapBlob}
  0x000002d08af88488: c5f8 77e8 

  0x000002d08af8848c: ; ImmutableOopMap {rbp=Oop [32]=NarrowOop [40]=Oop [48]=Oop [56]=Oop [64]=Oop [120]=Oop [128]=Oop [136]=Oop [144]=Oop [152]=Oop }
                      ;*invokeinterface put {reexecute=0 rethrow=0 return_oop=0}
                      ; - java.util.Collections$SetFromMap::add@8
                      ; - java.util.zip.ZipFile::getInputStream@231
                      ; - org.eclipse.osgi.storage.bundlefile.ZipBundleFile::doGetInputStream@5 (line 101)
                      ; - org.eclipse.osgi.storage.bundlefile.ZipBundleFile::doGetInputStream@5 (line 1)
                      ; - org.eclipse.osgi.storage.bundlefile.CloseableBundleFile::getInputStream@20 (line 487)
                      ; - org.eclipse.osgi.storage.bundlefile.ZipBundleEntry::getInputStream@8 (line 58)
                      ; - org.eclipse.osgi.storage.bundlefile.BundleEntry::getBytes@1 (line 97)
                      ; - org.eclipse.osgi.internal.loader.classpath.ClasspathManager::findClassImpl@109 (line 681)
  0x000002d08af8848c: 70b5 65ff 

  0x000002d08af88490: ;   {other}
  0x000002d08af88490: 0f1f 8400 | 0073 00d2 | baf6 ffff | ff48 8b6c | 2448 4c8b | 5c24 304c | 895c 2420 | 4c8b 5c24 
  0x000002d08af884b0: 404c 895c | 2430 4889 | 7424 5844 | 8954 2454 

  0x000002d08af884c0: ;   {runtime_call UncommonTrapBlob}
  0x000002d08af884c0: c5f8 77e8 

  0x000002d08af884c4: ; ImmutableOopMap {rbp=Oop [32]=Oop [48]=Oop [84]=NarrowOop [88]=Oop [120]=Oop [136]=Oop [144]=Oop [152]=Oop }
                      ;*invokevirtual lock {reexecute=0 rethrow=0 return_oop=0}
                      ; - org.eclipse.osgi.storage.bundlefile.CloseableBundleFile::incrementReference@4 (line 451)
                      ; - org.eclipse.osgi.storage.bundlefile.CloseableBundleFile$BundleEntryInputStream::<init>@16 (line 513)
                      ; - org.eclipse.osgi.storage.bundlefile.CloseableBundleFile::getInputStream@37 (line 489)
                      ; - org.eclipse.osgi.storage.bundlefile.ZipBundleEntry::getInputStream@8 (line 58)
                      ; - org.eclipse.osgi.storage.bundlefile.BundleEntry::getBytes@1 (line 97)
                      ; - org.eclipse.osgi.internal.loader.classpath.ClasspathManager::findClassImpl@109 (line 681)
  0x000002d08af884c4: 38b5 65ff 

  0x000002d08af884c8: ;   {other}
  0x000002d08af884c8: 0f1f 8400 | 3873 00d3 | baf6 ffff | ff48 8b6c | 2448 4c8b | 5c24 304c | 895c 2420 | 4c8b 5c24 
  0x000002d08af884e8: 404c 895c | 2430 4889 | 7424 5844 | 8954 2454 

  0x000002d08af884f8: ;   {runtime_call UncommonTrapBlob}
  0x000002d08af884f8: c5f8 77e8 

  0x000002d08af884fc: ; ImmutableOopMap {rbp=Oop [32]=Oop [48]=Oop [84]=NarrowOop [88]=Oop [120]=Oop [136]=Oop [144]=Oop [152]=Oop }
                      ;*invokevirtual lock {reexecute=0 rethrow=0 return_oop=0}
                      ; - java.util.concurrent.locks.ReentrantLock::lock@4
                      ; - org.eclipse.osgi.storage.bundlefile.CloseableBundleFile::incrementReference@4 (line 451)
                      ; - org.eclipse.osgi.storage.bundlefile.CloseableBundleFile$BundleEntryInputStream::<init>@16 (line 513)
                      ; - org.eclipse.osgi.storage.bundlefile.CloseableBundleFile::getInputStream@37 (line 489)
                      ; - org.eclipse.osgi.storage.bundlefile.ZipBundleEntry::getInputStream@8 (line 58)
                      ; - org.eclipse.osgi.storage.bundlefile.BundleEntry::getBytes@1 (line 97)
                      ; - org.eclipse.osgi.internal.loader.classpath.ClasspathManager::findClassImpl@109 (line 681)
  0x000002d08af884fc: 00b5 65ff 

  0x000002d08af88500: ;   {other}
  0x000002d08af88500: 0f1f 8400 | 7073 00d4 | baf6 ffff | ff48 8b6c | 2448 4c8b | 5c24 304c | 895c 2420 | 4c8b 5c24 
  0x000002d08af88520: 404c 895c | 2430 4489 | 5424 5048 | 8974 2458 

  0x000002d08af88530: ;   {runtime_call UncommonTrapBlob}
  0x000002d08af88530: c5f8 77e8 

  0x000002d08af88534: ; ImmutableOopMap {rbp=Oop [32]=Oop [48]=Oop [80]=NarrowOop [88]=Oop [120]=Oop [136]=Oop [144]=Oop [152]=Oop }
                      ;*invokevirtual unlock {reexecute=0 rethrow=0 return_oop=0}
                      ; - org.eclipse.osgi.storage.bundlefile.CloseableBundleFile::incrementReference@34 (line 455)
                      ; - org.eclipse.osgi.storage.bundlefile.CloseableBundleFile$BundleEntryInputStream::<init>@16 (line 513)
                      ; - org.eclipse.osgi.storage.bundlefile.CloseableBundleFile::getInputStream@37 (line 489)
                      ; - org.eclipse.osgi.storage.bundlefile.ZipBundleEntry::getInputStream@8 (line 58)
                      ; - org.eclipse.osgi.storage.bundlefile.BundleEntry::getBytes@1 (line 97)
                      ; - org.eclipse.osgi.internal.loader.classpath.ClasspathManager::findClassImpl@109 (line 681)
  0x000002d08af88534: c8b4 65ff 

  0x000002d08af88538: ;   {other}
  0x000002d08af88538: 0f1f 8400 | a873 00d5 | baf6 ffff | ff48 8b6c | 2448 4c8b | 5c24 304c | 895c 2420 | 4c8b 5c24 
  0x000002d08af88558: 404c 895c | 2430 4489 | 5424 5048 | 8974 2458 

  0x000002d08af88568: ;   {runtime_call UncommonTrapBlob}
  0x000002d08af88568: c5f8 77e8 

  0x000002d08af8856c: ; ImmutableOopMap {rbp=Oop [32]=Oop [48]=Oop [80]=NarrowOop [88]=Oop [120]=Oop [136]=Oop [144]=Oop [152]=Oop }
                      ;*invokevirtual release {reexecute=0 rethrow=0 return_oop=0}
                      ; - java.util.concurrent.locks.ReentrantLock::unlock@5
                      ; - org.eclipse.osgi.storage.bundlefile.CloseableBundleFile::incrementReference@34 (line 455)
                      ; - org.eclipse.osgi.storage.bundlefile.CloseableBundleFile$BundleEntryInputStream::<init>@16 (line 513)
                      ; - org.eclipse.osgi.storage.bundlefile.CloseableBundleFile::getInputStream@37 (line 489)
                      ; - org.eclipse.osgi.storage.bundlefile.ZipBundleEntry::getInputStream@8 (line 58)
                      ; - org.eclipse.osgi.storage.bundlefile.BundleEntry::getBytes@1 (line 97)
                      ; - org.eclipse.osgi.internal.loader.classpath.ClasspathManager::findClassImpl@109 (line 681)
  0x000002d08af8856c: 90b4 65ff 

  0x000002d08af88570: ;   {other}
  0x000002d08af88570: 0f1f 8400 | e073 00d6 | baf6 ffff | ff48 8b6c | 2448 4c8b | 5424 304c | 8954 2420 | 4c8b 5424 
  0x000002d08af88590: 404c 8954 | 2430 4889 | 7424 5090 

  0x000002d08af8859c: ;   {runtime_call UncommonTrapBlob}
  0x000002d08af8859c: c5f8 77e8 

  0x000002d08af885a0: ; ImmutableOopMap {rbp=Oop [32]=Oop [48]=Oop [80]=Oop [120]=Oop [136]=Oop [144]=Oop [152]=Oop }
                      ;*invokevirtual unlock {reexecute=0 rethrow=0 return_oop=0}
                      ; - org.eclipse.osgi.storage.bundlefile.CloseableBundleFile::releaseOpen@4 (line 122)
                      ; - org.eclipse.osgi.storage.bundlefile.CloseableBundleFile::getInputStream@45 (line 493)
                      ; - org.eclipse.osgi.storage.bundlefile.ZipBundleEntry::getInputStream@8 (line 58)
                      ; - org.eclipse.osgi.storage.bundlefile.BundleEntry::getBytes@1 (line 97)
                      ; - org.eclipse.osgi.internal.loader.classpath.ClasspathManager::findClassImpl@109 (line 681)
  0x000002d08af885a0: 5cb4 65ff 

  0x000002d08af885a4: ;   {other}
  0x000002d08af885a4: 0f1f 8400 | 1474 00d7 | baf6 ffff | ff48 8b6c | 2448 4c8b | 5424 304c | 8954 2420 | 4c8b 5424 
  0x000002d08af885c4: 404c 8954 | 2430 4889 | 7424 5090 

  0x000002d08af885d0: ;   {runtime_call UncommonTrapBlob}
  0x000002d08af885d0: c5f8 77e8 

  0x000002d08af885d4: ; ImmutableOopMap {rbp=Oop [32]=Oop [48]=Oop [80]=Oop [120]=Oop [136]=Oop [144]=Oop [152]=Oop }
                      ;*invokevirtual release {reexecute=0 rethrow=0 return_oop=0}
                      ; - java.util.concurrent.locks.ReentrantLock::unlock@5
                      ; - org.eclipse.osgi.storage.bundlefile.CloseableBundleFile::releaseOpen@4 (line 122)
                      ; - org.eclipse.osgi.storage.bundlefile.CloseableBundleFile::getInputStream@45 (line 493)
                      ; - org.eclipse.osgi.storage.bundlefile.ZipBundleEntry::getInputStream@8 (line 58)
                      ; - org.eclipse.osgi.storage.bundlefile.BundleEntry::getBytes@1 (line 97)
                      ; - org.eclipse.osgi.internal.loader.classpath.ClasspathManager::findClassImpl@109 (line 681)
  0x000002d08af885d4: 28b4 65ff 

  0x000002d08af885d8: ;   {other}
  0x000002d08af885d8: 0f1f 8400 | 4874 00d8 | baf6 ffff | ff4c 8b54 | 2430 4c89 | 5424 204c | 8b54 2440 | 4c89 5424 
  0x000002d08af885f8: 3066 6690 

  0x000002d08af885fc: ;   {runtime_call UncommonTrapBlob}
  0x000002d08af885fc: c5f8 77e8 

  0x000002d08af88600: ; ImmutableOopMap {[32]=Oop [48]=Oop [72]=Oop [120]=Oop [136]=Oop [144]=Oop }
                      ;*invokevirtual getSize {reexecute=0 rethrow=0 return_oop=0}
                      ; - org.eclipse.osgi.storage.bundlefile.ZipBundleEntry::getSize@4 (line 68)
                      ; - org.eclipse.osgi.storage.bundlefile.BundleEntry::getBytes@6 (line 98)
                      ; - org.eclipse.osgi.internal.loader.classpath.ClasspathManager::findClassImpl@109 (line 681)
  0x000002d08af88600: fcb3 65ff 

  0x000002d08af88604: ;   {other}
  0x000002d08af88604: 0f1f 8400 | 7474 00d9 | baf6 ffff | ff48 8b6c | 2448 4c8b | 5424 304c | 8954 2420 | 4c8b 5424 
  0x000002d08af88624: 404c 8954 | 2430 4c89 | 6c24 4848 | 8974 2450 

  0x000002d08af88634: ;   {runtime_call UncommonTrapBlob}
  0x000002d08af88634: c5f8 77e8 

  0x000002d08af88638: ; ImmutableOopMap {rbp=Oop [32]=Oop [48]=Oop [72]=Oop [80]=Oop [120]=Oop [136]=Oop [144]=Oop }
                      ;*invokevirtual close {reexecute=0 rethrow=0 return_oop=0}
                      ; - java.io.FilterInputStream::close@4
                      ; - org.eclipse.osgi.storage.bundlefile.CloseableBundleFile$BundleEntryInputStream::close@1 (line 528)
                      ; - org.eclipse.osgi.storage.StorageUtil::getBytes@161 (line 213)
                      ; - org.eclipse.osgi.storage.bundlefile.BundleEntry::getBytes@16 (line 102)
                      ; - org.eclipse.osgi.internal.loader.classpath.ClasspathManager::findClassImpl@109 (line 681)
  0x000002d08af88638: c4b3 65ff 

  0x000002d08af8863c: ;   {other}
  0x000002d08af8863c: 0f1f 8400 | ac74 00da | baf6 ffff | ff48 8b6c | 2448 488b | 4c24 7848 | 894c 2438 | 488b 8c24 
  0x000002d08af8865c: 8800 0000 | 4889 4c24 | 4848 8b8c | 2490 0000 | 0048 894c | 2450 488b | 8c24 9800 | 0000 4889 
  0x000002d08af8867c: 4c24 584c | 8944 2478 | 4c89 8c24 | 8800 0000 | 4489 5c24 | 244c 8994 | 2490 0000 | 004c 8994 
  0x000002d08af8869c: 2498 0000 | 0066 6690 

  0x000002d08af886a4: ;   {runtime_call UncommonTrapBlob}
  0x000002d08af886a4: c5f8 77e8 

  0x000002d08af886a8: ; ImmutableOopMap {rbp=Oop [32]=NarrowOop [40]=Oop [48]=Oop [56]=Oop [64]=Oop [72]=Oop [80]=Oop [88]=Oop [120]=Oop [136]=Oop [144]=Oop [152]=Oop }
                      ;*invokevirtual poll {reexecute=0 rethrow=0 return_oop=0}
                      ; - java.util.WeakHashMap::expungeStaleEntries@4
                      ; - java.util.WeakHashMap::getTable@1
                      ; - java.util.WeakHashMap::put@13
                      ; - java.util.Collections$SetFromMap::add@8
                      ; - java.util.zip.ZipFile::getInputStream@231
                      ; - org.eclipse.osgi.storage.bundlefile.ZipBundleFile::doGetInputStream@5 (line 101)
                      ; - org.eclipse.osgi.storage.bundlefile.ZipBundleFile::doGetInputStream@5 (line 1)
                      ; - org.eclipse.osgi.storage.bundlefile.CloseableBundleFile::getInputStream@20 (line 487)
                      ; - org.eclipse.osgi.storage.bundlefile.ZipBundleEntry::getInputStream@8 (line 58)
                      ; - org.eclipse.osgi.storage.bundlefile.BundleEntry::getBytes@1 (line 97)
                      ; - org.eclipse.osgi.internal.loader.classpath.ClasspathManager::findClassImpl@109 (line 681)
  0x000002d08af886a8: 54b3 65ff 

  0x000002d08af886ac: ;   {other}
  0x000002d08af886ac: 0f1f 8400 | 1c75 00db | baf6 ffff | ff48 8b6c | 2448 4c8b | 5424 784c | 8954 2438 | 4c89 4c24 
  0x000002d08af886cc: 604c 8944 | 2478 6690 

  0x000002d08af886d4: ;   {runtime_call UncommonTrapBlob}
  0x000002d08af886d4: c5f8 77e8 

  0x000002d08af886d8: ; ImmutableOopMap {rbp=Oop [32]=NarrowOop [40]=Oop [48]=Oop [56]=Oop [64]=Oop [96]=Oop [120]=Oop [136]=Oop [144]=Oop [152]=Oop }
                      ;*arraylength {reexecute=0 rethrow=0 return_oop=0}
                      ; - java.util.WeakHashMap::put@22
                      ; - java.util.Collections$SetFromMap::add@8
                      ; - java.util.zip.ZipFile::getInputStream@231
                      ; - org.eclipse.osgi.storage.bundlefile.ZipBundleFile::doGetInputStream@5 (line 101)
                      ; - org.eclipse.osgi.storage.bundlefile.ZipBundleFile::doGetInputStream@5 (line 1)
                      ; - org.eclipse.osgi.storage.bundlefile.CloseableBundleFile::getInputStream@20 (line 487)
                      ; - org.eclipse.osgi.storage.bundlefile.ZipBundleEntry::getInputStream@8 (line 58)
                      ; - org.eclipse.osgi.storage.bundlefile.BundleEntry::getBytes@1 (line 97)
                      ; - org.eclipse.osgi.internal.loader.classpath.ClasspathManager::findClassImpl@109 (line 681)
  0x000002d08af886d8: 24b3 65ff 

  0x000002d08af886dc: ;   {other}
  0x000002d08af886dc: 0f1f 8400 | 4c75 00dc | baf6 ffff | ff48 8b6c | 2448 4c8b | 5424 304c | 8954 2420 | 4c8b 5424 
  0x000002d08af886fc: 404c 8954 | 2430 4c89 | 6c24 4890 

  0x000002d08af88708: ;   {runtime_call UncommonTrapBlob}
  0x000002d08af88708: c5f8 77e8 

  0x000002d08af8870c: ; ImmutableOopMap {rbp=Oop [32]=Oop [48]=Oop [72]=Oop [120]=Oop [136]=Oop [144]=Oop }
                      ;*invokevirtual decrementReference {reexecute=0 rethrow=0 return_oop=0}
                      ; - org.eclipse.osgi.storage.bundlefile.CloseableBundleFile$BundleEntryInputStream::close@82 (line 537)
                      ; - org.eclipse.osgi.storage.StorageUtil::getBytes@161 (line 213)
                      ; - org.eclipse.osgi.storage.bundlefile.BundleEntry::getBytes@16 (line 102)
                      ; - org.eclipse.osgi.internal.loader.classpath.ClasspathManager::findClassImpl@109 (line 681)
  0x000002d08af8870c: f0b2 65ff 

  0x000002d08af88710: ;   {other}
  0x000002d08af88710: 0f1f 8400 | 8075 00dd | baf6 ffff | ff48 8b6c | 2448 4c8b | 5c24 304c | 895c 2420 | 4c8b 5c24 
  0x000002d08af88730: 404c 895c | 2430 4c89 | 6c24 4844 | 8954 2450 

  0x000002d08af88740: ;   {runtime_call UncommonTrapBlob}
  0x000002d08af88740: c5f8 77e8 

  0x000002d08af88744: ; ImmutableOopMap {rbp=Oop [32]=Oop [48]=Oop [72]=Oop [80]=NarrowOop [120]=Oop [136]=Oop [144]=Oop }
                      ;*invokevirtual lock {reexecute=0 rethrow=0 return_oop=0}
                      ; - org.eclipse.osgi.storage.bundlefile.CloseableBundleFile::decrementReference@4 (line 460)
                      ; - org.eclipse.osgi.storage.bundlefile.CloseableBundleFile$BundleEntryInputStream::close@82 (line 537)
                      ; - org.eclipse.osgi.storage.StorageUtil::getBytes@161 (line 213)
                      ; - org.eclipse.osgi.storage.bundlefile.BundleEntry::getBytes@16 (line 102)
                      ; - org.eclipse.osgi.internal.loader.classpath.ClasspathManager::findClassImpl@109 (line 681)
  0x000002d08af88744: b8b2 65ff 

  0x000002d08af88748: ;   {other}
  0x000002d08af88748: 0f1f 8400 | b875 00de | baf6 ffff | ff48 8b6c | 2448 4c8b | 5c24 304c | 895c 2420 | 4c8b 5c24 
  0x000002d08af88768: 404c 895c | 2430 4c89 | 6c24 4844 | 8954 2450 

  0x000002d08af88778: ;   {runtime_call UncommonTrapBlob}
  0x000002d08af88778: c5f8 77e8 

  0x000002d08af8877c: ; ImmutableOopMap {rbp=Oop [32]=Oop [48]=Oop [72]=Oop [80]=NarrowOop [120]=Oop [136]=Oop [144]=Oop }
                      ;*invokevirtual lock {reexecute=0 rethrow=0 return_oop=0}
                      ; - java.util.concurrent.locks.ReentrantLock::lock@4
                      ; - org.eclipse.osgi.storage.bundlefile.CloseableBundleFile::decrementReference@4 (line 460)
                      ; - org.eclipse.osgi.storage.bundlefile.CloseableBundleFile$BundleEntryInputStream::close@82 (line 537)
                      ; - org.eclipse.osgi.storage.StorageUtil::getBytes@161 (line 213)
                      ; - org.eclipse.osgi.storage.bundlefile.BundleEntry::getBytes@16 (line 102)
                      ; - org.eclipse.osgi.internal.loader.classpath.ClasspathManager::findClassImpl@109 (line 681)
  0x000002d08af8877c: 80b2 65ff 

  0x000002d08af88780: ;   {other}
  0x000002d08af88780: 0f1f 8400 | f075 00df | baf6 ffff | ff48 8b6c | 2448 4c8b | 5424 304c | 8954 2420 | 4c8b 5424 
  0x000002d08af887a0: 404c 8954 | 2430 4c89 | 6c24 4890 

  0x000002d08af887ac: ;   {runtime_call UncommonTrapBlob}
  0x000002d08af887ac: c5f8 77e8 

  0x000002d08af887b0: ; ImmutableOopMap {rbp=Oop [32]=Oop [48]=Oop [72]=Oop [120]=Oop [136]=Oop [144]=Oop }
                      ;*invokevirtual unlock {reexecute=0 rethrow=0 return_oop=0}
                      ; - org.eclipse.osgi.storage.bundlefile.CloseableBundleFile::decrementReference@54 (line 467)
                      ; - org.eclipse.osgi.storage.bundlefile.CloseableBundleFile$BundleEntryInputStream::close@82 (line 537)
                      ; - org.eclipse.osgi.storage.StorageUtil::getBytes@161 (line 213)
                      ; - org.eclipse.osgi.storage.bundlefile.BundleEntry::getBytes@16 (line 102)
                      ; - org.eclipse.osgi.internal.loader.classpath.ClasspathManager::findClassImpl@109 (line 681)
  0x000002d08af887b0: 4cb2 65ff 

  0x000002d08af887b4: ;   {other}
  0x000002d08af887b4: 0f1f 8400 | 2476 00e0 | baf6 ffff | ff48 8b6c | 2448 4c8b | 5424 304c | 8954 2420 | 4c8b 5424 
  0x000002d08af887d4: 404c 8954 | 2430 4c89 | 6c24 4890 

  0x000002d08af887e0: ;   {runtime_call UncommonTrapBlob}
  0x000002d08af887e0: c5f8 77e8 

  0x000002d08af887e4: ; ImmutableOopMap {rbp=Oop [32]=Oop [48]=Oop [72]=Oop [120]=Oop [136]=Oop [144]=Oop }
                      ;*invokevirtual release {reexecute=0 rethrow=0 return_oop=0}
                      ; - java.util.concurrent.locks.ReentrantLock::unlock@5
                      ; - org.eclipse.osgi.storage.bundlefile.CloseableBundleFile::decrementReference@54 (line 467)
                      ; - org.eclipse.osgi.storage.bundlefile.CloseableBundleFile$BundleEntryInputStream::close@82 (line 537)
                      ; - org.eclipse.osgi.storage.StorageUtil::getBytes@161 (line 213)
                      ; - org.eclipse.osgi.storage.bundlefile.BundleEntry::getBytes@16 (line 102)
                      ; - org.eclipse.osgi.internal.loader.classpath.ClasspathManager::findClassImpl@109 (line 681)
  0x000002d08af887e4: 18b2 65ff 

  0x000002d08af887e8: ;   {other}
  0x000002d08af887e8: 0f1f 8400 | 5876 00e1 | baf6 ffff | ff48 8b6c | 2448 4c8b | 5424 304c | 8954 2420 | 4c8b 5424 
  0x000002d08af88808: 404c 8954 | 2430 4c89 | 6c24 4848 | 8974 2450 | 4c89 4424 | 5866 6690 

  0x000002d08af88820: ;   {runtime_call UncommonTrapBlob}
  0x000002d08af88820: c5f8 77e8 

  0x000002d08af88824: ; ImmutableOopMap {rbp=Oop [32]=Oop [48]=Oop [72]=Oop [80]=Oop [88]=Oop [120]=Oop [136]=Oop [144]=Oop }
                      ;*invokevirtual close {reexecute=0 rethrow=0 return_oop=0}
                      ; - java.util.zip.InflaterInputStream::close@25
                      ; - java.util.zip.ZipFile$ZipFileInflaterInputStream::close@14
                      ; - java.io.FilterInputStream::close@4
                      ; - org.eclipse.osgi.storage.bundlefile.CloseableBundleFile$BundleEntryInputStream::close@1 (line 528)
                      ; - org.eclipse.osgi.storage.StorageUtil::getBytes@161 (line 213)
                      ; - org.eclipse.osgi.storage.bundlefile.BundleEntry::getBytes@16 (line 102)
                      ; - org.eclipse.osgi.internal.loader.classpath.ClasspathManager::findClassImpl@109 (line 681)
  0x000002d08af88824: d8b1 65ff 

  0x000002d08af88828: ;   {other}
  0x000002d08af88828: 0f1f 8400 | 9876 00e2 | baf6 ffff | ff48 8b6c | 2448 4c8b | 5c24 304c | 895c 2420 | 4c8b 5c24 
  0x000002d08af88848: 404c 895c | 2430 6690 

  0x000002d08af88850: ;   {runtime_call UncommonTrapBlob}
  0x000002d08af88850: c5f8 77e8 

  0x000002d08af88854: ; ImmutableOopMap {rbp=Oop [32]=Oop [48]=Oop [56]=Oop [80]=Oop [88]=Oop [120]=Oop [136]=Oop [144]=Oop }
                      ;*getfield res {reexecute=1 rethrow=0 return_oop=0}
                      ; - (reexecute) java.util.zip.ZipFile$ZipFileInflaterInputStream::close@21
                      ; - java.io.FilterInputStream::close@4
                      ; - org.eclipse.osgi.storage.bundlefile.CloseableBundleFile$BundleEntryInputStream::close@1 (line 528)
                      ; - org.eclipse.osgi.storage.StorageUtil::getBytes@161 (line 213)
                      ; - org.eclipse.osgi.storage.bundlefile.BundleEntry::getBytes@16 (line 102)
                      ; - org.eclipse.osgi.internal.loader.classpath.ClasspathManager::findClassImpl@109 (line 681)
  0x000002d08af88854: a8b1 65ff 

  0x000002d08af88858: ;   {other}
  0x000002d08af88858: 0f1f 8400 | c876 00e3 | baf6 ffff | ff48 8b6c | 2448 4c8b | 5c24 304c | 895c 2420 | 4c8b 5c24 
  0x000002d08af88878: 404c 895c | 2430 6690 

  0x000002d08af88880: ;   {runtime_call UncommonTrapBlob}
  0x000002d08af88880: c5f8 77e8 

  0x000002d08af88884: ; ImmutableOopMap {rbp=Oop [32]=Oop [48]=Oop [56]=Oop [80]=Oop [88]=Oop [120]=Oop [136]=Oop [144]=Oop }
                      ;*getfield istreams {reexecute=1 rethrow=0 return_oop=0}
                      ; - (reexecute) java.util.zip.ZipFile$ZipFileInflaterInputStream::close@24
                      ; - java.io.FilterInputStream::close@4
                      ; - org.eclipse.osgi.storage.bundlefile.CloseableBundleFile$BundleEntryInputStream::close@1 (line 528)
                      ; - org.eclipse.osgi.storage.StorageUtil::getBytes@161 (line 213)
                      ; - org.eclipse.osgi.storage.bundlefile.BundleEntry::getBytes@16 (line 102)
                      ; - org.eclipse.osgi.internal.loader.classpath.ClasspathManager::findClassImpl@109 (line 681)
  0x000002d08af88884: 78b1 65ff 

  0x000002d08af88888: ;   {other}
  0x000002d08af88888: 0f1f 8400 | f876 00e4 | baf6 ffff | ff48 8b6c | 2448 4c8b | 4424 304c | 8944 2420 | 4c8b 4424 
  0x000002d08af888a8: 404c 8944 | 2430 4c89 | 5424 5844 | 895c 2464 

  0x000002d08af888b8: ;   {runtime_call UncommonTrapBlob}
  0x000002d08af888b8: c5f8 77e8 

  0x000002d08af888bc: ; ImmutableOopMap {rbp=Oop [32]=Oop [48]=Oop [56]=Oop [80]=Oop [88]=Oop [100]=NarrowOop [120]=Oop [136]=Oop [144]=Oop }
                      ;*getfield res {reexecute=1 rethrow=0 return_oop=0}
                      ; - (reexecute) java.util.zip.ZipFile$ZipFileInflaterInputStream::close@34
                      ; - java.io.FilterInputStream::close@4
                      ; - org.eclipse.osgi.storage.bundlefile.CloseableBundleFile$BundleEntryInputStream::close@1 (line 528)
                      ; - org.eclipse.osgi.storage.StorageUtil::getBytes@161 (line 213)
                      ; - org.eclipse.osgi.storage.bundlefile.BundleEntry::getBytes@16 (line 102)
                      ; - org.eclipse.osgi.internal.loader.classpath.ClasspathManager::findClassImpl@109 (line 681)
  0x000002d08af888bc: 40b1 65ff 

  0x000002d08af888c0: ;   {other}
  0x000002d08af888c0: 0f1f 8400 | 3077 00e5 | baf6 ffff | ff48 8b6c | 2448 4c8b | 4424 304c | 8944 2420 | 4c8b 4424 
  0x000002d08af888e0: 404c 8944 | 2430 4c89 | 5424 5844 | 895c 2464 

  0x000002d08af888f0: ;   {runtime_call UncommonTrapBlob}
  0x000002d08af888f0: c5f8 77e8 

  0x000002d08af888f4: ; ImmutableOopMap {rbp=Oop [32]=Oop [48]=Oop [56]=Oop [80]=Oop [88]=Oop [100]=NarrowOop [120]=Oop [136]=Oop [144]=Oop }
                      ;*getfield istreams {reexecute=1 rethrow=0 return_oop=0}
                      ; - (reexecute) java.util.zip.ZipFile$ZipFileInflaterInputStream::close@37
                      ; - java.io.FilterInputStream::close@4
                      ; - org.eclipse.osgi.storage.bundlefile.CloseableBundleFile$BundleEntryInputStream::close@1 (line 528)
                      ; - org.eclipse.osgi.storage.StorageUtil::getBytes@161 (line 213)
                      ; - org.eclipse.osgi.storage.bundlefile.BundleEntry::getBytes@16 (line 102)
                      ; - org.eclipse.osgi.internal.loader.classpath.ClasspathManager::findClassImpl@109 (line 681)
  0x000002d08af888f4: 08b1 65ff 

  0x000002d08af888f8: ;   {other}
  0x000002d08af888f8: 0f1f 8400 | 6877 00e6 | baf6 ffff | ff48 8b6c | 2448 4c8b | 4424 304c | 8944 2420 | 4c8b 4424 
  0x000002d08af88918: 404c 8944 | 2430 4c89 | 5424 6844 | 895c 2464 

  0x000002d08af88928: ;   {runtime_call UncommonTrapBlob}
  0x000002d08af88928: c5f8 77e8 

  0x000002d08af8892c: ; ImmutableOopMap {rbp=Oop [32]=Oop [48]=Oop [56]=Oop [80]=Oop [100]=NarrowOop [104]=Oop [120]=Oop [136]=Oop [144]=Oop }
                      ;*invokeinterface remove {reexecute=0 rethrow=0 return_oop=0}
                      ; - java.util.zip.ZipFile$ZipFileInflaterInputStream::close@41
                      ; - java.io.FilterInputStream::close@4
                      ; - org.eclipse.osgi.storage.bundlefile.CloseableBundleFile$BundleEntryInputStream::close@1 (line 528)
                      ; - org.eclipse.osgi.storage.StorageUtil::getBytes@161 (line 213)
                      ; - org.eclipse.osgi.storage.bundlefile.BundleEntry::getBytes@16 (line 102)
                      ; - org.eclipse.osgi.internal.loader.classpath.ClasspathManager::findClassImpl@109 (line 681)
  0x000002d08af8892c: d0b0 65ff 

  0x000002d08af88930: ;   {other}
  0x000002d08af88930: 0f1f 8400 | a077 00e7 | baf6 ffff | ff48 8b6c | 2448 4c8b | 5424 304c | 8954 2420 | 4c8b 5424 
  0x000002d08af88950: 404c 8954 | 2430 6690 

  0x000002d08af88958: ;   {runtime_call UncommonTrapBlob}
  0x000002d08af88958: c5f8 77e8 

  0x000002d08af8895c: ; ImmutableOopMap {rbp=Oop [32]=Oop [48]=Oop [56]=Oop [80]=Oop [120]=Oop [136]=Oop [144]=Oop }
                      ;*invokeinterface clean {reexecute=0 rethrow=0 return_oop=0}
                      ; - java.util.zip.ZipFile$ZipFileInflaterInputStream::close@61
                      ; - java.io.FilterInputStream::close@4
                      ; - org.eclipse.osgi.storage.bundlefile.CloseableBundleFile$BundleEntryInputStream::close@1 (line 528)
                      ; - org.eclipse.osgi.storage.StorageUtil::getBytes@161 (line 213)
                      ; - org.eclipse.osgi.storage.bundlefile.BundleEntry::getBytes@16 (line 102)
                      ; - org.eclipse.osgi.internal.loader.classpath.ClasspathManager::findClassImpl@109 (line 681)
  0x000002d08af8895c: a0b0 65ff 

  0x000002d08af88960: ;   {other}
  0x000002d08af88960: 0f1f 8400 | d077 00e8 | baf6 ffff | ff4c 8b5c | 2448 4c89 | 5c24 204c | 8b5c 2430 | 4c89 5c24 
  0x000002d08af88980: 2848 897c | 2468 4489 | 5424 7490 

  0x000002d08af8898c: ;   {runtime_call UncommonTrapBlob}
  0x000002d08af8898c: c5f8 77e8 

  0x000002d08af88990: ; ImmutableOopMap {rbp=NarrowOop [32]=Oop [40]=Oop [56]=Oop [64]=Oop [80]=Oop [104]=Oop [116]=NarrowOop [120]=Oop [136]=Oop [144]=Oop }
                      ;*putfield prev {reexecute=1 rethrow=0 return_oop=0}
                      ; - (reexecute) jdk.internal.ref.PhantomCleanable::remove@23
                      ; - jdk.internal.ref.PhantomCleanable::clean@1
                      ; - java.util.zip.ZipFile$ZipFileInflaterInputStream::close@61
                      ; - java.io.FilterInputStream::close@4
                      ; - org.eclipse.osgi.storage.bundlefile.CloseableBundleFile$BundleEntryInputStream::close@1 (line 528)
                      ; - org.eclipse.osgi.storage.StorageUtil::getBytes@161 (line 213)
                      ; - org.eclipse.osgi.storage.bundlefile.BundleEntry::getBytes@16 (line 102)
                      ; - org.eclipse.osgi.internal.loader.classpath.ClasspathManager::findClassImpl@109 (line 681)
  0x000002d08af88990: 6cb0 65ff 

  0x000002d08af88994: ;   {other}
  0x000002d08af88994: 0f1f 8400 | 0478 00e9 | baf6 ffff | ff48 8b6c | 2448 4c8b | 4424 304c | 8944 2420 | 4c8b 4424 
  0x000002d08af889b4: 404c 8944 | 2430 4889 | 7c24 6044 | 895c 246c | 4489 5424 | 7066 6690 

  0x000002d08af889cc: ;   {runtime_call UncommonTrapBlob}
  0x000002d08af889cc: c5f8 77e8 

  0x000002d08af889d0: ; ImmutableOopMap {rbp=Oop [32]=Oop [48]=Oop [56]=Oop [80]=Oop [96]=Oop [108]=NarrowOop [112]=NarrowOop [120]=Oop [136]=Oop [144]=Oop }
                      ;*putfield next {reexecute=1 rethrow=0 return_oop=0}
                      ; - (reexecute) jdk.internal.ref.PhantomCleanable::remove@34
                      ; - jdk.internal.ref.PhantomCleanable::clean@1
                      ; - java.util.zip.ZipFile$ZipFileInflaterInputStream::close@61
                      ; - java.io.FilterInputStream::close@4
                      ; - org.eclipse.osgi.storage.bundlefile.CloseableBundleFile$BundleEntryInputStream::close@1 (line 528)
                      ; - org.eclipse.osgi.storage.StorageUtil::getBytes@161 (line 213)
                      ; - org.eclipse.osgi.storage.bundlefile.BundleEntry::getBytes@16 (line 102)
                      ; - org.eclipse.osgi.internal.loader.classpath.ClasspathManager::findClassImpl@109 (line 681)
  0x000002d08af889d0: 2cb0 65ff 

  0x000002d08af889d4: ;   {other}
  0x000002d08af889d4: 0f1f 8400 | 4478 00ea | baf6 ffff | ff48 8b6c | 2448 4c8b | 5c24 304c | 895c 2420 | 4c8b 5c24 
  0x000002d08af889f4: 404c 895c | 2430 4c89 | 6c24 4844 | 8954 2450 

  0x000002d08af88a04: ;   {runtime_call UncommonTrapBlob}
  0x000002d08af88a04: c5f8 77e8 

  0x000002d08af88a08: ; ImmutableOopMap {rbp=Oop [32]=Oop [48]=Oop [72]=Oop [80]=NarrowOop [120]=Oop [136]=Oop [144]=Oop }
                      ;*invokeinterface signal {reexecute=0 rethrow=0 return_oop=0}
                      ; - org.eclipse.osgi.storage.bundlefile.CloseableBundleFile::decrementReference@32 (line 465)
                      ; - org.eclipse.osgi.storage.bundlefile.CloseableBundleFile$BundleEntryInputStream::close@82 (line 537)
                      ; - org.eclipse.osgi.storage.StorageUtil::getBytes@161 (line 213)
                      ; - org.eclipse.osgi.storage.bundlefile.BundleEntry::getBytes@16 (line 102)
                      ; - org.eclipse.osgi.internal.loader.classpath.ClasspathManager::findClassImpl@109 (line 681)
  0x000002d08af88a08: f4af 65ff 

  0x000002d08af88a0c: ;   {other}
  0x000002d08af88a0c: 0f1f 8400 | 7c78 00eb | baf6 ffff | ff48 8b6c | 2448 4c8b | 5c24 304c | 895c 2420 | 4c8b 5c24 
  0x000002d08af88a2c: 404c 895c | 2430 4c89 | 6c24 4844 | 8954 2450 

  0x000002d08af88a3c: ;   {runtime_call UncommonTrapBlob}
  0x000002d08af88a3c: c5f8 77e8 

  0x000002d08af88a40: ; ImmutableOopMap {rbp=Oop [32]=Oop [48]=Oop [72]=Oop [80]=NarrowOop [120]=Oop [136]=Oop [144]=Oop }
                      ;*invokevirtual isHeldExclusively {reexecute=0 rethrow=0 return_oop=0}
                      ; - java.util.concurrent.locks.AbstractQueuedSynchronizer$ConditionObject::signal@9
                      ; - org.eclipse.osgi.storage.bundlefile.CloseableBundleFile::decrementReference@32 (line 465)
                      ; - org.eclipse.osgi.storage.bundlefile.CloseableBundleFile$BundleEntryInputStream::close@82 (line 537)
                      ; - org.eclipse.osgi.storage.StorageUtil::getBytes@161 (line 213)
                      ; - org.eclipse.osgi.storage.bundlefile.BundleEntry::getBytes@16 (line 102)
                      ; - org.eclipse.osgi.internal.loader.classpath.ClasspathManager::findClassImpl@109 (line 681)
  0x000002d08af88a40: bcaf 65ff 

  0x000002d08af88a44: ;   {other}
  0x000002d08af88a44: 0f1f 8400 | b478 00ec | baf6 ffff | ff48 8b6c | 2448 4c8b | 4c24 304c | 894c 2420 | 4c8b 4c24 
  0x000002d08af88a64: 404c 894c | 2430 4489 | 4424 5444 | 8974 2458 | 4489 7424 | 6044 8954 | 2464 4489 | 5c24 6c44 
  0x000002d08af88a84: 8954 2470 

  0x000002d08af88a88: ;   {runtime_call UncommonTrapBlob}
  0x000002d08af88a88: c5f8 77e8 

  0x000002d08af88a8c: ; ImmutableOopMap {rbp=Oop [32]=Oop [48]=Oop [84]=NarrowOop [88]=NarrowOop [96]=NarrowOop [100]=NarrowOop [112]=NarrowOop [120]=Oop [136]=Oop [144]=Oop [152]=Oop }
                      ;*aaload {reexecute=0 rethrow=0 return_oop=0}
                      ; - org.eclipse.osgi.storage.bundlefile.MRUBundleFileList::use@36 (line 175)
                      ; - org.eclipse.osgi.storage.bundlefile.CloseableBundleFile::mruListUse@12 (line 423)
                      ; - org.eclipse.osgi.storage.bundlefile.CloseableBundleFile::internalOpen@114 (line 157)
                      ; - org.eclipse.osgi.storage.bundlefile.CloseableBundleFile::lockOpen@8 (line 87)
                      ; - org.eclipse.osgi.storage.bundlefile.CloseableBundleFile::getInputStream@1 (line 483)
                      ; - org.eclipse.osgi.storage.bundlefile.ZipBundleEntry::getInputStream@8 (line 58)
                      ; - org.eclipse.osgi.storage.bundlefile.BundleEntry::getBytes@1 (line 97)
                      ; - org.eclipse.osgi.internal.loader.classpath.ClasspathManager::findClassImpl@109 (line 681)
  0x000002d08af88a8c: 70af 65ff 

  0x000002d08af88a90: ;   {other}
  0x000002d08af88a90: 0f1f 8400 | 0079 00ed | baf6 ffff | ff48 8b6c | 2448 4c8b | 4c24 304c | 894c 2420 | 4c8b 4c24 
  0x000002d08af88ab0: 404c 894c | 2430 4489 | 4424 5444 | 8974 2458 | 4489 5424 | 6044 895c | 2464 4889 | 4c24 6890 
  0x000002d08af88ad0: ;   {runtime_call UncommonTrapBlob}
  0x000002d08af88ad0: c5f8 77e8 

  0x000002d08af88ad4: ; ImmutableOopMap {rbp=Oop [32]=Oop [48]=Oop [84]=NarrowOop [88]=NarrowOop [96]=NarrowOop [120]=Oop [136]=Oop [144]=Oop [152]=Oop }
                      ;*lastore {reexecute=0 rethrow=0 return_oop=0}
                      ; - org.eclipse.osgi.storage.bundlefile.MRUBundleFileList::incUseStamp@55 (line 188)
                      ; - org.eclipse.osgi.storage.bundlefile.MRUBundleFileList::use@43 (line 176)
                      ; - org.eclipse.osgi.storage.bundlefile.CloseableBundleFile::mruListUse@12 (line 423)
                      ; - org.eclipse.osgi.storage.bundlefile.CloseableBundleFile::internalOpen@114 (line 157)
                      ; - org.eclipse.osgi.storage.bundlefile.CloseableBundleFile::lockOpen@8 (line 87)
                      ; - org.eclipse.osgi.storage.bundlefile.CloseableBundleFile::getInputStream@1 (line 483)
                      ; - org.eclipse.osgi.storage.bundlefile.ZipBundleEntry::getInputStream@8 (line 58)
                      ; - org.eclipse.osgi.storage.bundlefile.BundleEntry::getBytes@1 (line 97)
                      ; - org.eclipse.osgi.internal.loader.classpath.ClasspathManager::findClassImpl@109 (line 681)
  0x000002d08af88ad4: 28af 65ff 

  0x000002d08af88ad8: ;   {other}
  0x000002d08af88ad8: 0f1f 8400 | 4879 00ee | baf6 ffff | ff4c 8b54 | 2430 4c89 | 5424 204c | 8944 2428 

  0x000002d08af88af4: ;   {runtime_call UncommonTrapBlob}
  0x000002d08af88af4: c5f8 77e8 

  0x000002d08af88af8: ; ImmutableOopMap {[32]=Oop [40]=Oop [64]=Oop [72]=Oop [136]=Oop }
                      ;*invokeinterface hasNext {reexecute=0 rethrow=0 return_oop=0}
                      ; - java.util.Collections$UnmodifiableCollection$1::hasNext@4
                      ; - org.eclipse.osgi.internal.loader.classpath.ClasspathEntry::findEntry@39 (line 203)
                      ; - org.eclipse.osgi.internal.loader.classpath.ClasspathManager::findClassImpl@95 (line 675)
  0x000002d08af88af8: 04af 65ff 

  0x000002d08af88afc: ;   {other}
  0x000002d08af88afc: 0f1f 8400 | 6c79 00ef | ba45 ffff | ff48 8b6c | 2448 4c8b | 4424 304c | 8944 2420 | 4c8b 4424 
  0x000002d08af88b1c: 404c 8944 | 2430 4489 | 5424 5044 | 895c 2454 

  0x000002d08af88b2c: ;   {runtime_call UncommonTrapBlob}
  0x000002d08af88b2c: c5f8 77e8 

  0x000002d08af88b30: ; ImmutableOopMap {rbp=Oop [32]=Oop [48]=Oop [80]=NarrowOop [84]=NarrowOop [88]=Oop [120]=Oop [136]=Oop [144]=Oop [152]=Oop }
                      ;*ifnull {reexecute=1 rethrow=0 return_oop=0}
                      ; - (reexecute) org.eclipse.osgi.storage.bundlefile.CloseableBundleFile::isMruEnabled@4 (line 412)
                      ; - org.eclipse.osgi.storage.bundlefile.CloseableBundleFile::getInputStream@25 (line 488)
                      ; - org.eclipse.osgi.storage.bundlefile.ZipBundleEntry::getInputStream@8 (line 58)
                      ; - org.eclipse.osgi.storage.bundlefile.BundleEntry::getBytes@1 (line 97)
                      ; - org.eclipse.osgi.internal.loader.classpath.ClasspathManager::findClassImpl@109 (line 681)
  0x000002d08af88b30: ccae 65ff 

  0x000002d08af88b34: ;   {other}
  0x000002d08af88b34: 0f1f 8400 | a479 00f0 | ba45 ffff | ff48 8b6c | 2448 4c8b | 5c24 304c | 895c 2420 | 4c8b 5c24 
  0x000002d08af88b54: 404c 895c | 2430 4489 | 4424 5444 | 8974 2458 | 4489 5424 | 5c66 6690 

  0x000002d08af88b6c: ;   {runtime_call UncommonTrapBlob}
  0x000002d08af88b6c: c5f8 77e8 

  0x000002d08af88b70: ; ImmutableOopMap {rbp=Oop [32]=Oop [48]=Oop [84]=NarrowOop [88]=NarrowOop [92]=NarrowOop [120]=Oop [136]=Oop [144]=Oop [152]=Oop }
                      ;*ifnull {reexecute=1 rethrow=0 return_oop=0}
                      ; - (reexecute) org.eclipse.osgi.storage.bundlefile.CloseableBundleFile::mruListUse@4 (line 422)
                      ; - org.eclipse.osgi.storage.bundlefile.CloseableBundleFile::internalOpen@114 (line 157)
                      ; - org.eclipse.osgi.storage.bundlefile.CloseableBundleFile::lockOpen@8 (line 87)
                      ; - org.eclipse.osgi.storage.bundlefile.CloseableBundleFile::getInputStream@1 (line 483)
                      ; - org.eclipse.osgi.storage.bundlefile.ZipBundleEntry::getInputStream@8 (line 58)
                      ; - org.eclipse.osgi.storage.bundlefile.BundleEntry::getBytes@1 (line 97)
                      ; - org.eclipse.osgi.internal.loader.classpath.ClasspathManager::findClassImpl@109 (line 681)
  0x000002d08af88b70: 8cae 65ff 

  0x000002d08af88b74: ;   {other}
  0x000002d08af88b74: 0f1f 8400 | e479 00f1 | baf6 ffff | ff4c 8b54 | 2430 4c89 | 5424 204c | 8944 2428 

  0x000002d08af88b90: ;   {runtime_call UncommonTrapBlob}
  0x000002d08af88b90: c5f8 77e8 

  0x000002d08af88b94: ; ImmutableOopMap {[32]=Oop [40]=Oop [64]=Oop [72]=Oop [136]=Oop }
                      ;*invokeinterface iterator {reexecute=0 rethrow=0 return_oop=0}
                      ; - java.util.Collections$UnmodifiableCollection$1::<init>@17
                      ; - java.util.Collections$UnmodifiableCollection::iterator@5
                      ; - org.eclipse.osgi.internal.loader.classpath.ClasspathEntry::findEntry@4 (line 203)
                      ; - org.eclipse.osgi.internal.loader.classpath.ClasspathManager::findClassImpl@95 (line 675)
  0x000002d08af88b94: 68ae 65ff 

  0x000002d08af88b98: ;   {other}
  0x000002d08af88b98: 0f1f 8400 | 087a 00f2 | baf6 ffff | ff4c 8b54 | 2430 4c89 | 5424 204c | 8944 2428 

  0x000002d08af88bb4: ;   {runtime_call UncommonTrapBlob}
  0x000002d08af88bb4: c5f8 77e8 

  0x000002d08af88bb8: ; ImmutableOopMap {[32]=Oop [40]=Oop [64]=Oop [72]=Oop [136]=Oop }
                      ;*invokevirtual keySet {reexecute=0 rethrow=0 return_oop=0}
                      ; - java.util.HashSet::iterator@4
                      ; - java.util.Collections$UnmodifiableCollection$1::<init>@17
                      ; - java.util.Collections$UnmodifiableCollection::iterator@5
                      ; - org.eclipse.osgi.internal.loader.classpath.ClasspathEntry::findEntry@4 (line 203)
                      ; - org.eclipse.osgi.internal.loader.classpath.ClasspathManager::findClassImpl@95 (line 675)
  0x000002d08af88bb8: 44ae 65ff 

  0x000002d08af88bbc: ;   {other}
  0x000002d08af88bbc: 0f1f 8400 | 2c7a 00f3 | baf6 ffff | ff4c 8b54 | 2430 4c89 | 5424 204c | 8944 2428 

  0x000002d08af88bd8: ;   {runtime_call UncommonTrapBlob}
  0x000002d08af88bd8: c5f8 77e8 

  0x000002d08af88bdc: ; ImmutableOopMap {[32]=Oop [40]=Oop [64]=Oop [72]=Oop [136]=Oop }
                      ;*getfield modCount {reexecute=1 rethrow=0 return_oop=0}
                      ; - (reexecute) java.util.HashMap$HashIterator::<init>@11
                      ; - java.util.HashMap$KeyIterator::<init>@2
                      ; - java.util.HashMap$KeySet::iterator@8
                      ; - java.util.HashSet::iterator@7
                      ; - java.util.Collections$UnmodifiableCollection$1::<init>@17
                      ; - java.util.Collections$UnmodifiableCollection::iterator@5
                      ; - org.eclipse.osgi.internal.loader.classpath.ClasspathEntry::findEntry@4 (line 203)
                      ; - org.eclipse.osgi.internal.loader.classpath.ClasspathManager::findClassImpl@95 (line 675)
  0x000002d08af88bdc: 20ae 65ff 

  0x000002d08af88be0: ;   {other}
  0x000002d08af88be0: 0f1f 8400 | 507a 00f4 | baf4 ffff | ff48 8b6c | 2448 4c8b | 5424 304c | 8954 2428 | 4c8b 5424 
  0x000002d08af88c00: 384c 8954 | 2430 4c8b | 5424 404c | 8954 2438 

  0x000002d08af88c10: ;   {runtime_call UncommonTrapBlob}
  0x000002d08af88c10: c5f8 77e8 

  0x000002d08af88c14: ; ImmutableOopMap {rbp=Oop [32]=Oop [40]=Oop [48]=Oop [56]=Oop [136]=Oop }
                      ;*checkcast {reexecute=0 rethrow=0 return_oop=0}
                      ; - org.eclipse.osgi.internal.loader.classpath.ClasspathEntry::findEntry@19 (line 203)
                      ; - org.eclipse.osgi.internal.loader.classpath.ClasspathManager::findClassImpl@95 (line 675)
  0x000002d08af88c14: e8ad 65ff 

  0x000002d08af88c18: ;   {other}
  0x000002d08af88c18: 0f1f 8400 | 887a 00f5 | baf6 ffff | ff4c 8b54 | 2430 4c89 | 5424 2090 

  0x000002d08af88c30: ;   {runtime_call UncommonTrapBlob}
  0x000002d08af88c30: c5f8 77e8 

  0x000002d08af88c34: ; ImmutableOopMap {[32]=Oop [64]=Oop [72]=Oop [120]=Oop [136]=Oop }
                      ;*invokeinterface hasNext {reexecute=0 rethrow=0 return_oop=0}
                      ; - java.util.Collections$UnmodifiableCollection$1::hasNext@4
                      ; - org.eclipse.osgi.internal.loader.classpath.ClasspathEntry::findEntry@39 (line 203)
                      ; - org.eclipse.osgi.internal.loader.classpath.ClasspathManager::findClassImpl@95 (line 675)
  0x000002d08af88c34: c8ad 65ff 

  0x000002d08af88c38: ;   {other}
  0x000002d08af88c38: 0f1f 8400 | a87a 00f6 | baf6 ffff | ff48 8b6c | 2448 6690 

  0x000002d08af88c4c: ;   {runtime_call UncommonTrapBlob}
  0x000002d08af88c4c: c5f8 77e8 

  0x000002d08af88c50: ; ImmutableOopMap {rbp=Oop [32]=Oop [40]=Oop [48]=Oop [56]=NarrowOop [60]=NarrowOop [64]=Oop [120]=Oop [136]=Oop }
                      ;*getfield DEBUG_BUNDLE_FILE_OPEN {reexecute=1 rethrow=0 return_oop=0}
                      ; - (reexecute) org.eclipse.osgi.storage.bundlefile.CloseableBundleFile::internalOpen@76 (line 152)
                      ; - org.eclipse.osgi.storage.bundlefile.CloseableBundleFile::lockOpen@8 (line 87)
                      ; - org.eclipse.osgi.storage.bundlefile.CloseableBundleFile::getInputStream@1 (line 483)
                      ; - org.eclipse.osgi.storage.bundlefile.ZipBundleEntry::getInputStream@8 (line 58)
                      ; - org.eclipse.osgi.storage.bundlefile.BundleEntry::getBytes@1 (line 97)
                      ; - org.eclipse.osgi.internal.loader.classpath.ClasspathManager::findClassImpl@109 (line 681)
  0x000002d08af88c50: acad 65ff 

  0x000002d08af88c54: ;   {other}
  0x000002d08af88c54: 0f1f 8400 | c47a 00f7 | baf6 ffff | ff48 8b6c | 2448 488b | 4c24 7848 | 894c 2438 | 488b 8c24 
  0x000002d08af88c74: 8800 0000 | 4889 4c24 | 4848 8b8c | 2490 0000 | 0048 894c | 2450 488b | 8c24 9800 | 0000 4889 
  0x000002d08af88c94: 4c24 584c | 8944 2478 | 4c89 8c24 | 8800 0000 | 4489 5c24 | 244c 8994 | 2490 0000 | 004c 8994 
  0x000002d08af88cb4: 2498 0000 | 0048 89bc | 24a0 0000 | 0066 6690 

  0x000002d08af88cc4: ;   {runtime_call UncommonTrapBlob}
  0x000002d08af88cc4: c5f8 77e8 

  0x000002d08af88cc8: ; ImmutableOopMap {rbp=Oop [32]=NarrowOop [40]=Oop [48]=Oop [56]=Oop [64]=Oop [72]=Oop [80]=Oop [88]=Oop [120]=Oop [136]=Oop [144]=Oop [152]=Oop [160]=Oop }
                      ;*invokevirtual lock {reexecute=0 rethrow=0 return_oop=0}
                      ; - java.lang.ref.ReferenceQueue::poll@13
                      ; - java.util.WeakHashMap::expungeStaleEntries@4
                      ; - java.util.WeakHashMap::getTable@1
                      ; - java.util.WeakHashMap::put@13
                      ; - java.util.Collections$SetFromMap::add@8
                      ; - java.util.zip.ZipFile::getInputStream@231
                      ; - org.eclipse.osgi.storage.bundlefile.ZipBundleFile::doGetInputStream@5 (line 101)
                      ; - org.eclipse.osgi.storage.bundlefile.ZipBundleFile::doGetInputStream@5 (line 1)
                      ; - org.eclipse.osgi.storage.bundlefile.CloseableBundleFile::getInputStream@20 (line 487)
                      ; - org.eclipse.osgi.storage.bundlefile.ZipBundleEntry::getInputStream@8 (line 58)
                      ; - org.eclipse.osgi.storage.bundlefile.BundleEntry::getBytes@1 (line 97)
                      ; - org.eclipse.osgi.internal.loader.classpath.ClasspathManager::findClassImpl@109 (line 681)
  0x000002d08af88cc8: 34ad 65ff 

  0x000002d08af88ccc: ;   {other}
  0x000002d08af88ccc: 0f1f 8400 | 3c7b 00f8 | baf6 ffff | ff48 8b6c | 2448 488b | 4c24 7848 | 894c 2438 | 488b 8c24 
  0x000002d08af88cec: 8800 0000 | 4889 4c24 | 4848 8b8c | 2490 0000 | 0048 894c | 2450 488b | 8c24 9800 | 0000 4889 
  0x000002d08af88d0c: 4c24 584c | 8944 2478 | 4c89 8c24 | 8800 0000 | 4489 5c24 | 244c 8994 | 2490 0000 | 004c 8994 
  0x000002d08af88d2c: 2498 0000 | 0048 89bc | 24a0 0000 | 0066 6690 

  0x000002d08af88d3c: ;   {runtime_call UncommonTrapBlob}
  0x000002d08af88d3c: c5f8 77e8 

  0x000002d08af88d40: ; ImmutableOopMap {rbp=Oop [32]=NarrowOop [40]=Oop [48]=Oop [56]=Oop [64]=Oop [72]=Oop [80]=Oop [88]=Oop [120]=Oop [136]=Oop [144]=Oop [152]=Oop [160]=Oop }
                      ;*invokevirtual lock {reexecute=0 rethrow=0 return_oop=0}
                      ; - java.util.concurrent.locks.ReentrantLock::lock@4
                      ; - java.lang.ref.ReferenceQueue::poll@13
                      ; - java.util.WeakHashMap::expungeStaleEntries@4
                      ; - java.util.WeakHashMap::getTable@1
                      ; - java.util.WeakHashMap::put@13
                      ; - java.util.Collections$SetFromMap::add@8
                      ; - java.util.zip.ZipFile::getInputStream@231
                      ; - org.eclipse.osgi.storage.bundlefile.ZipBundleFile::doGetInputStream@5 (line 101)
                      ; - org.eclipse.osgi.storage.bundlefile.ZipBundleFile::doGetInputStream@5 (line 1)
                      ; - org.eclipse.osgi.storage.bundlefile.CloseableBundleFile::getInputStream@20 (line 487)
                      ; - org.eclipse.osgi.storage.bundlefile.ZipBundleEntry::getInputStream@8 (line 58)
                      ; - org.eclipse.osgi.storage.bundlefile.BundleEntry::getBytes@1 (line 97)
                      ; - org.eclipse.osgi.internal.loader.classpath.ClasspathManager::findClassImpl@109 (line 681)
  0x000002d08af88d40: bcac 65ff 

  0x000002d08af88d44: ;   {other}
  0x000002d08af88d44: 0f1f 8400 | b47b 00f9 | baf6 ffff | ff48 8b6c | 2448 4c8b | 5424 784c | 8954 2448 | 4c8b 9424 
  0x000002d08af88d64: 8800 0000 | 4c89 5424 | 504c 8b94 | 2490 0000 | 004c 8954 | 2458 4c8b | 9424 9800 | 0000 4c89 
  0x000002d08af88d84: 5424 7844 | 8b5c 246c | 4489 5c24 | 244c 8b54 | 2470 4c89 | 5424 6890 

  0x000002d08af88d9c: ;   {runtime_call UncommonTrapBlob}
  0x000002d08af88d9c: c5f8 77e8 

  0x000002d08af88da0: ; ImmutableOopMap {rbp=Oop [32]=NarrowOop [40]=Oop [48]=Oop [56]=Oop [64]=Oop [72]=Oop [80]=Oop [88]=Oop [96]=Oop [104]=Oop [112]=Oop [120]=Oop [128]=Oop }
                      ;*invokevirtual unlock {reexecute=0 rethrow=0 return_oop=0}
                      ; - java.lang.ref.ReferenceQueue::poll@25
                      ; - java.util.WeakHashMap::expungeStaleEntries@4
                      ; - java.util.WeakHashMap::getTable@1
                      ; - java.util.WeakHashMap::put@13
                      ; - java.util.Collections$SetFromMap::add@8
                      ; - java.util.zip.ZipFile::getInputStream@231
                      ; - org.eclipse.osgi.storage.bundlefile.ZipBundleFile::doGetInputStream@5 (line 101)
                      ; - org.eclipse.osgi.storage.bundlefile.ZipBundleFile::doGetInputStream@5 (line 1)
                      ; - org.eclipse.osgi.storage.bundlefile.CloseableBundleFile::getInputStream@20 (line 487)
                      ; - org.eclipse.osgi.storage.bundlefile.ZipBundleEntry::getInputStream@8 (line 58)
                      ; - org.eclipse.osgi.storage.bundlefile.BundleEntry::getBytes@1 (line 97)
                      ; - org.eclipse.osgi.internal.loader.classpath.ClasspathManager::findClassImpl@109 (line 681)
  0x000002d08af88da0: 5cac 65ff 

  0x000002d08af88da4: ;   {other}
  0x000002d08af88da4: 0f1f 8400 | 147c 00fa | baf6 ffff | ff48 8b6c | 2448 4c8b | 5424 784c | 8954 2448 | 4c8b 9424 
  0x000002d08af88dc4: 8800 0000 | 4c89 5424 | 504c 8b94 | 2490 0000 | 004c 8954 | 2458 4c8b | 9424 9800 | 0000 4c89 
  0x000002d08af88de4: 5424 7844 | 8b5c 246c | 4489 5c24 | 244c 8b54 | 2470 4c89 | 5424 6890 

  0x000002d08af88dfc: ;   {runtime_call UncommonTrapBlob}
  0x000002d08af88dfc: c5f8 77e8 

  0x000002d08af88e00: ; ImmutableOopMap {rbp=Oop [32]=NarrowOop [40]=Oop [48]=Oop [56]=Oop [64]=Oop [72]=Oop [80]=Oop [88]=Oop [96]=Oop [104]=Oop [112]=Oop [120]=Oop [128]=Oop }
                      ;*invokevirtual release {reexecute=0 rethrow=0 return_oop=0}
                      ; - java.util.concurrent.locks.ReentrantLock::unlock@5
                      ; - java.lang.ref.ReferenceQueue::poll@25
                      ; - java.util.WeakHashMap::expungeStaleEntries@4
                      ; - java.util.WeakHashMap::getTable@1
                      ; - java.util.WeakHashMap::put@13
                      ; - java.util.Collections$SetFromMap::add@8
                      ; - java.util.zip.ZipFile::getInputStream@231
                      ; - org.eclipse.osgi.storage.bundlefile.ZipBundleFile::doGetInputStream@5 (line 101)
                      ; - org.eclipse.osgi.storage.bundlefile.ZipBundleFile::doGetInputStream@5 (line 1)
                      ; - org.eclipse.osgi.storage.bundlefile.CloseableBundleFile::getInputStream@20 (line 487)
                      ; - org.eclipse.osgi.storage.bundlefile.ZipBundleEntry::getInputStream@8 (line 58)
                      ; - org.eclipse.osgi.storage.bundlefile.BundleEntry::getBytes@1 (line 97)
                      ; - org.eclipse.osgi.internal.loader.classpath.ClasspathManager::findClassImpl@109 (line 681)
  0x000002d08af88e00: fcab 65ff 

  0x000002d08af88e04: ;   {other}
  0x000002d08af88e04: 0f1f 8400 | 747c 00fb | baf6 ffff | ff48 8b6c | 2448 4c8b | 5424 784c | 8954 2448 

  0x000002d08af88e20: ;   {runtime_call UncommonTrapBlob}
  0x000002d08af88e20: c5f8 77e8 

  0x000002d08af88e24: ; ImmutableOopMap {rbp=Oop [32]=NarrowOop [40]=Oop [48]=Oop [56]=Oop [64]=Oop [72]=Oop [88]=Oop [136]=Oop [144]=Oop [152]=Oop }
                      ;*arraylength {reexecute=0 rethrow=0 return_oop=0}
                      ; - java.util.IdentityHashMap::put@13
                      ; - java.util.Collections$SetFromMap::add@8
                      ; - java.util.zip.ZipFile::getInputStream@231
                      ; - org.eclipse.osgi.storage.bundlefile.ZipBundleFile::doGetInputStream@5 (line 101)
                      ; - org.eclipse.osgi.storage.bundlefile.ZipBundleFile::doGetInputStream@5 (line 1)
                      ; - org.eclipse.osgi.storage.bundlefile.CloseableBundleFile::getInputStream@20 (line 487)
                      ; - org.eclipse.osgi.storage.bundlefile.ZipBundleEntry::getInputStream@8 (line 58)
                      ; - org.eclipse.osgi.storage.bundlefile.BundleEntry::getBytes@1 (line 97)
                      ; - org.eclipse.osgi.internal.loader.classpath.ClasspathManager::findClassImpl@109 (line 681)
  0x000002d08af88e24: d8ab 65ff 

  0x000002d08af88e28: ;   {other}
  0x000002d08af88e28: 0f1f 8400 | 987c 00fc | baf6 ffff | ff48 8b6c | 2448 4c8b | 5424 784c | 8954 2448 

  0x000002d08af88e44: ;   {runtime_call UncommonTrapBlob}
  0x000002d08af88e44: c5f8 77e8 

  0x000002d08af88e48: ; ImmutableOopMap {rbp=Oop [32]=NarrowOop [40]=Oop [48]=Oop [56]=Oop [64]=Oop [72]=Oop [88]=Oop [136]=Oop [144]=Oop [152]=Oop }
                      ;*arraylength {reexecute=0 rethrow=0 return_oop=0}
                      ; - java.util.IdentityHashMap::put@13
                      ; - java.util.Collections$SetFromMap::add@8
                      ; - java.util.zip.ZipFile::getInputStream@231
                      ; - org.eclipse.osgi.storage.bundlefile.ZipBundleFile::doGetInputStream@5 (line 101)
                      ; - org.eclipse.osgi.storage.bundlefile.ZipBundleFile::doGetInputStream@5 (line 1)
                      ; - org.eclipse.osgi.storage.bundlefile.CloseableBundleFile::getInputStream@20 (line 487)
                      ; - org.eclipse.osgi.storage.bundlefile.ZipBundleEntry::getInputStream@8 (line 58)
                      ; - org.eclipse.osgi.storage.bundlefile.BundleEntry::getBytes@1 (line 97)
                      ; - org.eclipse.osgi.internal.loader.classpath.ClasspathManager::findClassImpl@109 (line 681)
  0x000002d08af88e48: b4ab 65ff 

  0x000002d08af88e4c: ;   {other}
  0x000002d08af88e4c: 0f1f 8400 | bc7c 00fd | baf6 ffff | ff4c 8b54 | 2430 4c89 | 5424 204c | 8944 2428 

  0x000002d08af88e68: ;   {runtime_call UncommonTrapBlob}
  0x000002d08af88e68: c5f8 77e8 

  0x000002d08af88e6c: ; ImmutableOopMap {[32]=Oop [40]=Oop [64]=Oop [72]=Oop [136]=Oop }
                      ;*getfield head {reexecute=1 rethrow=0 return_oop=0}
                      ; - (reexecute) java.util.LinkedHashMap$LinkedHashIterator::<init>@27
                      ; - java.util.LinkedHashMap$LinkedKeyIterator::<init>@3
                      ; - java.util.LinkedHashMap$LinkedKeySet::iterator@12
                      ; - java.util.HashSet::iterator@7
                      ; - java.util.Collections$UnmodifiableCollection$1::<init>@17
                      ; - java.util.Collections$UnmodifiableCollection::iterator@5
                      ; - org.eclipse.osgi.internal.loader.classpath.ClasspathEntry::findEntry@4 (line 203)
                      ; - org.eclipse.osgi.internal.loader.classpath.ClasspathManager::findClassImpl@95 (line 675)
  0x000002d08af88e6c: 90ab 65ff 

  0x000002d08af88e70: ;   {other}
  0x000002d08af88e70: 0f1f 8400 | e07c 00fe | baf6 ffff | ff48 8b6c | 2448 4c8b | 5424 784c | 8954 2448 | 4c8b 9424 
  0x000002d08af88e90: 8800 0000 | 4c89 5424 | 504c 8b94 | 2490 0000 | 004c 8954 | 2458 4c8b | 9424 9800 | 0000 4c89 
  0x000002d08af88eb0: 5424 7044 | 8b54 246c | 4489 5424 | 244c 8944 | 2468 4c89 | 8424 9800 | 0000 4c89 | 8c24 a800 
  0x000002d08af88ed0: 0000 4489 | 9c24 a400 | 0000 89bc | 24b0 0000 | 0066 6690 

  0x000002d08af88ee4: ;   {runtime_call UncommonTrapBlob}
  0x000002d08af88ee4: c5f8 77e8 

  0x000002d08af88ee8: ; ImmutableOopMap {rbp=Oop [32]=NarrowOop [40]=Oop [48]=Oop [56]=Oop [64]=Oop [72]=Oop [80]=Oop [88]=Oop [96]=Oop [104]=Oop [112]=Oop [152]=Oop [168]=Oop [176]=NarrowOop }
                      ;*arraylength {reexecute=0 rethrow=0 return_oop=0}
                      ; - java.util.WeakHashMap::expungeStaleEntries@32
                      ; - java.util.WeakHashMap::getTable@1
                      ; - java.util.WeakHashMap::put@13
                      ; - java.util.Collections$SetFromMap::add@8
                      ; - java.util.zip.ZipFile::getInputStream@231
                      ; - org.eclipse.osgi.storage.bundlefile.ZipBundleFile::doGetInputStream@5 (line 101)
                      ; - org.eclipse.osgi.storage.bundlefile.ZipBundleFile::doGetInputStream@5 (line 1)
                      ; - org.eclipse.osgi.storage.bundlefile.CloseableBundleFile::getInputStream@20 (line 487)
                      ; - org.eclipse.osgi.storage.bundlefile.ZipBundleEntry::getInputStream@8 (line 58)
                      ; - org.eclipse.osgi.storage.bundlefile.BundleEntry::getBytes@1 (line 97)
                      ; - org.eclipse.osgi.internal.loader.classpath.ClasspathManager::findClassImpl@109 (line 681)
  0x000002d08af88ee8: 14ab 65ff 

  0x000002d08af88eec: ;   {other}
  0x000002d08af88eec: 0f1f 8400 | 5c7d 00ff | baf6 ffff | ff48 8b6c | 2448 4c8b | 5c24 784c | 895c 2448 | 4c8b 9c24 
  0x000002d08af88f0c: 8800 0000 | 4c89 5c24 | 504c 8b9c | 2490 0000 | 004c 895c | 2458 4c8b | 9c24 9800 | 0000 4c89 
  0x000002d08af88f2c: 5c24 7044 | 8b5c 246c | 4489 5c24 | 244c 8954 | 2468 4c89 | 9424 9800 | 0000 6690 

  0x000002d08af88f48: ;   {runtime_call UncommonTrapBlob}
  0x000002d08af88f48: c5f8 77e8 

  0x000002d08af88f4c: ; ImmutableOopMap {rbp=Oop [32]=NarrowOop [40]=Oop [48]=Oop [56]=Oop [64]=Oop [72]=Oop [80]=Oop [88]=Oop [96]=Oop [104]=Oop [112]=Oop [152]=Oop }
                      ;*invokevirtual poll {reexecute=0 rethrow=0 return_oop=0}
                      ; - java.util.WeakHashMap::expungeStaleEntries@4
                      ; - java.util.WeakHashMap::getTable@1
                      ; - java.util.WeakHashMap::put@13
                      ; - java.util.Collections$SetFromMap::add@8
                      ; - java.util.zip.ZipFile::getInputStream@231
                      ; - org.eclipse.osgi.storage.bundlefile.ZipBundleFile::doGetInputStream@5 (line 101)
                      ; - org.eclipse.osgi.storage.bundlefile.ZipBundleFile::doGetInputStream@5 (line 1)
                      ; - org.eclipse.osgi.storage.bundlefile.CloseableBundleFile::getInputStream@20 (line 487)
                      ; - org.eclipse.osgi.storage.bundlefile.ZipBundleEntry::getInputStream@8 (line 58)
                      ; - org.eclipse.osgi.storage.bundlefile.BundleEntry::getBytes@1 (line 97)
                      ; - org.eclipse.osgi.internal.loader.classpath.ClasspathManager::findClassImpl@109 (line 681)
  0x000002d08af88f4c: b0aa 65ff 

  0x000002d08af88f50: ;   {other}
  0x000002d08af88f50: 0f1f 8400 | 0000 0000 | baf6 ffff | ff48 8b6c | 2448 4489 | 5c24 384c | 894c 2460 | 4c89 4424 
  0x000002d08af88f70: 6866 6690 

  0x000002d08af88f74: ;   {runtime_call UncommonTrapBlob}
  0x000002d08af88f74: c5f8 77e8 

  0x000002d08af88f78: ; ImmutableOopMap {rbp=Oop [32]=Oop [40]=Oop [48]=Oop [56]=NarrowOop [60]=NarrowOop [64]=Oop [88]=Oop [96]=Oop [104]=Oop [120]=Oop [136]=Oop }
                      ;*invokevirtual getBundleInfo {reexecute=0 rethrow=0 return_oop=0}
                      ; - org.eclipse.osgi.storage.bundlefile.CloseableBundleFile::lockOpen@75 (line 104)
                      ; - org.eclipse.osgi.storage.bundlefile.CloseableBundleFile::getInputStream@1 (line 483)
                      ; - org.eclipse.osgi.storage.bundlefile.ZipBundleEntry::getInputStream@8 (line 58)
                      ; - org.eclipse.osgi.storage.bundlefile.BundleEntry::getBytes@1 (line 97)
                      ; - org.eclipse.osgi.internal.loader.classpath.ClasspathManager::findClassImpl@109 (line 681)
  0x000002d08af88f78: 84aa 65ff 

  0x000002d08af88f7c: ;   {other}
  0x000002d08af88f7c: 0f1f 8400 | 0000 0000 | baf6 ffff | ff48 8b6c | 2448 4489 | 5c24 384c | 894c 2460 | 4c89 4424 
  0x000002d08af88f9c: 6866 6690 

  0x000002d08af88fa0: ;   {runtime_call UncommonTrapBlob}
  0x000002d08af88fa0: c5f8 77e8 

  0x000002d08af88fa4: ; ImmutableOopMap {rbp=Oop [32]=Oop [40]=Oop [48]=Oop [56]=NarrowOop [60]=NarrowOop [64]=Oop [88]=Oop [96]=Oop [104]=Oop [120]=Oop [136]=Oop }
                      ;*invokevirtual getStorage {reexecute=0 rethrow=0 return_oop=0}
                      ; - org.eclipse.osgi.storage.bundlefile.CloseableBundleFile::lockOpen@78 (line 104)
                      ; - org.eclipse.osgi.storage.bundlefile.CloseableBundleFile::getInputStream@1 (line 483)
                      ; - org.eclipse.osgi.storage.bundlefile.ZipBundleEntry::getInputStream@8 (line 58)
                      ; - org.eclipse.osgi.storage.bundlefile.BundleEntry::getBytes@1 (line 97)
                      ; - org.eclipse.osgi.internal.loader.classpath.ClasspathManager::findClassImpl@109 (line 681)
  0x000002d08af88fa4: 58aa 65ff 

  0x000002d08af88fa8: ;   {other}
  0x000002d08af88fa8: 0f1f 8400 | 0000 0000 | baf6 ffff | ff48 8b6c | 2448 4489 | 5c24 384c | 894c 2460 | 4c89 4424 
  0x000002d08af88fc8: 6866 6690 

  0x000002d08af88fcc: ;   {runtime_call UncommonTrapBlob}
  0x000002d08af88fcc: c5f8 77e8 

  0x000002d08af88fd0: ; ImmutableOopMap {rbp=Oop [32]=Oop [40]=Oop [48]=Oop [56]=NarrowOop [60]=NarrowOop [64]=Oop [88]=Oop [96]=Oop [104]=Oop [120]=Oop [136]=Oop }
                      ;*invokevirtual getAdaptor {reexecute=0 rethrow=0 return_oop=0}
                      ; - org.eclipse.osgi.storage.bundlefile.CloseableBundleFile::lockOpen@81 (line 104)
                      ; - org.eclipse.osgi.storage.bundlefile.CloseableBundleFile::getInputStream@1 (line 483)
                      ; - org.eclipse.osgi.storage.bundlefile.ZipBundleEntry::getInputStream@8 (line 58)
                      ; - org.eclipse.osgi.storage.bundlefile.BundleEntry::getBytes@1 (line 97)
                      ; - org.eclipse.osgi.internal.loader.classpath.ClasspathManager::findClassImpl@109 (line 681)
  0x000002d08af88fd0: 2caa 65ff 

  0x000002d08af88fd4: ;   {other}
  0x000002d08af88fd4: 0f1f 8400 | 0000 0000 | baf6 ffff | ff48 8b6c | 2448 4489 | 5c24 3844 | 8954 2460 | 4c89 4424 
  0x000002d08af88ff4: 6866 6690 

  0x000002d08af88ff8: ;   {runtime_call UncommonTrapBlob}
  0x000002d08af88ff8: c5f8 77e8 

  0x000002d08af88ffc: ; ImmutableOopMap {rbp=Oop [32]=Oop [40]=Oop [48]=Oop [56]=NarrowOop [60]=NarrowOop [64]=Oop [88]=Oop [96]=NarrowOop [104]=Oop [120]=Oop [136]=Oop }
                      ;*invokevirtual getModule {reexecute=0 rethrow=0 return_oop=0}
                      ; - org.eclipse.osgi.storage.bundlefile.CloseableBundleFile::lockOpen@89 (line 105)
                      ; - org.eclipse.osgi.storage.bundlefile.CloseableBundleFile::getInputStream@1 (line 483)
                      ; - org.eclipse.osgi.storage.bundlefile.ZipBundleEntry::getInputStream@8 (line 58)
                      ; - org.eclipse.osgi.storage.bundlefile.BundleEntry::getBytes@1 (line 97)
                      ; - org.eclipse.osgi.internal.loader.classpath.ClasspathManager::findClassImpl@109 (line 681)
  0x000002d08af88ffc: 00aa 65ff 

  0x000002d08af89000: ;   {other}
  0x000002d08af89000: 0f1f 8400 | 0000 0000 | baf6 ffff | ff48 8b6c | 2448 4c8b | 5c24 784c | 895c 2448 | 4c8b 9c24 
  0x000002d08af89020: 8800 0000 | 4c89 5c24 | 504c 8b9c | 2490 0000 | 004c 895c | 2458 4c8b | 9c24 9800 | 0000 4c89 
  0x000002d08af89040: 5c24 7044 | 8b44 246c | 4489 4424 | 244c 8954 | 2468 4c89 | 9424 9800 | 0000 4c89 | 8c24 a000 
  0x000002d08af89060: 0000 6690 

  0x000002d08af89064: ;   {runtime_call UncommonTrapBlob}
  0x000002d08af89064: c5f8 77e8 

  0x000002d08af89068: ; ImmutableOopMap {rbp=Oop [32]=NarrowOop [40]=Oop [48]=Oop [56]=Oop [64]=Oop [72]=Oop [80]=Oop [88]=Oop [96]=Oop [104]=Oop [112]=Oop [152]=Oop [160]=Oop }
                      ;*invokevirtual lock {reexecute=0 rethrow=0 return_oop=0}
                      ; - java.lang.ref.ReferenceQueue::poll@13
                      ; - java.util.WeakHashMap::expungeStaleEntries@4
                      ; - java.util.WeakHashMap::getTable@1
                      ; - java.util.WeakHashMap::put@13
                      ; - java.util.Collections$SetFromMap::add@8
                      ; - java.util.zip.ZipFile::getInputStream@231
                      ; - org.eclipse.osgi.storage.bundlefile.ZipBundleFile::doGetInputStream@5 (line 101)
                      ; - org.eclipse.osgi.storage.bundlefile.ZipBundleFile::doGetInputStream@5 (line 1)
                      ; - org.eclipse.osgi.storage.bundlefile.CloseableBundleFile::getInputStream@20 (line 487)
                      ; - org.eclipse.osgi.storage.bundlefile.ZipBundleEntry::getInputStream@8 (line 58)
                      ; - org.eclipse.osgi.storage.bundlefile.BundleEntry::getBytes@1 (line 97)
                      ; - org.eclipse.osgi.internal.loader.classpath.ClasspathManager::findClassImpl@109 (line 681)
  0x000002d08af89068: 94a9 65ff 

  0x000002d08af8906c: ;   {other}
  0x000002d08af8906c: 0f1f 8400 | 0000 0000 | baf6 ffff | ff48 8b6c | 2448 4c8b | 5c24 784c | 895c 2448 | 4c8b 9c24 
  0x000002d08af8908c: 8800 0000 | 4c89 5c24 | 504c 8b9c | 2490 0000 | 004c 895c | 2458 4c8b | 9c24 9800 | 0000 4c89 
  0x000002d08af890ac: 5c24 7044 | 8b5c 246c | 4489 5c24 | 244c 8954 | 2468 4c89 | 9424 9800 | 0000 4c89 | 8c24 a000 
  0x000002d08af890cc: 0000 6690 

  0x000002d08af890d0: ;   {runtime_call UncommonTrapBlob}
  0x000002d08af890d0: c5f8 77e8 

  0x000002d08af890d4: ; ImmutableOopMap {rbp=Oop [32]=NarrowOop [40]=Oop [48]=Oop [56]=Oop [64]=Oop [72]=Oop [80]=Oop [88]=Oop [96]=Oop [104]=Oop [112]=Oop [152]=Oop [160]=Oop }
                      ;*invokevirtual lock {reexecute=0 rethrow=0 return_oop=0}
                      ; - java.util.concurrent.locks.ReentrantLock::lock@4
                      ; - java.lang.ref.ReferenceQueue::poll@13
                      ; - java.util.WeakHashMap::expungeStaleEntries@4
                      ; - java.util.WeakHashMap::getTable@1
                      ; - java.util.WeakHashMap::put@13
                      ; - java.util.Collections$SetFromMap::add@8
                      ; - java.util.zip.ZipFile::getInputStream@231
                      ; - org.eclipse.osgi.storage.bundlefile.ZipBundleFile::doGetInputStream@5 (line 101)
                      ; - org.eclipse.osgi.storage.bundlefile.ZipBundleFile::doGetInputStream@5 (line 1)
                      ; - org.eclipse.osgi.storage.bundlefile.CloseableBundleFile::getInputStream@20 (line 487)
                      ; - org.eclipse.osgi.storage.bundlefile.ZipBundleEntry::getInputStream@8 (line 58)
                      ; - org.eclipse.osgi.storage.bundlefile.BundleEntry::getBytes@1 (line 97)
                      ; - org.eclipse.osgi.internal.loader.classpath.ClasspathManager::findClassImpl@109 (line 681)
  0x000002d08af890d4: 28a9 65ff 

  0x000002d08af890d8: ;   {other}
  0x000002d08af890d8: 0f1f 8400 | 0000 0000 | baf6 ffff | ff48 8b6c | 2448 4c8b | 5424 784c | 8954 2448 | 4c8b 9424 
  0x000002d08af890f8: 8800 0000 | 4c89 5424 | 504c 8b94 | 2490 0000 | 004c 8954 | 2458 4c8b | 9424 9800 | 0000 4c89 
  0x000002d08af89118: 5424 7844 | 8b5c 246c | 4489 5c24 | 244c 8b54 | 2470 4c89 | 5424 6890 

  0x000002d08af89130: ;   {runtime_call UncommonTrapBlob}
  0x000002d08af89130: c5f8 77e8 

  0x000002d08af89134: ; ImmutableOopMap {rbp=Oop [32]=NarrowOop [40]=Oop [48]=Oop [56]=Oop [64]=Oop [72]=Oop [80]=Oop [88]=Oop [96]=Oop [104]=Oop [112]=Oop [120]=Oop [160]=Oop }
                      ;*invokevirtual unlock {reexecute=0 rethrow=0 return_oop=0}
                      ; - java.lang.ref.ReferenceQueue::poll@25
                      ; - java.util.WeakHashMap::expungeStaleEntries@4
                      ; - java.util.WeakHashMap::getTable@1
                      ; - java.util.WeakHashMap::put@13
                      ; - java.util.Collections$SetFromMap::add@8
                      ; - java.util.zip.ZipFile::getInputStream@231
                      ; - org.eclipse.osgi.storage.bundlefile.ZipBundleFile::doGetInputStream@5 (line 101)
                      ; - org.eclipse.osgi.storage.bundlefile.ZipBundleFile::doGetInputStream@5 (line 1)
                      ; - org.eclipse.osgi.storage.bundlefile.CloseableBundleFile::getInputStream@20 (line 487)
                      ; - org.eclipse.osgi.storage.bundlefile.ZipBundleEntry::getInputStream@8 (line 58)
                      ; - org.eclipse.osgi.storage.bundlefile.BundleEntry::getBytes@1 (line 97)
                      ; - org.eclipse.osgi.internal.loader.classpath.ClasspathManager::findClassImpl@109 (line 681)
  0x000002d08af89134: c8a8 65ff 

  0x000002d08af89138: ;   {other}
  0x000002d08af89138: 0f1f 8400 | 0000 0000 | baf6 ffff | ff48 8b6c | 2448 4c8b | 5424 784c | 8954 2448 | 4c8b 9424 
  0x000002d08af89158: 8800 0000 | 4c89 5424 | 504c 8b94 | 2490 0000 | 004c 8954 | 2458 4c8b | 9424 9800 | 0000 4c89 
  0x000002d08af89178: 5424 7844 | 8b5c 246c | 4489 5c24 | 244c 8b54 | 2470 4c89 | 5424 6890 

  0x000002d08af89190: ;   {runtime_call UncommonTrapBlob}
  0x000002d08af89190: c5f8 77e8 

  0x000002d08af89194: ; ImmutableOopMap {rbp=Oop [32]=NarrowOop [40]=Oop [48]=Oop [56]=Oop [64]=Oop [72]=Oop [80]=Oop [88]=Oop [96]=Oop [104]=Oop [112]=Oop [120]=Oop [160]=Oop }
                      ;*invokevirtual release {reexecute=0 rethrow=0 return_oop=0}
                      ; - java.util.concurrent.locks.ReentrantLock::unlock@5
                      ; - java.lang.ref.ReferenceQueue::poll@25
                      ; - java.util.WeakHashMap::expungeStaleEntries@4
                      ; - java.util.WeakHashMap::getTable@1
                      ; - java.util.WeakHashMap::put@13
                      ; - java.util.Collections$SetFromMap::add@8
                      ; - java.util.zip.ZipFile::getInputStream@231
                      ; - org.eclipse.osgi.storage.bundlefile.ZipBundleFile::doGetInputStream@5 (line 101)
                      ; - org.eclipse.osgi.storage.bundlefile.ZipBundleFile::doGetInputStream@5 (line 1)
                      ; - org.eclipse.osgi.storage.bundlefile.CloseableBundleFile::getInputStream@20 (line 487)
                      ; - org.eclipse.osgi.storage.bundlefile.ZipBundleEntry::getInputStream@8 (line 58)
                      ; - org.eclipse.osgi.storage.bundlefile.BundleEntry::getBytes@1 (line 97)
                      ; - org.eclipse.osgi.internal.loader.classpath.ClasspathManager::findClassImpl@109 (line 681)
  0x000002d08af89194: 68a8 65ff 

  0x000002d08af89198: ;   {other}
  0x000002d08af89198: 0f1f 8400 | 0000 0000 | 488b d8e9 | 7e02 0000 | 488b d8e9 | 7602 0000 | e9f6 0900 | 0048 8bd8 
  0x000002d08af891b8: e969 0200 | 0048 8bd8 | e961 0200 | 00e9 c901 | 0000 e91b | 0a00 0048 | 8944 2458 | 448b 5d18 
  0x000002d08af891d8: 4585 db0f | 84e7 0c00 | 0049 8bd3 

  0x000002d08af891e4: ;   {optimized virtual_call}
  0x000002d08af891e4: c5f8 77e8 

  0x000002d08af891e8: ; ImmutableOopMap {[40]=Oop [48]=Oop [56]=Oop [64]=Oop [72]=Oop [80]=Oop [88]=Oop [96]=Oop [112]=Oop [120]=Oop [136]=Oop [144]=Oop [152]=Oop }
                      ;*invokevirtual unlock {reexecute=0 rethrow=0 return_oop=0}
                      ; - java.lang.ref.ReferenceQueue::poll@35
                      ; - java.util.WeakHashMap::expungeStaleEntries@4
                      ; - java.util.WeakHashMap::getTable@1
                      ; - java.util.WeakHashMap::put@13
                      ; - java.util.Collections$SetFromMap::add@8
                      ; - java.util.zip.ZipFile::getInputStream@231
                      ; - org.eclipse.osgi.storage.bundlefile.ZipBundleFile::doGetInputStream@5 (line 101)
                      ; - org.eclipse.osgi.storage.bundlefile.ZipBundleFile::doGetInputStream@5 (line 1)
                      ; - org.eclipse.osgi.storage.bundlefile.CloseableBundleFile::getInputStream@20 (line 487)
                      ; - org.eclipse.osgi.storage.bundlefile.ZipBundleEntry::getInputStream@8 (line 58)
                      ; - org.eclipse.osgi.storage.bundlefile.BundleEntry::getBytes@1 (line 97)
                      ; - org.eclipse.osgi.internal.loader.classpath.ClasspathManager::findClassImpl@109 (line 681)
  0x000002d08af891e8: 9455 65ff 

  0x000002d08af891ec: ;   {other}
  0x000002d08af891ec: 0f1f 8400 | 0000 0000 | 488b 5c24 | 58e9 2802 | 0000 488b | d8e9 2002 | 0000 e9df | 0900 00e9 
  0x000002d08af8920c: 9b09 0000 | e996 0900 | 00e9 9109 | 0000 e98c | 0900 00e9 | 8709 0000 | 488b d8e9 | fa01 0000 
  0x000002d08af8922c: 448b 4008 | 49ba 0000 | 0097 d002 | 0000 4d03 | d0e9 d605 | 0000 e964 | 0900 0044 | 8b58 0849 
  0x000002d08af8924c: ba00 0000 | 97d0 0200 | 004d 03d3 | 4d8b 5248 

  0x000002d08af8925c: ;   {metadata('java/io/IOException')}
  0x000002d08af8925c: 49bb c050 | 0498 d002 | 0000 4d3b | d30f 8554 | 0800 00e9 | 4c08 0000 | 488b d8e9 | 6a08 0000 
  0x000002d08af8927c: 488b d8e9 | 6208 0000 | 488b d8e9 | 9a01 0000 | 488b d8e9 | 9201 0000 | 488b e8e9 | 7803 0000 
  0x000002d08af8929c: e949 0900 | 00e9 4409 | 0000 e93f | 0900 0048 | 8bd8 e973 | 0100 0048 | 8be8 e9ce | 0800 0048 
  0x000002d08af892bc: 8bd8 e923 | 0800 0048 | 8bd8 e91b | 0800 0048 | 8bd8 e913 | 0800 0048 | 8bd8 e90b | 0800 0048 
  0x000002d08af892dc: 8bd8 e903 | 0800 0048 | 8be8 e9b5 | 0700 0048 | 8bd8 e9f3 | 0700 00e9 | 9b00 0000 | eb52 e9ac 
  0x000002d08af892fc: 0800 00e9 | e608 0000 | e9e1 0800 | 00e9 dc08 | 0000 e9d7 | 0800 0048 | 8bd8 e90b | 0100 00e9 
  0x000002d08af8931c: ca08 0000 | 488b d8e9 | fe00 0000 | 488b d8e9 | f600 0000 | e976 0800 | 00e9 7108 | 0000 488b 
  0x000002d08af8933c: d8e9 e400 | 0000 488b | d8e9 dc00 | 0000 eb00 | 488b e8e9 | 3508 0000 | 488b d8e9 

  0x000002d08af89358: ;   {no_reloc}
  0x000002d08af89358: ca00 0000 | 488b d8e9 | c200 0000 | eb2d eb2b | 488b e844 | 8b5c 2438 | 458b 5b1c | 4585 db0f 
  0x000002d08af89378: 8417 0b00 | 0049 8bd3 

  0x000002d08af89380: ;   {optimized virtual_call}
  0x000002d08af89380: c5f8 77e8 

  0x000002d08af89384: ; ImmutableOopMap {rbp=Oop [40]=Oop [48]=Oop [64]=Oop [72]=Oop [80]=Oop [120]=Oop [136]=Oop [144]=Oop }
                      ;*invokevirtual unlock {reexecute=0 rethrow=0 return_oop=0}
                      ; - org.eclipse.osgi.storage.bundlefile.CloseableBundleFile::decrementReference@45 (line 467)
                      ; - org.eclipse.osgi.storage.bundlefile.CloseableBundleFile$BundleEntryInputStream::close@82 (line 537)
                      ; - org.eclipse.osgi.storage.StorageUtil::getBytes@161 (line 213)
                      ; - org.eclipse.osgi.storage.bundlefile.BundleEntry::getBytes@16 (line 102)
                      ; - org.eclipse.osgi.internal.loader.classpath.ClasspathManager::findClassImpl@109 (line 681)
  0x000002d08af89384: f853 65ff 

  0x000002d08af89388: ;   {other}
  0x000002d08af89388: 0f1f 8400 | 0000 0000 | 488b c544 | 8b58 0849 | ba00 0000 | 97d0 0200 | 004d 03d3 | e96f 0400 
  0x000002d08af893a8: 00e9 3c08 | 0000 4c8b | c044 8b58 | 0849 ba00 | 0000 97d0 | 0200 004d | 03d3 e914 

  0x000002d08af893c4: ;   {oop(a 'org/eclipse/osgi/container/ModuleContainerAdaptor$ContainerEvent'{0x00000000801df748})}
  0x000002d08af893c4: 0200 0049 | b848 f71d | 8000 0000 | 0048 8b4c | 2460 4c8b | 4c24 68e9 | 8405 0000 | e905 0800 
  0x000002d08af893e4: 00e9 0008 | 0000 e9fb | 0700 00e9 | f607 0000 | 4889 4424 | 5844 8b55 | 1845 85d2 | 0f84 2a0a 
  0x000002d08af89404: 0000 498b | d266 6690 

  0x000002d08af8940c: ;   {optimized virtual_call}
  0x000002d08af8940c: c5f8 77e8 

  0x000002d08af89410: ; ImmutableOopMap {[40]=Oop [48]=Oop [56]=Oop [64]=Oop [72]=Oop [80]=Oop [88]=Oop [96]=Oop [112]=Oop [120]=Oop [136]=Oop [144]=Oop [152]=Oop }
                      ;*invokevirtual unlock {reexecute=0 rethrow=0 return_oop=0}
                      ; - java.lang.ref.ReferenceQueue::poll@35
                      ; - java.util.WeakHashMap::expungeStaleEntries@4
                      ; - java.util.WeakHashMap::getTable@1
                      ; - java.util.WeakHashMap::put@13
                      ; - java.util.Collections$SetFromMap::add@8
                      ; - java.util.zip.ZipFile::getInputStream@231
                      ; - org.eclipse.osgi.storage.bundlefile.ZipBundleFile::doGetInputStream@5 (line 101)
                      ; - org.eclipse.osgi.storage.bundlefile.ZipBundleFile::doGetInputStream@5 (line 1)
                      ; - org.eclipse.osgi.storage.bundlefile.CloseableBundleFile::getInputStream@20 (line 487)
                      ; - org.eclipse.osgi.storage.bundlefile.ZipBundleEntry::getInputStream@8 (line 58)
                      ; - org.eclipse.osgi.storage.bundlefile.BundleEntry::getBytes@1 (line 97)
                      ; - org.eclipse.osgi.internal.loader.classpath.ClasspathManager::findClassImpl@109 (line 681)
  0x000002d08af89410: 6c53 65ff 

  0x000002d08af89414: ;   {other}
  0x000002d08af89414: 0f1f 8400 | 0000 0000 | 488b 5c24 | 58eb 0348 | 8bd8 4c8b | 5c24 3848 | 8d84 24f8 | 0000 0048 
  0x000002d08af89434: 8338 000f | 8479 0000 | 004d 8b13 | 41f6 c202 | 0f84 6200 | 0000 4983 | ba86 0000 | 0000 7409 
  0x000002d08af89454: 49ff 8a86 | 0000 00eb | 4b49 8b82 | 9600 0000 | 490b 828e | 0000 0075 | 0a49 c742 | 3e00 0000 
  0x000002d08af89474: 00eb 3d49 | 83ba 9e00 | 0000 0074 | 2248 33c0 | 49c7 423e | 0000 0000 | f083 0424 | 0049 83ba 
  0x000002d08af89494: 9e00 0000 | 0075 0df0 | 4d0f b17a | 3e75 0583 | c801 eb0c | a800 eb08 | 4c8b 10f0 | 4d0f b113 
  0x000002d08af894b4: 750a 49ff | 8f50 0500 | 0045 33d2 | 0f84 2006 | 0000 488b | 4c24 3848 | 8d94 24f8 | 0000 004d 
  0x000002d08af894d4: 8bc7 c5f8 | 7749 bab0 | cfa0 19f8 | 7f00 0041 

  0x000002d08af894e4: ;   {other}
  0x000002d08af894e4: ffd2 0f1f | 8400 0000 | 0000 e9f3 | 0500 0048 | 8bd8 4c8b | 5c24 6048 | 8d84 24f0 | 0000 0048 
  0x000002d08af89504: 8338 000f | 8479 0000 | 004d 8b13 | 41f6 c202 | 0f84 6200 | 0000 4983 | ba86 0000 | 0000 7409 
  0x000002d08af89524: 49ff 8a86 | 0000 00eb | 4b49 8b82 | 9600 0000 | 490b 828e | 0000 0075 | 0a49 c742 | 3e00 0000 
  0x000002d08af89544: 00eb 3d49 | 83ba 9e00 | 0000 0074 | 2248 33c0 | 49c7 423e | 0000 0000 | f083 0424 | 0049 83ba 
  0x000002d08af89564: 9e00 0000 | 0075 0df0 | 4d0f b17a | 3e75 0583 | c801 eb0c | a800 eb08 | 4c8b 10f0 | 4d0f b113 
  0x000002d08af89584: 750a 49ff | 8f50 0500 | 0045 33d2 | 7435 498b | cb48 8d94 | 24f0 0000 | 004d 8bc7 | c5f8 7749 
  0x000002d08af895a4: bab0 cfa0 | 19f8 7f00 | 0041 ffd2 

  0x000002d08af895b0: ;   {other}
  0x000002d08af895b0: 0f1f 8400 | 0000 0000 | eb0d 488b | d8eb 0848 | 8bd8 eb03 | 488b d84c | 8bc3 448b | 5b08 49ba 
  0x000002d08af895d0: 0000 0097 | d002 0000 | 4d03 d34d 

  0x000002d08af895dc: ;   {metadata('java/io/IOException')}
  0x000002d08af895dc: 8b52 4849 | bbc0 5004 | 98d0 0200 | 004d 3bd3 | 0f85 4a01 | 0000 488b | 5424 3890 

  0x000002d08af895f8: ;   {optimized virtual_call}
  0x000002d08af895f8: c5f8 77e8 

  0x000002d08af895fc: ; ImmutableOopMap {[40]=Oop [48]=Oop [56]=Oop [64]=Oop [72]=Oop [80]=Oop [120]=Oop [136]=Oop [144]=Oop }
                      ;*invokespecial enrichExceptionWithBaseFile {reexecute=0 rethrow=0 return_oop=1}
                      ; - org.eclipse.osgi.storage.bundlefile.CloseableBundleFile$BundleEntryInputStream::close@10 (line 530)
                      ; - org.eclipse.osgi.storage.StorageUtil::getBytes@161 (line 213)
                      ; - org.eclipse.osgi.storage.bundlefile.BundleEntry::getBytes@16 (line 102)
                      ; - org.eclipse.osgi.internal.loader.classpath.ClasspathManager::findClassImpl@109 (line 681)
  0x000002d08af895fc: 8051 65ff 

  0x000002d08af89600: ;   {other}
  0x000002d08af89600: 0f1f 8400 | 0000 0000 | 4885 c00f | 84c0 0600 | 0048 8be8 | 488b 7c24 | 3848 8d9c | 24f0 0000 
  0x000002d08af89620: 0048 8b07 | a802 0f85 | 2300 0000 | 4883 c801 | 4889 03f0 | 480f b11f | 0f84 3700 | 0000 482b 
  0x000002d08af89640: c448 2507 | f0ff ff48 | 8903 e924 | 0000 004c | 8bd0 4833 | c0f0 4d0f | b17a 3e48 | c703 0300 
  0x000002d08af89660: 0000 7411 | 4c3b f875 | 1549 ff82 | 8600 0000 | 4833 c075 | 0949 ff87 | 5005 0000 | 33c0 0f85 
  0x000002d08af89680: f105 0000 | 440f b657 | 1045 85d2 | 0f84 b200 | 0000 488d | 8424 f000 | 0000 4883 | 3800 0f84 
  0x000002d08af896a0: 7900 0000 | 4c8b 1741 | f6c2 020f | 8462 0000 | 0049 83ba | 8600 0000 | 0074 0949 | ff8a 8600 
  0x000002d08af896c0: 0000 eb4b | 498b 8296 | 0000 0049 | 0b82 8e00 | 0000 750a | 49c7 423e | 0000 0000 | eb3d 4983 
  0x000002d08af896e0: ba9e 0000 | 0000 7422 | 4833 c049 | c742 3e00 | 0000 00f0 | 8304 2400 | 4983 ba9e 

  0x000002d08af896fc: ;   {no_reloc}
  0x000002d08af896fc: 0000 0000 | 750d f04d | 0fb1 7a3e | 7505 83c8 | 01eb 0ca8 | 00eb 084c | 8b10 f04c | 0fb1 1775 
  0x000002d08af8971c: 0a49 ff8f | 5005 0000 | 4533 d20f | 8579 0500 | 004c 8b74 | 2428 4c8b | 6c24 50e9 | 3fa6 ffff 
  0x000002d08af8973c: 498b e8e9 | d0fe ffff | c647 1001 | 488d 8424 | f000 0000 | 4883 3800 | 0f84 7900 | 0000 4c8b 
  0x000002d08af8975c: 1741 f6c2 | 020f 8462 | 0000 0049 | 83ba 8600 | 0000 0074 | 0949 ff8a | 8600 0000 | eb4b 498b 
  0x000002d08af8977c: 8296 0000 | 0049 0b82 | 8e00 0000 | 750a 49c7 | 423e 0000 | 0000 eb3d | 4983 ba9e | 0000 0000 
  0x000002d08af8979c: 7422 4833 | c049 c742 | 3e00 0000 | 00f0 8304 | 2400 4983 | ba9e 0000 | 0000 750d | f04d 0fb1 
  0x000002d08af897bc: 7a3e 7505 | 83c8 01eb | 0ca8 00eb | 084c 8b10 | f04c 0fb1 | 1775 0a49 | ff8f 5005 | 0000 4533 
  0x000002d08af897dc: d20f 8595 | 0500 0044 | 8b57 1445 | 85d2 0f84 | 5505 0000 | 498b d290 

  0x000002d08af897f4: ;   {optimized virtual_call}
  0x000002d08af897f4: c5f8 77e8 

  0x000002d08af897f8: ; ImmutableOopMap {rbp=Oop [40]=Oop [48]=Oop [64]=Oop [72]=Oop [80]=Oop [120]=Oop [136]=Oop [144]=Oop }
                      ;*invokevirtual decrementReference {reexecute=0 rethrow=0 return_oop=0}
                      ; - org.eclipse.osgi.storage.bundlefile.CloseableBundleFile$BundleEntryInputStream::close@46 (line 537)
                      ; - org.eclipse.osgi.storage.StorageUtil::getBytes@161 (line 213)
                      ; - org.eclipse.osgi.storage.bundlefile.BundleEntry::getBytes@16 (line 102)
                      ; - org.eclipse.osgi.internal.loader.classpath.ClasspathManager::findClassImpl@109 (line 681)
  0x000002d08af897f8: 844f 65ff 

  0x000002d08af897fc: ;   {other}
  0x000002d08af897fc: 0f1f 8400 | 0000 0000 | 448b 4508 | 49ba 0000 | 0097 d002 | 0000 4d03 | d048 8bc5 | 4d8b 5248 
  0x000002d08af8981c: ;   {metadata('java/io/IOException')}
  0x000002d08af8981c: 49bb c050 | 0498 d002 | 0000 4d3b | d30f 8594 | 0200 004c | 8b74 2428 | 4c8b 6c24 | 50e9 3da5 
  0x000002d08af8983c: ffff e9a7 | 0300 00e9 | a203 0000 | 4889 8424 | 9000 0000 | eb08 4889 | 8424 9000 | 0000 448b 
  0x000002d08af8985c: 5424 3845 | 8b42 1c45 | 85c0 0f84 | 3705 0000 | 8b6c 2438 | 498b d090 

  0x000002d08af89874: ;   {optimized virtual_call}
  0x000002d08af89874: c5f8 77e8 

  0x000002d08af89878: ; ImmutableOopMap {rbp=NarrowOop [32]=Oop [40]=Oop [48]=Oop [60]=NarrowOop [64]=Oop [72]=Oop [80]=Oop [120]=Oop [136]=Oop [144]=Oop }
                      ;*invokevirtual unlock {reexecute=0 rethrow=0 return_oop=0}
                      ; - org.eclipse.osgi.storage.bundlefile.CloseableBundleFile::lockOpen@18 (line 91)
                      ; - org.eclipse.osgi.storage.bundlefile.CloseableBundleFile::getInputStream@1 (line 483)
                      ; - org.eclipse.osgi.storage.bundlefile.ZipBundleEntry::getInputStream@8 (line 58)
                      ; - org.eclipse.osgi.storage.bundlefile.BundleEntry::getBytes@1 (line 97)
                      ; - org.eclipse.osgi.internal.loader.classpath.ClasspathManager::findClassImpl@109 (line 681)
  0x000002d08af89878: 044f 65ff 

  0x000002d08af8987c: ;   {other}
  0x000002d08af8987c: 0f1f 8400 | 0000 0000 | 8bcd 448b | 4128 4c8b | 8c24 9000 | 0000 458b | 5108 49bb | 0000 0097 
  0x000002d08af8989c: d002 0000 | 4d03 da4d | 8b5b 4845 | 85c0 0f84 | 5601 0000 | 4c89 5c24 | 6048 ffb4 | 2490 0000 
  0x000002d08af898bc: 0048 8f44 | 2458 498b | d066 6690 

  0x000002d08af898c8: ;   {optimized virtual_call}
  0x000002d08af898c8: c5f8 77e8 

  0x000002d08af898cc: ; ImmutableOopMap {rbp=NarrowOop [32]=Oop [40]=Oop [48]=Oop [60]=NarrowOop [64]=Oop [72]=Oop [80]=Oop [88]=Oop [120]=Oop [136]=Oop }
                      ;*invokevirtual getRevision {reexecute=0 rethrow=0 return_oop=1}
                      ; - org.eclipse.osgi.storage.bundlefile.CloseableBundleFile::lockOpen@32 (line 93)
                      ; - org.eclipse.osgi.storage.bundlefile.CloseableBundleFile::getInputStream@1 (line 483)
                      ; - org.eclipse.osgi.storage.bundlefile.ZipBundleEntry::getInputStream@8 (line 58)
                      ; - org.eclipse.osgi.storage.bundlefile.BundleEntry::getBytes@1 (line 97)
                      ; - org.eclipse.osgi.internal.loader.classpath.ClasspathManager::findClassImpl@109 (line 681)
  0x000002d08af898cc: b04e 65ff 

  0x000002d08af898d0: ;   {other}
  0x000002d08af898d0: 0f1f 8400 | 0000 0000 | 4c8b c848 | 85c0 0f84 | 2803 0000 | 488b 4c24 

  0x000002d08af898e8: ;   {metadata('java/io/IOException')}
  0x000002d08af898e8: 6049 bac0 | 5004 98d0 | 0200 0049 | 3bca 0f85 | 0103 0000 | 448b 5020 | 4585 d20f | 8403 0500 
  0x000002d08af89908: 0048 8944 | 2468 498b | d266 6690 

  0x000002d08af89914: ;   {optimized virtual_call}
  0x000002d08af89914: c5f8 77e8 

  0x000002d08af89918: ; ImmutableOopMap {rbp=NarrowOop [32]=Oop [40]=Oop [48]=Oop [60]=NarrowOop [64]=Oop [72]=Oop [80]=Oop [88]=Oop [104]=Oop [120]=Oop [136]=Oop }
                      ;*invokevirtual getModuleRevisions {reexecute=0 rethrow=0 return_oop=1}
                      ; - org.eclipse.osgi.storage.bundlefile.CloseableBundleFile::lockOpen@55 (line 99)
                      ; - org.eclipse.osgi.storage.bundlefile.CloseableBundleFile::getInputStream@1 (line 483)
                      ; - org.eclipse.osgi.storage.bundlefile.ZipBundleEntry::getInputStream@8 (line 58)
                      ; - org.eclipse.osgi.storage.bundlefile.BundleEntry::getBytes@1 (line 97)
                      ; - org.eclipse.osgi.internal.loader.classpath.ClasspathManager::findClassImpl@109 (line 681)
  0x000002d08af89918: 644e 65ff 

  0x000002d08af8991c: ;   {other}
  0x000002d08af8991c: 0f1f 8400 | 0000 0000 | 488b d04c | 8b44 2468 | 6690 c5f8 | 7748 b8ff | ffff ffff 

  0x000002d08af89938: ;   {virtual_call}
  0x000002d08af89938: ffff ffe8 

  0x000002d08af8993c: ; ImmutableOopMap {rbp=NarrowOop [32]=Oop [40]=Oop [48]=Oop [60]=NarrowOop [64]=Oop [72]=Oop [80]=Oop [88]=Oop [104]=Oop [120]=Oop [136]=Oop }
                      ;*invokeinterface contains {reexecute=0 rethrow=0 return_oop=0}
                      ; - org.eclipse.osgi.storage.bundlefile.CloseableBundleFile::lockOpen@59 (line 99)
                      ; - org.eclipse.osgi.storage.bundlefile.CloseableBundleFile::getInputStream@1 (line 483)
                      ; - org.eclipse.osgi.storage.bundlefile.ZipBundleEntry::getInputStream@8 (line 58)
                      ; - org.eclipse.osgi.storage.bundlefile.BundleEntry::getBytes@1 (line 97)
                      ; - org.eclipse.osgi.internal.loader.classpath.ClasspathManager::findClassImpl@109 (line 681)
  0x000002d08af8993c: 4051 65ff 

  0x000002d08af89940: ;   {other}
  0x000002d08af89940: 0f1f 8400 | 0000 0000 | 85c0 0f84 | 77fa ffff 

  0x000002d08af89950: ;   {oop(a 'org/eclipse/osgi/container/ModuleContainerAdaptor$ContainerEvent'{0x00000000801df730})}
  0x000002d08af89950: 49b8 30f7 | 1d80 0000 | 0000 488b | 4c24 604c | 8b4c 2468 | 448b dd45 | 8b53 2841 | 8b5a 4c44 
  0x000002d08af89970: 8b53 0c45 | 8b52 3441 | 8b59 208b | 6b14 4d8b | 8fc8 0100 | 0049 8b87 | b801 0000 | 488b d848 
  0x000002d08af89990: 83c3 1049 | 3bd9 0f83 | 7f02 0000 | 4989 9fb8 | 0100 000f | 1883 0001 | 0000 48c7 | 0001 0000 
  0x000002d08af899b0: 000f 1883 | 4001 0000 

  0x000002d08af899b8: ;   {metadata('org/osgi/framework/FrameworkListener'[])}
  0x000002d08af899b8: c740 08d0 | 6511 010f | 1883 8001 | 0000 4489 | 600c 4c8b | c845 85d2 | 0f84 0604 | 0000 498b 
  0x000002d08af899d8: d948 894c | 2460 4c8b | cd49 8bd2 | 488b 7c24 | 5848 8bf3 

  0x000002d08af899ec: ;   {optimized virtual_call}
  0x000002d08af899ec: c5f8 77e8 

  0x000002d08af899f0: ; ImmutableOopMap {[32]=Oop [40]=Oop [48]=Oop [60]=NarrowOop [64]=Oop [72]=Oop [80]=Oop [88]=Oop [120]=Oop [136]=Oop }
                      ;*invokevirtual publishContainerEvent {reexecute=0 rethrow=0 return_oop=0}
                      ; - org.eclipse.osgi.storage.bundlefile.CloseableBundleFile::lockOpen@97 (line 104)
                      ; - org.eclipse.osgi.storage.bundlefile.CloseableBundleFile::getInputStream@1 (line 483)
                      ; - org.eclipse.osgi.storage.bundlefile.ZipBundleEntry::getInputStream@8 (line 58)
                      ; - org.eclipse.osgi.storage.bundlefile.BundleEntry::getBytes@1 (line 97)
                      ; - org.eclipse.osgi.internal.loader.classpath.ClasspathManager::findClassImpl@109 (line 681)
  0x000002d08af899f0: 8c4d 65ff 

  0x000002d08af899f4: ;   {other}
  0x000002d08af899f4: 0f1f 8400 | 0000 0000 | 4c8b 4c24 | 584c 8b5c 

  0x000002d08af89a04: ;   {metadata('java/io/IOException')}
  0x000002d08af89a04: 2460 49ba | c050 0498 | d002 0000 | 4d3b da0f | 84a7 0300 | 0049 8bc1 | e98a 0100 | 0048 8be8 
  0x000002d08af89a24: eb7a 448b 

  0x000002d08af89a28: ;   {metadata('java/lang/Error')}
  0x000002d08af89a28: 5008 49bb | a009 0197 | d002 0000 | 49b8 0000 | 0097 d002 | 0000 4d03 | c24d 8b50 | 404d 3bd3 
  0x000002d08af89a48: 0f85 9c01 | 0000 488b | d0e9 9701 | 0000 448b | 5008 49bb | 0000 0097 | d002 0000 | 4d03 da4d 
  0x000002d08af89a68: ;   {metadata('java/io/IOException')}
  0x000002d08af89a68: 8b53 4849 | bbc0 5004 | 98d0 0200 | 004d 3bd3 | 75a7 4c8b | c048 8b54 | 2438 6690 

  0x000002d08af89a84: ;   {optimized virtual_call}
  0x000002d08af89a84: c5f8 77e8 

  0x000002d08af89a88: ; ImmutableOopMap {[40]=Oop [48]=Oop [56]=Oop [64]=Oop [72]=Oop [120]=Oop [136]=Oop [144]=Oop }
                      ;*invokespecial enrichExceptionWithBaseFile {reexecute=0 rethrow=0 return_oop=1}
                      ; - org.eclipse.osgi.storage.bundlefile.CloseableBundleFile$BundleEntryInputStream::read@13 (line 555)
                      ; - org.eclipse.osgi.storage.StorageUtil::getBytes@22 (line 187)
                      ; - org.eclipse.osgi.storage.bundlefile.BundleEntry::getBytes@16 (line 102)
                      ; - org.eclipse.osgi.internal.loader.classpath.ClasspathManager::findClassImpl@109 (line 681)
  0x000002d08af89a88: f44c 65ff 

  0x000002d08af89a8c: ;   {other}
  0x000002d08af89a8c: 0f1f 8400 | 0000 0000 | 4885 c00f | 8463 0200 | 0048 8be8 | 488b 5424 | 384c 8b54 | 2448 4c89 
  0x000002d08af89aac: 5424 2090 

  0x000002d08af89ab0: ;   {optimized virtual_call}
  0x000002d08af89ab0: c5f8 77e8 

  0x000002d08af89ab4: ; ImmutableOopMap {rbp=Oop [32]=Oop [48]=Oop [64]=Oop [120]=Oop [136]=Oop [144]=Oop }
                      ;*invokevirtual close {reexecute=0 rethrow=0 return_oop=0}
                      ; - org.eclipse.osgi.storage.StorageUtil::getBytes@149 (line 213)
                      ; - org.eclipse.osgi.storage.bundlefile.BundleEntry::getBytes@16 (line 102)
                      ; - org.eclipse.osgi.internal.loader.classpath.ClasspathManager::findClassImpl@109 (line 681)
  0x000002d08af89ab4: c84c 65ff 

  0x000002d08af89ab8: ;   {other}
  0x000002d08af89ab8: 0f1f 8400 | 0000 0000 | 488b c544 | 8b50 0849 | bb00 0000 | 97d0 0200 | 004d 03da | e9e3 0000 
  0x000002d08af89ad8: 0048 8bd8 | eb08 488b | d8eb 0348 | 8bd8 4c8b | 5c24 2848 | 8d84 24f0 | 0000 0048 | 8338 000f 
  0x000002d08af89af8: 8479 0000 | 004d 8b13 | 41f6 c202 | 0f84 6200 | 0000 4983 | ba86 0000 | 0000 7409 | 49ff 8a86 
  0x000002d08af89b18: 0000 00eb | 4b49 8b82 | 9600 0000 | 490b 828e | 0000 0075 | 0a49 c742 | 3e00 0000 | 00eb 3d49 
  0x000002d08af89b38: 83ba 9e00 | 0000 0074 | 2248 33c0 | 49c7 423e | 0000 0000 | f083 0424 | 0049 83ba | 9e00 0000 
  0x000002d08af89b58: 0075 0df0 | 4d0f b17a | 3e75 0583 | c801 eb0c | a800 eb08 | 4c8b 10f0 | 4d0f b113 | 750a 49ff 
  0x000002d08af89b78: 8f50 0500 | 0045 33d2 | 0f85 9201 | 0000 488b | eb48 8b54 | 2450 4c8b | 5424 484c | 8954 2420 
  0x000002d08af89b98: ;   {optimized virtual_call}
  0x000002d08af89b98: c5f8 77e8 

  0x000002d08af89b9c: ; ImmutableOopMap {rbp=Oop [32]=Oop [48]=Oop [64]=Oop [120]=Oop [136]=Oop [144]=Oop [152]=Oop }
                      ;*invokevirtual releaseOpen {reexecute=0 rethrow=0 return_oop=0}
                      ; - org.eclipse.osgi.storage.bundlefile.CloseableBundleFile::getInputStream@53 (line 493)
                      ; - org.eclipse.osgi.storage.bundlefile.ZipBundleEntry::getInputStream@8 (line 58)
                      ; - org.eclipse.osgi.storage.bundlefile.BundleEntry::getBytes@1 (line 97)
                      ; - org.eclipse.osgi.internal.loader.classpath.ClasspathManager::findClassImpl@109 (line 681)
  0x000002d08af89b9c: e04b 65ff 

  0x000002d08af89ba0: ;   {other}
  0x000002d08af89ba0: 0f1f 8400 | 0000 0000 | 488b c544 | 8b50 0849 | bb00 0000 | 97d0 0200 | 004d 03da | 4d8b 5348 
  0x000002d08af89bc0: ;   {metadata('java/io/IOException')}
  0x000002d08af89bc0: 49bb c050 | 0498 d002 | 0000 4d3b | d375 1b48 | 8be8 bac6 | 0200 0090 

  0x000002d08af89bd8: ;   {runtime_call UncommonTrapBlob}
  0x000002d08af89bd8: c5f8 77e8 

  0x000002d08af89bdc: ; ImmutableOopMap {rbp=Oop [48]=Oop }
                      ;*new {reexecute=0 rethrow=0 return_oop=0}
                      ; - org.eclipse.osgi.internal.loader.classpath.ClasspathManager::findClassImpl@164 (line 686)
  0x000002d08af89bdc: 209e 65ff 

  0x000002d08af89be0: ;   {other}
  0x000002d08af89be0: 0f1f 8400 | 0000 0000 | eb00 488b | d0c5 f877 | 4881 c410 | 0100 005d 

  0x000002d08af89bf8: ;   {runtime_call _rethrow_Java}
  0x000002d08af89bf8: e903 0471 

  0x000002d08af89bfc: ;   {oop(a 'org/eclipse/osgi/container/ModuleContainerAdaptor$ContainerEvent'{0x00000000801df730})}
  0x000002d08af89bfc: ff49 b830 | f71d 8000 | 0000 00e9 | 58fd ffff | 4c8b 4c24 | 584c 8b5c | 2460 e9eb | fdff ff44 
  0x000002d08af89c1c: 8954 2470 | 4c89 4424 | 6848 894c | 2460 4489 

  0x000002d08af89c2c: ;   {metadata('org/osgi/framework/FrameworkListener'[])}
  0x000002d08af89c2c: 5c24 3848 | bad0 6511 | 98d0 0200 | 0045 33c0 | 4c8b 5424 | 584c 8994 | 2490 0000 | 0066 6690 
  0x000002d08af89c4c: ;   {runtime_call _new_array_Java}
  0x000002d08af89c4c: c5f8 77e8 

  0x000002d08af89c50: ; ImmutableOopMap {rbp=NarrowOop [32]=Oop [40]=Oop [48]=Oop [56]=NarrowOop [60]=NarrowOop [64]=Oop [72]=Oop [80]=Oop [88]=Oop [104]=Oop [112]=NarrowOop [120]=Oop [136]=Oop [144]=Oop }
                      ;*anewarray {reexecute=0 rethrow=0 return_oop=1}
                      ; - org.eclipse.osgi.storage.bundlefile.CloseableBundleFile::lockOpen@94 (line 105)
                      ; - org.eclipse.osgi.storage.bundlefile.CloseableBundleFile::getInputStream@1 (line 483)
                      ; - org.eclipse.osgi.storage.bundlefile.ZipBundleEntry::getInputStream@8 (line 58)
                      ; - org.eclipse.osgi.storage.bundlefile.BundleEntry::getBytes@1 (line 97)
                      ; - org.eclipse.osgi.internal.loader.classpath.ClasspathManager::findClassImpl@109 (line 681)
  0x000002d08af89c50: acc8 70ff 

  0x000002d08af89c54: ;   {other}
  0x000002d08af89c54: 0f1f 8400 | 0000 0000 | 448b 5c24 | 3848 8b4c | 2460 4c8b | 4424 6844 | 8b54 2470 | e955 fdff 
  0x000002d08af89c74: ff48 ff74 | 2438 488f | 4424 2048 | 8b54 2438 | 4c8d 8424 | f000 0000 

  0x000002d08af89c8c: ;   {runtime_call _complete_monitor_locking_Java}
  0x000002d08af89c8c: c5f8 77e8 

  0x000002d08af89c90: ; ImmutableOopMap {rbp=Oop [32]=Oop [40]=Oop [48]=Oop [64]=Oop [72]=Oop [80]=Oop [120]=Oop [136]=Oop [144]=Oop }
                      ;*monitorenter {reexecute=0 rethrow=0 return_oop=0}
                      ; - org.eclipse.osgi.storage.bundlefile.CloseableBundleFile$BundleEntryInputStream::close@18 (line 532)
                      ; - org.eclipse.osgi.storage.StorageUtil::getBytes@161 (line 213)
                      ; - org.eclipse.osgi.storage.bundlefile.BundleEntry::getBytes@16 (line 102)
                      ; - org.eclipse.osgi.internal.loader.classpath.ClasspathManager::findClassImpl@109 (line 681)
  0x000002d08af89c90: ec26 71ff 

  0x000002d08af89c94: ;   {other}
  0x000002d08af89c94: 0f1f 8400 | 0000 0000 | 488b 7c24 | 20e9 def9 | ffff 488b | cf48 8d94 | 24f0 0000 | 004d 8bc7 
  0x000002d08af89cb4: c5f8 7749 | bab0 cfa0 | 19f8 7f00 | 0041 ffd2 

  0x000002d08af89cc4: ;   {other}
  0x000002d08af89cc4: 0f1f 8400 | 0000 0000 | e95c faff | ffba f6ff | ffff 488b | 6c24 484c | 8b54 2430 | 4c89 5424 
  0x000002d08af89ce4: 204c 8b54 | 2440 4c89 | 5424 3090 

  0x000002d08af89cf0: ;   {runtime_call UncommonTrapBlob}
  0x000002d08af89cf0: c5f8 77e8 

  0x000002d08af89cf4: ; ImmutableOopMap {rbp=Oop [32]=Oop [48]=Oop [56]=Oop [80]=Oop [120]=Oop [136]=Oop [144]=Oop }
                      ;*athrow {reexecute=1 rethrow=0 return_oop=0}
                      ; - (reexecute) org.eclipse.osgi.storage.bundlefile.CloseableBundleFile$BundleEntryInputStream::close@13 (line 530)
                      ; - org.eclipse.osgi.storage.StorageUtil::getBytes@161 (line 213)
                      ; - org.eclipse.osgi.storage.bundlefile.BundleEntry::getBytes@16 (line 102)
                      ; - org.eclipse.osgi.internal.loader.classpath.ClasspathManager::findClassImpl@109 (line 681)
  0x000002d08af89cf4: 089d 65ff 

  0x000002d08af89cf8: ;   {other}
  0x000002d08af89cf8: 0f1f 8400 | 0000 0000 | baf6 ffff | ff66 6690 

  0x000002d08af89d08: ;   {runtime_call UncommonTrapBlob}
  0x000002d08af89d08: c5f8 77e8 

  0x000002d08af89d0c: ; ImmutableOopMap {[40]=Oop [48]=Oop [56]=Oop [64]=Oop [72]=Oop [120]=Oop [136]=Oop [144]=Oop }
                      ;*athrow {reexecute=1 rethrow=0 return_oop=0}
                      ; - (reexecute) org.eclipse.osgi.storage.bundlefile.CloseableBundleFile$BundleEntryInputStream::read@16 (line 555)
                      ; - org.eclipse.osgi.storage.StorageUtil::getBytes@22 (line 187)
                      ; - org.eclipse.osgi.storage.bundlefile.BundleEntry::getBytes@16 (line 102)
                      ; - org.eclipse.osgi.internal.loader.classpath.ClasspathManager::findClassImpl@109 (line 681)
  0x000002d08af89d0c: f09c 65ff 

  0x000002d08af89d10: ;   {other}
  0x000002d08af89d10: 0f1f 8400 | 0000 0000 | 488b 4c24 | 2848 8d94 | 24f0 0000 | 004d 8bc7 | c5f8 7749 | bab0 cfa0 
  0x000002d08af89d30: 19f8 7f00 | 0041 ffd2 

  0x000002d08af89d38: ;   {other}
  0x000002d08af89d38: 0f1f 8400 | 0000 0000 | e941 feff | ffba f6ff | ffff 4c8b | 5424 484c | 8954 2420 | 4c8b 5424 
  0x000002d08af89d58: 304c 8954 | 2428 4c8b | 5424 404c | 8954 2438 

  0x000002d08af89d68: ;   {runtime_call UncommonTrapBlob}
  0x000002d08af89d68: c5f8 77e8 

  0x000002d08af89d6c: ; ImmutableOopMap {rbp=Oop [32]=Oop [40]=Oop [56]=Oop [80]=Oop [120]=Oop [136]=Oop [144]=Oop }
                      ;*invokevirtual decrementReference {reexecute=0 rethrow=0 return_oop=0}
                      ; - org.eclipse.osgi.storage.bundlefile.CloseableBundleFile$BundleEntryInputStream::close@46 (line 537)
                      ; - org.eclipse.osgi.storage.StorageUtil::getBytes@161 (line 213)
                      ; - org.eclipse.osgi.storage.bundlefile.BundleEntry::getBytes@16 (line 102)
                      ; - org.eclipse.osgi.internal.loader.classpath.ClasspathManager::findClassImpl@109 (line 681)
  0x000002d08af89d6c: 909c 65ff 

  0x000002d08af89d70: ;   {other}
  0x000002d08af89d70: 0f1f 8400 | 0000 0000 | 488b cf48 | 8d94 24f0 | 0000 004d | 8bc7 c5f8 | 7749 bab0 | cfa0 19f8 
  0x000002d08af89d90: 7f00 0041 

  0x000002d08af89d94: ;   {other}
  0x000002d08af89d94: ffd2 0f1f | 8400 0000 | 0000 e940 | faff ffba | f6ff ffff | 488b 6c24 | 4866 6690 

  0x000002d08af89db0: ;   {runtime_call UncommonTrapBlob}
  0x000002d08af89db0: c5f8 77e8 

  0x000002d08af89db4: ; ImmutableOopMap {rbp=Oop [32]=Oop [40]=Oop [48]=Oop [56]=NarrowOop [60]=NarrowOop [64]=Oop [120]=Oop [136]=Oop [144]=Oop }
                      ;*invokevirtual unlock {reexecute=0 rethrow=0 return_oop=0}
                      ; - org.eclipse.osgi.storage.bundlefile.CloseableBundleFile::lockOpen@18 (line 91)
                      ; - org.eclipse.osgi.storage.bundlefile.CloseableBundleFile::getInputStream@1 (line 483)
                      ; - org.eclipse.osgi.storage.bundlefile.ZipBundleEntry::getInputStream@8 (line 58)
                      ; - org.eclipse.osgi.storage.bundlefile.BundleEntry::getBytes@1 (line 97)
                      ; - org.eclipse.osgi.internal.loader.classpath.ClasspathManager::findClassImpl@109 (line 681)
  0x000002d08af89db4: 489c 65ff 

  0x000002d08af89db8: ;   {other}
  0x000002d08af89db8: 0f1f 8400 | 0000 0000 | ba45 ffff | ff48 8b6c | 2448 6690 

  0x000002d08af89dcc: ;   {runtime_call UncommonTrapBlob}
  0x000002d08af89dcc: c5f8 77e8 

  0x000002d08af89dd0: ; ImmutableOopMap {rbp=Oop [32]=Oop [40]=Oop [48]=Oop [64]=Oop [120]=Oop [136]=Oop }
                      ;*ifne {reexecute=1 rethrow=0 return_oop=0}
                      ; - (reexecute) org.eclipse.osgi.storage.bundlefile.CloseableBundleFile::getInputStream@4 (line 483)
                      ; - org.eclipse.osgi.storage.bundlefile.ZipBundleEntry::getInputStream@8 (line 58)
                      ; - org.eclipse.osgi.storage.bundlefile.BundleEntry::getBytes@1 (line 97)
                      ; - org.eclipse.osgi.internal.loader.classpath.ClasspathManager::findClassImpl@109 (line 681)
  0x000002d08af89dd0: 2c9c 65ff 

  0x000002d08af89dd4: ;   {other}
  0x000002d08af89dd4: 0f1f 8400 | 0000 0000 | baf6 ffff | ff4c 8b54 | 2478 4c89 | 5424 5044 | 895c 2438 | 4c89 4424 
  0x000002d08af89df4: 684c 894c | 2478 6690 

  0x000002d08af89dfc: ;   {runtime_call UncommonTrapBlob}
  0x000002d08af89dfc: c5f8 77e8 

  0x000002d08af89e00: ; ImmutableOopMap {rbp=NarrowOop [32]=Oop [40]=Oop [48]=Oop [56]=NarrowOop [60]=NarrowOop [64]=Oop [72]=Oop [80]=Oop [88]=Oop [104]=Oop [120]=Oop [136]=Oop }
                      ;*invokevirtual publishContainerEvent {reexecute=0 rethrow=0 return_oop=0}
                      ; - org.eclipse.osgi.storage.bundlefile.CloseableBundleFile::lockOpen@97 (line 104)
                      ; - org.eclipse.osgi.storage.bundlefile.CloseableBundleFile::getInputStream@1 (line 483)
                      ; - org.eclipse.osgi.storage.bundlefile.ZipBundleEntry::getInputStream@8 (line 58)
                      ; - org.eclipse.osgi.storage.bundlefile.BundleEntry::getBytes@1 (line 97)
                      ; - org.eclipse.osgi.internal.loader.classpath.ClasspathManager::findClassImpl@109 (line 681)
  0x000002d08af89e00: fc9b 65ff 

  0x000002d08af89e04: ;   {other}
  0x000002d08af89e04: 0f1f 8400 | 0000 0000 | baf6 ffff | ff44 8b54 | 243c 4489 | 5424 3848 | 8944 2468 

  0x000002d08af89e20: ;   {runtime_call UncommonTrapBlob}
  0x000002d08af89e20: c5f8 77e8 

  0x000002d08af89e24: ; ImmutableOopMap {rbp=NarrowOop [32]=Oop [40]=Oop [48]=Oop [56]=NarrowOop [64]=Oop [72]=Oop [88]=Oop [104]=Oop [120]=Oop [136]=Oop }
                      ;*invokevirtual getModuleRevisions {reexecute=0 rethrow=0 return_oop=0}
                      ; - org.eclipse.osgi.storage.bundlefile.CloseableBundleFile::lockOpen@55 (line 99)
                      ; - org.eclipse.osgi.storage.bundlefile.CloseableBundleFile::getInputStream@1 (line 483)
                      ; - org.eclipse.osgi.storage.bundlefile.ZipBundleEntry::getInputStream@8 (line 58)
                      ; - org.eclipse.osgi.storage.bundlefile.BundleEntry::getBytes@1 (line 97)
                      ; - org.eclipse.osgi.internal.loader.classpath.ClasspathManager::findClassImpl@109 (line 681)
  0x000002d08af89e24: d89b 65ff 

  0x000002d08af89e28: ;   {other}
  0x000002d08af89e28: 0f1f 8400 | 0000 0000 | baf6 ffff | ff48 8b6c | 2448 4c8b | 5424 784c | 8954 2448 | 4c8b 9424 
  0x000002d08af89e48: 8800 0000 | 4c89 5424 | 504c 8b94 | 2490 0000 | 004c 8954 | 2478 4c8b | 9424 9800 | 0000 4c89 
  0x000002d08af89e68: 9424 8000 | 0000 448b | 5c24 6c44 | 895c 2424 | 4c8b 5424 | 704c 8954 | 2468 6690 

  0x000002d08af89e84: ;   {runtime_call UncommonTrapBlob}
  0x000002d08af89e84: c5f8 77e8 

  0x000002d08af89e88: ; ImmutableOopMap {rbp=Oop [32]=NarrowOop [40]=Oop [48]=Oop [56]=Oop [64]=Oop [72]=Oop [80]=Oop [88]=Oop [96]=Oop [104]=Oop [112]=Oop [120]=Oop [128]=Oop }
                      ;*invokevirtual unlock {reexecute=0 rethrow=0 return_oop=0}
                      ; - java.lang.ref.ReferenceQueue::poll@35
                      ; - java.util.WeakHashMap::expungeStaleEntries@4
                      ; - java.util.WeakHashMap::getTable@1
                      ; - java.util.WeakHashMap::put@13
                      ; - java.util.Collections$SetFromMap::add@8
                      ; - java.util.zip.ZipFile::getInputStream@231
                      ; - org.eclipse.osgi.storage.bundlefile.ZipBundleFile::doGetInputStream@5 (line 101)
                      ; - org.eclipse.osgi.storage.bundlefile.ZipBundleFile::doGetInputStream@5 (line 1)
                      ; - org.eclipse.osgi.storage.bundlefile.CloseableBundleFile::getInputStream@20 (line 487)
                      ; - org.eclipse.osgi.storage.bundlefile.ZipBundleEntry::getInputStream@8 (line 58)
                      ; - org.eclipse.osgi.storage.bundlefile.BundleEntry::getBytes@1 (line 97)
                      ; - org.eclipse.osgi.internal.loader.classpath.ClasspathManager::findClassImpl@109 (line 681)
  0x000002d08af89e88: 749b 65ff 

  0x000002d08af89e8c: ;   {other}
  0x000002d08af89e8c: 0f1f 8400 | 0000 0000 | baf6 ffff | ff4c 8b54 | 2448 4c89 | 5424 204c | 8b54 2430 | 4c89 5424 
  0x000002d08af89eac: 284c 8b54 | 2440 4c89 | 5424 3890 

  0x000002d08af89eb8: ;   {runtime_call UncommonTrapBlob}
  0x000002d08af89eb8: c5f8 77e8 

  0x000002d08af89ebc: ; ImmutableOopMap {rbp=Oop [32]=Oop [40]=Oop [56]=Oop [80]=Oop [120]=Oop [136]=Oop [144]=Oop }
                      ;*invokevirtual unlock {reexecute=0 rethrow=0 return_oop=0}
                      ; - org.eclipse.osgi.storage.bundlefile.CloseableBundleFile::decrementReference@45 (line 467)
                      ; - org.eclipse.osgi.storage.bundlefile.CloseableBundleFile$BundleEntryInputStream::close@82 (line 537)
                      ; - org.eclipse.osgi.storage.StorageUtil::getBytes@161 (line 213)
                      ; - org.eclipse.osgi.storage.bundlefile.BundleEntry::getBytes@16 (line 102)
                      ; - org.eclipse.osgi.internal.loader.classpath.ClasspathManager::findClassImpl@109 (line 681)
  0x000002d08af89ebc: 409b 65ff 

  0x000002d08af89ec0: ;   {other}
  0x000002d08af89ec0: 0f1f 8400 | 0000 0000 | baf6 ffff | ff48 8b6c | 2448 4c8b | 5424 784c | 8954 2448 | 4c8b 9424 
  0x000002d08af89ee0: 8800 0000 | 4c89 5424 | 504c 8b94 | 2490 0000 | 004c 8954 | 2478 4c8b | 9424 9800 | 0000 4c89 
  0x000002d08af89f00: 9424 8000 | 0000 448b | 5c24 6c44 | 895c 2424 | 4c8b 5424 | 704c 8954 | 2468 6690 

  0x000002d08af89f1c: ;   {runtime_call UncommonTrapBlob}
  0x000002d08af89f1c: c5f8 77e8 

  0x000002d08af89f20: ; ImmutableOopMap {rbp=Oop [32]=NarrowOop [40]=Oop [48]=Oop [56]=Oop [64]=Oop [72]=Oop [80]=Oop [88]=Oop [96]=Oop [104]=Oop [112]=Oop [120]=Oop [128]=Oop }
                      ;*invokevirtual unlock {reexecute=0 rethrow=0 return_oop=0}
                      ; - java.lang.ref.ReferenceQueue::poll@35
                      ; - java.util.WeakHashMap::expungeStaleEntries@4
                      ; - java.util.WeakHashMap::getTable@1
                      ; - java.util.WeakHashMap::put@13
                      ; - java.util.Collections$SetFromMap::add@8
                      ; - java.util.zip.ZipFile::getInputStream@231
                      ; - org.eclipse.osgi.storage.bundlefile.ZipBundleFile::doGetInputStream@5 (line 101)
                      ; - org.eclipse.osgi.storage.bundlefile.ZipBundleFile::doGetInputStream@5 (line 1)
                      ; - org.eclipse.osgi.storage.bundlefile.CloseableBundleFile::getInputStream@20 (line 487)
                      ; - org.eclipse.osgi.storage.bundlefile.ZipBundleEntry::getInputStream@8 (line 58)
                      ; - org.eclipse.osgi.storage.bundlefile.BundleEntry::getBytes@1 (line 97)
                      ; - org.eclipse.osgi.internal.loader.classpath.ClasspathManager::findClassImpl@109 (line 681)
  0x000002d08af89f20: dc9a 65ff 

  0x000002d08af89f24: ;   {other}
  0x000002d08af89f24: 0f1f 8400 | 0000 0000 

  0x000002d08af89f2c: ;   {internal_word}
  0x000002d08af89f2c: 49ba b33d | f88a d002 | 0000 4d89 | 9768 0400 

  0x000002d08af89f3c: ;   {runtime_call SafepointBlob}
  0x000002d08af89f3c: 00e9 beab 

  0x000002d08af89f40: ;   {runtime_call StubRoutines (final stubs)}
  0x000002d08af89f40: 65ff e899 | ea63 ffe9 | 127c ffff | f4f4 f4f4 
[Stub Code]
  0x000002d08af89f50: ;   {no_reloc}
  0x000002d08af89f50: 48bb 0000 | 0000 0000 

  0x000002d08af89f58: ;   {runtime_call nmethod}
  0x000002d08af89f58: 0000 e9fb 

  0x000002d08af89f5c: ;   {static_stub}
  0x000002d08af89f5c: ffff ff48 | bb00 0000 | 0000 0000 

  0x000002d08af89f68: ;   {runtime_call nmethod}
  0x000002d08af89f68: 00e9 fbff 

  0x000002d08af89f6c: ;   {static_stub}
  0x000002d08af89f6c: ffff 48bb | 0000 0000 | 0000 0000 

  0x000002d08af89f78: ;   {runtime_call nmethod}
  0x000002d08af89f78: e9fb ffff 

  0x000002d08af89f7c: ;   {static_stub}
  0x000002d08af89f7c: ff48 bb00 | 2c1d 97d0 

  0x000002d08af89f84: ;   {runtime_call I2C/C2I adapters}
  0x000002d08af89f84: 0200 00e9 | db97 65ff 

  0x000002d08af89f8c: ;   {static_stub}
  0x000002d08af89f8c: 48bb 0000 | 0000 0000 

  0x000002d08af89f94: ;   {runtime_call nmethod}
  0x000002d08af89f94: 0000 e9fb 

  0x000002d08af89f98: ;   {static_stub}
  0x000002d08af89f98: ffff ff48 | bb00 0000 | 0000 0000 

  0x000002d08af89fa4: ;   {runtime_call nmethod}
  0x000002d08af89fa4: 00e9 fbff 

  0x000002d08af89fa8: ;   {static_stub}
  0x000002d08af89fa8: ffff 48bb | 0000 0000 | 0000 0000 

  0x000002d08af89fb4: ;   {runtime_call nmethod}
  0x000002d08af89fb4: e9fb ffff 

  0x000002d08af89fb8: ;   {static_stub}
  0x000002d08af89fb8: ff48 bb00 | 0000 0000 

  0x000002d08af89fc0: ;   {runtime_call nmethod}
  0x000002d08af89fc0: 0000 00e9 | fbff ffff 

  0x000002d08af89fc8: ;   {static_stub}
  0x000002d08af89fc8: 48bb 0000 | 0000 0000 

  0x000002d08af89fd0: ;   {runtime_call nmethod}
  0x000002d08af89fd0: 0000 e9fb 

  0x000002d08af89fd4: ;   {static_stub}
  0x000002d08af89fd4: ffff ff48 | bb00 0000 | 0000 0000 

  0x000002d08af89fe0: ;   {runtime_call nmethod}
  0x000002d08af89fe0: 00e9 fbff 

  0x000002d08af89fe4: ;   {static_stub}
  0x000002d08af89fe4: ffff 48bb | 0000 0000 | 0000 0000 

  0x000002d08af89ff0: ;   {runtime_call nmethod}
  0x000002d08af89ff0: e9fb ffff 

  0x000002d08af89ff4: ;   {static_stub}
  0x000002d08af89ff4: ff48 bb00 | 0000 0000 

  0x000002d08af89ffc: ;   {runtime_call nmethod}
  0x000002d08af89ffc: 0000 00e9 | fbff ffff 

  0x000002d08af8a004: ;   {static_stub}
  0x000002d08af8a004: 48bb 0000 | 0000 0000 

  0x000002d08af8a00c: ;   {runtime_call nmethod}
  0x000002d08af8a00c: 0000 e9fb 

  0x000002d08af8a010: ;   {static_stub}
  0x000002d08af8a010: ffff ff48 | bb00 0000 | 0000 0000 

  0x000002d08af8a01c: ;   {runtime_call nmethod}
  0x000002d08af8a01c: 00e9 fbff 

  0x000002d08af8a020: ;   {static_stub}
  0x000002d08af8a020: ffff 48bb | 0000 0000 | 0000 0000 

  0x000002d08af8a02c: ;   {runtime_call nmethod}
  0x000002d08af8a02c: e9fb ffff 

  0x000002d08af8a030: ;   {static_stub}
  0x000002d08af8a030: ff48 bb00 | 0000 0000 

  0x000002d08af8a038: ;   {runtime_call nmethod}
  0x000002d08af8a038: 0000 00e9 | fbff ffff 

  0x000002d08af8a040: ;   {static_stub}
  0x000002d08af8a040: 48bb 0000 | 0000 0000 

  0x000002d08af8a048: ;   {runtime_call nmethod}
  0x000002d08af8a048: 0000 e9fb 

  0x000002d08af8a04c: ;   {static_stub}
  0x000002d08af8a04c: ffff ff48 | bb00 0000 | 0000 0000 

  0x000002d08af8a058: ;   {runtime_call nmethod}
  0x000002d08af8a058: 00e9 fbff 

  0x000002d08af8a05c: ;   {static_stub}
  0x000002d08af8a05c: ffff 48bb | 0000 0000 | 0000 0000 

  0x000002d08af8a068: ;   {runtime_call nmethod}
  0x000002d08af8a068: e9fb ffff 

  0x000002d08af8a06c: ;   {static_stub}
  0x000002d08af8a06c: ff48 bb48 | ab1b 97d0 

  0x000002d08af8a074: ;   {runtime_call I2C/C2I adapters}
  0x000002d08af8a074: 0200 00e9 | eb93 65ff 

  0x000002d08af8a07c: ;   {static_stub}
  0x000002d08af8a07c: 48bb b80e | 1897 d002 

  0x000002d08af8a084: ;   {runtime_call I2C/C2I adapters}
  0x000002d08af8a084: 0000 e958 

  0x000002d08af8a088: ;   {static_stub}
  0x000002d08af8a088: 3b65 ff48 | bb00 0000 | 0000 0000 

  0x000002d08af8a094: ;   {runtime_call nmethod}
  0x000002d08af8a094: 00e9 fbff 

  0x000002d08af8a098: ;   {static_stub}
  0x000002d08af8a098: ffff 48bb | a832 69db | d002 0000 

  0x000002d08af8a0a4: ;   {runtime_call I2C/C2I adapters}
  0x000002d08af8a0a4: e9ce ad65 

  0x000002d08af8a0a8: ;   {static_stub}
  0x000002d08af8a0a8: ff48 bb00 | 0000 0000 

  0x000002d08af8a0b0: ;   {runtime_call nmethod}
  0x000002d08af8a0b0: 0000 00e9 | fbff ffff 

  0x000002d08af8a0b8: ;   {static_stub}
  0x000002d08af8a0b8: 48bb 0000 | 0000 0000 

  0x000002d08af8a0c0: ;   {runtime_call nmethod}
  0x000002d08af8a0c0: 0000 e9fb 

  0x000002d08af8a0c4: ;   {static_stub}
  0x000002d08af8a0c4: ffff ff48 | bb00 0000 | 0000 0000 

  0x000002d08af8a0d0: ;   {runtime_call nmethod}
  0x000002d08af8a0d0: 00e9 fbff 

  0x000002d08af8a0d4: ;   {static_stub}
  0x000002d08af8a0d4: ffff 48bb | 0000 0000 | 0000 0000 

  0x000002d08af8a0e0: ;   {runtime_call nmethod}
  0x000002d08af8a0e0: e9fb ffff 

  0x000002d08af8a0e4: ;   {static_stub}
  0x000002d08af8a0e4: ff48 bb00 | 0000 0000 

  0x000002d08af8a0ec: ;   {runtime_call nmethod}
  0x000002d08af8a0ec: 0000 00e9 | fbff ffff 

  0x000002d08af8a0f4: ;   {static_stub}
  0x000002d08af8a0f4: 48bb 0000 | 0000 0000 

  0x000002d08af8a0fc: ;   {runtime_call nmethod}
  0x000002d08af8a0fc: 0000 e9fb 

  0x000002d08af8a100: ;   {static_stub}
  0x000002d08af8a100: ffff ff48 | bb00 0000 | 0000 0000 

  0x000002d08af8a10c: ;   {runtime_call nmethod}
  0x000002d08af8a10c: 00e9 fbff 

  0x000002d08af8a110: ;   {static_stub}
  0x000002d08af8a110: ffff 48bb | 68c5 1a97 | d002 0000 

  0x000002d08af8a11c: ;   {runtime_call I2C/C2I adapters}
  0x000002d08af8a11c: e946 9365 

  0x000002d08af8a120: ;   {static_stub}
  0x000002d08af8a120: ff48 bb00 | 0000 0000 

  0x000002d08af8a128: ;   {runtime_call nmethod}
  0x000002d08af8a128: 0000 00e9 | fbff ffff 

  0x000002d08af8a130: ;   {static_stub}
  0x000002d08af8a130: 48bb 0000 | 0000 0000 

  0x000002d08af8a138: ;   {runtime_call nmethod}
  0x000002d08af8a138: 0000 e9fb 

  0x000002d08af8a13c: ;   {static_stub}
  0x000002d08af8a13c: ffff ff48 | bb00 0000 | 0000 0000 

  0x000002d08af8a148: ;   {runtime_call nmethod}
  0x000002d08af8a148: 00e9 fbff 

  0x000002d08af8a14c: ;   {static_stub}
  0x000002d08af8a14c: ffff 48bb | 0000 0000 | 0000 0000 

  0x000002d08af8a158: ;   {runtime_call nmethod}
  0x000002d08af8a158: e9fb ffff 

  0x000002d08af8a15c: ;   {static_stub}
  0x000002d08af8a15c: ff48 bb00 | 0000 0000 

  0x000002d08af8a164: ;   {runtime_call nmethod}
  0x000002d08af8a164: 0000 00e9 | fbff ffff 

  0x000002d08af8a16c: ;   {static_stub}
  0x000002d08af8a16c: 48bb 0000 | 0000 0000 

  0x000002d08af8a174: ;   {runtime_call nmethod}
  0x000002d08af8a174: 0000 e9fb 

  0x000002d08af8a178: ;   {runtime_call ExceptionBlob}
  0x000002d08af8a178: ffff ffe9 | 00af 70ff 
[Deopt Handler Code]
  0x000002d08af8a180: e800 0000 | 0048 832c 

  0x000002d08af8a188: ;   {runtime_call DeoptimizationBlob}
  0x000002d08af8a188: 2405 e911 | 9c65 fff4 
[/MachCode]


---------------  P R O C E S S  ---------------

Threads class SMR info:
_java_thread_list=0x000002d0e14d3410, length=73, elements={
0x000002d0fd550030, 0x000002d09632d4f0, 0x000002d09632e150, 0x000002d0963321a0,
0x000002d096333080, 0x000002d096335af0, 0x000002d09633a560, 0x000002d09633b3a0,
0x000002d09633c830, 0x000002d0d8db5350, 0x000002d0da2b71b0, 0x000002d0da990a40,
0x000002d0df118f90, 0x000002d0da905fb0, 0x000002d0da90abc0, 0x000002d0df567fb0,
0x000002d0df6f9b80, 0x000002d0df734190, 0x000002d0df6f3bb0, 0x000002d0df6f7030,
0x000002d0df6f55f0, 0x000002d0df6f5c80, 0x000002d0df6f6310, 0x000002d0df6f69a0,
0x000002d0e172c450, 0x000002d0e172b0a0, 0x000002d0e1726f00, 0x000002d0e1726870,
0x000002d0e172b730, 0x000002d0e172a380, 0x000002d0e1728940, 0x000002d0e172bdc0,
0x000002d0e17282b0, 0x000002d0e1727590, 0x000002d0e1727c20, 0x000002d0e172cae0,
0x000002d0e1725b50, 0x000002d0e1729660, 0x000002d0e1728fd0, 0x000002d0e1729cf0,
0x000002d0e172d170, 0x000002d0e172aa10, 0x000002d0e17261e0, 0x000002d0e0e6e920,
0x000002d0e0e73150, 0x000002d0e0e74500, 0x000002d0e0e72ac0, 0x000002d0e0e74b90,
0x000002d0e0e6f640, 0x000002d0e0e6fcd0, 0x000002d0e0e73e70, 0x000002d0e0e75220,
0x000002d0e0e6e290, 0x000002d0e0e758b0, 0x000002d0e0e709f0, 0x000002d0e0e71080,
0x000002d0e0050420, 0x000002d0e004fd90, 0x000002d0e0050ab0, 0x000002d0e004f700,
0x000002d0e0051e60, 0x000002d0e00524f0, 0x000002d0e004f070, 0x000002d0e0e737e0,
0x000002d0df6f4f60, 0x000002d0e36517f0, 0x000002d0e364fdb0, 0x000002d0e364e370,
0x000002d0e3651160, 0x000002d0e364ea00, 0x000002d0d8d426d0, 0x000002d0d8d433f0,
0x000002d0d8d42040
}

Java Threads: ( => current thread )
  0x000002d0fd550030 JavaThread "main"                              [_thread_blocked, id=29644, stack(0x000000dd28b00000,0x000000dd28c00000) (1024K)]
  0x000002d09632d4f0 JavaThread "Reference Handler"          daemon [_thread_blocked, id=25148, stack(0x000000dd28f00000,0x000000dd29000000) (1024K)]
  0x000002d09632e150 JavaThread "Finalizer"                  daemon [_thread_blocked, id=14196, stack(0x000000dd29000000,0x000000dd29100000) (1024K)]
  0x000002d0963321a0 JavaThread "Signal Dispatcher"          daemon [_thread_blocked, id=6296, stack(0x000000dd29100000,0x000000dd29200000) (1024K)]
  0x000002d096333080 JavaThread "Attach Listener"            daemon [_thread_blocked, id=6376, stack(0x000000dd29200000,0x000000dd29300000) (1024K)]
  0x000002d096335af0 JavaThread "Service Thread"             daemon [_thread_blocked, id=31748, stack(0x000000dd29300000,0x000000dd29400000) (1024K)]
  0x000002d09633a560 JavaThread "Monitor Deflation Thread"   daemon [_thread_blocked, id=31044, stack(0x000000dd29400000,0x000000dd29500000) (1024K)]
  0x000002d09633b3a0 JavaThread "C2 CompilerThread0"         daemon [_thread_blocked, id=30060, stack(0x000000dd29500000,0x000000dd29600000) (1024K)]
  0x000002d09633c830 JavaThread "C1 CompilerThread0"         daemon [_thread_blocked, id=7100, stack(0x000000dd29600000,0x000000dd29700000) (1024K)]
  0x000002d0d8db5350 JavaThread "Common-Cleaner"             daemon [_thread_blocked, id=23612, stack(0x000000dd29900000,0x000000dd29a00000) (1024K)]
  0x000002d0da2b71b0 JavaThread "Notification Thread"        daemon [_thread_blocked, id=24340, stack(0x000000dd29a00000,0x000000dd29b00000) (1024K)]
  0x000002d0da990a40 JavaThread "Active Thread: Equinox Container: b00c2641-ec2d-4d23-8411-eaf40120f4a8"        [_thread_blocked, id=32212, stack(0x000000dd2a400000,0x000000dd2a500000) (1024K)]
  0x000002d0df118f90 JavaThread "Refresh Thread: Equinox Container: b00c2641-ec2d-4d23-8411-eaf40120f4a8" daemon [_thread_blocked, id=30956, stack(0x000000dd2a600000,0x000000dd2a700000) (1024K)]
  0x000002d0da905fb0 JavaThread "Framework Event Dispatcher: Equinox Container: b00c2641-ec2d-4d23-8411-eaf40120f4a8" daemon [_thread_blocked, id=4800, stack(0x000000dd2a700000,0x000000dd2a800000) (1024K)]
  0x000002d0da90abc0 JavaThread "Start Level: Equinox Container: b00c2641-ec2d-4d23-8411-eaf40120f4a8" daemon [_thread_blocked, id=30760, stack(0x000000dd2a800000,0x000000dd2a900000) (1024K)]
  0x000002d0df567fb0 JavaThread "Bundle File Closer"         daemon [_thread_blocked, id=19876, stack(0x000000dd2ac00000,0x000000dd2ad00000) (1024K)]
  0x000002d0df6f9b80 JavaThread "SCR Component Actor"        daemon [_thread_blocked, id=31616, stack(0x000000dd2ad00000,0x000000dd2ae00000) (1024K)]
  0x000002d0df734190 JavaThread "Worker-JM"                         [_thread_blocked, id=27444, stack(0x000000dd2ae00000,0x000000dd2af00000) (1024K)]
  0x000002d0df6f3bb0 JavaThread "JNA Cleaner"                daemon [_thread_blocked, id=11192, stack(0x000000dd2b100000,0x000000dd2b200000) (1024K)]
  0x000002d0df6f7030 JavaThread "Worker-0"                          [_thread_blocked, id=7416, stack(0x000000dd2b200000,0x000000dd2b300000) (1024K)]
  0x000002d0df6f55f0 JavaThread "Java indexing"              daemon [_thread_blocked, id=22220, stack(0x000000dd2b500000,0x000000dd2b600000) (1024K)]
  0x000002d0df6f5c80 JavaThread "Worker-2: Shutdown..."             [_thread_blocked, id=29404, stack(0x000000dd2b800000,0x000000dd2b900000) (1024K)]
=>0x000002d0df6f6310 JavaThread "Worker-3: Initialize Workspace"        [_thread_in_vm, id=28700, stack(0x000000dd2b900000,0x000000dd2ba00000) (1024K)]
  0x000002d0df6f69a0 JavaThread "Thread-1"                   daemon [_thread_in_native, id=31804, stack(0x000000dd2ba00000,0x000000dd2bb00000) (1024K)]
  0x000002d0e172c450 JavaThread "Thread-2"                   daemon [_thread_in_native, id=27112, stack(0x000000dd2bb00000,0x000000dd2bc00000) (1024K)]
  0x000002d0e172b0a0 JavaThread "Thread-3"                   daemon [_thread_in_native, id=31760, stack(0x000000dd2bc00000,0x000000dd2bd00000) (1024K)]
  0x000002d0e1726f00 JavaThread "Thread-4"                   daemon [_thread_in_native, id=27072, stack(0x000000dd2bd00000,0x000000dd2be00000) (1024K)]
  0x000002d0e1726870 JavaThread "Thread-5"                   daemon [_thread_in_native, id=28772, stack(0x000000dd2be00000,0x000000dd2bf00000) (1024K)]
  0x000002d0e172b730 JavaThread "Thread-6"                   daemon [_thread_in_native, id=28612, stack(0x000000dd2bf00000,0x000000dd2c000000) (1024K)]
  0x000002d0e172a380 JavaThread "Thread-7"                   daemon [_thread_in_native, id=29244, stack(0x000000dd2c000000,0x000000dd2c100000) (1024K)]
  0x000002d0e1728940 JavaThread "Thread-8"                   daemon [_thread_in_native, id=22116, stack(0x000000dd2c100000,0x000000dd2c200000) (1024K)]
  0x000002d0e172bdc0 JavaThread "Thread-9"                   daemon [_thread_in_native, id=31344, stack(0x000000dd2c200000,0x000000dd2c300000) (1024K)]
  0x000002d0e17282b0 JavaThread "Thread-10"                  daemon [_thread_in_native, id=29568, stack(0x000000dd2c300000,0x000000dd2c400000) (1024K)]
  0x000002d0e1727590 JavaThread "Thread-11"                  daemon [_thread_in_native, id=27972, stack(0x000000dd2c400000,0x000000dd2c500000) (1024K)]
  0x000002d0e1727c20 JavaThread "Thread-12"                  daemon [_thread_in_native, id=26640, stack(0x000000dd2c500000,0x000000dd2c600000) (1024K)]
  0x000002d0e172cae0 JavaThread "Thread-13"                  daemon [_thread_in_native, id=7412, stack(0x000000dd2c600000,0x000000dd2c700000) (1024K)]
  0x000002d0e1725b50 JavaThread "Thread-14"                  daemon [_thread_in_native, id=28192, stack(0x000000dd2c700000,0x000000dd2c800000) (1024K)]
  0x000002d0e1729660 JavaThread "Thread-15"                  daemon [_thread_in_native, id=27808, stack(0x000000dd2c800000,0x000000dd2c900000) (1024K)]
  0x000002d0e1728fd0 JavaThread "Thread-16"                  daemon [_thread_in_native, id=31656, stack(0x000000dd2c900000,0x000000dd2ca00000) (1024K)]
  0x000002d0e1729cf0 JavaThread "Thread-17"                  daemon [_thread_in_native, id=29140, stack(0x000000dd2ca00000,0x000000dd2cb00000) (1024K)]
  0x000002d0e172d170 JavaThread "pool-2-thread-1"                   [_thread_blocked, id=4856, stack(0x000000dd2cc00000,0x000000dd2cd00000) (1024K)]
  0x000002d0e172aa10 JavaThread "Worker-4"                          [_thread_blocked, id=15312, stack(0x000000dd2cd00000,0x000000dd2ce00000) (1024K)]
  0x000002d0e17261e0 JavaThread "WorkspaceEventsHandler"            [_thread_blocked, id=22560, stack(0x000000dd2ce00000,0x000000dd2cf00000) (1024K)]
  0x000002d0e0e6e920 JavaThread "pool-1-thread-1"                   [_thread_blocked, id=32044, stack(0x000000dd2cf00000,0x000000dd2d000000) (1024K)]
  0x000002d0e0e73150 JavaThread "ForkJoinPool.commonPool-worker-1" daemon [_thread_blocked, id=24024, stack(0x000000dd2d100000,0x000000dd2d200000) (1024K)]
  0x000002d0e0e74500 JavaThread "ForkJoinPool.commonPool-worker-3" daemon [_thread_blocked, id=27024, stack(0x000000dd2d300000,0x000000dd2d400000) (1024K)]
  0x000002d0e0e72ac0 JavaThread "ForkJoinPool.commonPool-worker-4" daemon [_thread_blocked, id=31140, stack(0x000000dd2d400000,0x000000dd2d500000) (1024K)]
  0x000002d0e0e74b90 JavaThread "ForkJoinPool.commonPool-worker-5" daemon [_thread_blocked, id=7840, stack(0x000000dd2d500000,0x000000dd2d600000) (1024K)]
  0x000002d0e0e6f640 JavaThread "ForkJoinPool.commonPool-worker-7" daemon [_thread_blocked, id=19620, stack(0x000000dd2d600000,0x000000dd2d700000) (1024K)]
  0x000002d0e0e6fcd0 JavaThread "ForkJoinPool.commonPool-worker-6" daemon [_thread_blocked, id=7400, stack(0x000000dd2d700000,0x000000dd2d800000) (1024K)]
  0x000002d0e0e73e70 JavaThread "ForkJoinPool.commonPool-worker-8" daemon [_thread_blocked, id=15868, stack(0x000000dd2d800000,0x000000dd2d900000) (1024K)]
  0x000002d0e0e75220 JavaThread "ForkJoinPool.commonPool-worker-9" daemon [_thread_blocked, id=28496, stack(0x000000dd2d900000,0x000000dd2da00000) (1024K)]
  0x000002d0e0e6e290 JavaThread "ForkJoinPool.commonPool-worker-10" daemon [_thread_blocked, id=3480, stack(0x000000dd2da00000,0x000000dd2db00000) (1024K)]
  0x000002d0e0e758b0 JavaThread "ForkJoinPool.commonPool-worker-11" daemon [_thread_blocked, id=22420, stack(0x000000dd2db00000,0x000000dd2dc00000) (1024K)]
  0x000002d0e0e709f0 JavaThread "ForkJoinPool.commonPool-worker-12" daemon [_thread_blocked, id=30356, stack(0x000000dd2dc00000,0x000000dd2dd00000) (1024K)]
  0x000002d0e0e71080 JavaThread "ForkJoinPool.commonPool-worker-13" daemon [_thread_blocked, id=27752, stack(0x000000dd2dd00000,0x000000dd2de00000) (1024K)]
  0x000002d0e0050420 JavaThread "ForkJoinPool.commonPool-worker-14" daemon [_thread_blocked, id=5028, stack(0x000000dd2de00000,0x000000dd2df00000) (1024K)]
  0x000002d0e004fd90 JavaThread "ForkJoinPool.commonPool-worker-15" daemon [_thread_blocked, id=32208, stack(0x000000dd2df00000,0x000000dd2e000000) (1024K)]
  0x000002d0e0050ab0 JavaThread "pool-3-thread-1"                   [_thread_blocked, id=5612, stack(0x000000dd29700000,0x000000dd29800000) (1024K)]
  0x000002d0e004f700 JavaThread "LocalFile Deleter"          daemon [_thread_blocked, id=22844, stack(0x000000dd2b400000,0x000000dd2b500000) (1024K)]
  0x000002d0e0051e60 JavaThread "LocalFile Deleter"          daemon [_thread_blocked, id=3844, stack(0x000000dd2cb00000,0x000000dd2cc00000) (1024K)]
  0x000002d0e00524f0 JavaThread "LocalFile Deleter"          daemon [_thread_blocked, id=26520, stack(0x000000dd2d000000,0x000000dd2d100000) (1024K)]
  0x000002d0e004f070 JavaThread "LocalFile Deleter"          daemon [_thread_blocked, id=16424, stack(0x000000dd2d200000,0x000000dd2d300000) (1024K)]
  0x000002d0e0e737e0 JavaThread "LocalFile Deleter"          daemon [_thread_blocked, id=15188, stack(0x000000dd2e000000,0x000000dd2e100000) (1024K)]
  0x000002d0df6f4f60 JavaThread "Timer-0"                           [_thread_blocked, id=25668, stack(0x000000dd2a300000,0x000000dd2a400000) (1024K)]
  0x000002d0e36517f0 JavaThread "Worker-5"                          [_thread_blocked, id=27340, stack(0x000000dd28900000,0x000000dd28a00000) (1024K)]
  0x000002d0e364fdb0 JavaThread "Worker-6"                          [_thread_blocked, id=9988, stack(0x000000dd29b00000,0x000000dd29c00000) (1024K)]
  0x000002d0e364e370 JavaThread "Timer-1"                           [_thread_blocked, id=18400, stack(0x000000dd29c00000,0x000000dd29d00000) (1024K)]
  0x000002d0e3651160 JavaThread "Timer-2"                           [_thread_blocked, id=5260, stack(0x000000dd2b300000,0x000000dd2b400000) (1024K)]
  0x000002d0e364ea00 JavaThread "Timer-3"                           [_thread_blocked, id=17084, stack(0x000000dd2e100000,0x000000dd2e200000) (1024K)]
  0x000002d0d8d426d0 JavaThread "Exec process"                      [_thread_blocked, id=3080, stack(0x000000dd2e400000,0x000000dd2e500000) (1024K)]
  0x000002d0d8d433f0 JavaThread "Exec process Thread 2"             [_thread_blocked, id=1104, stack(0x000000dd29800000,0x000000dd29900000) (1024K)]
  0x000002d0d8d42040 JavaThread "Exec process Thread 3"             [_thread_blocked, id=8068, stack(0x000000dd2e500000,0x000000dd2e600000) (1024K)]
Total: 73

Other Threads:
  0x000002d096324c20 VMThread "VM Thread"                           [id=28716, stack(0x000000dd28e00000,0x000000dd28f00000) (1024K)]
  0x000002d0fd5bb440 WatcherThread "VM Periodic Task Thread"        [id=29348, stack(0x000000dd28d00000,0x000000dd28e00000) (1024K)]
  0x000002d0fd56cb90 WorkerThread "GC Thread#0"                     [id=29092, stack(0x000000dd28c00000,0x000000dd28d00000) (1024K)]
  0x000002d0da2cf5c0 WorkerThread "GC Thread#1"                     [id=31624, stack(0x000000dd29d00000,0x000000dd29e00000) (1024K)]
  0x000002d0df047030 WorkerThread "GC Thread#2"                     [id=26436, stack(0x000000dd29e00000,0x000000dd29f00000) (1024K)]
  0x000002d0df20c010 WorkerThread "GC Thread#3"                     [id=29524, stack(0x000000dd29f00000,0x000000dd2a000000) (1024K)]
  0x000002d0df0fa0c0 WorkerThread "GC Thread#4"                     [id=31088, stack(0x000000dd2a000000,0x000000dd2a100000) (1024K)]
  0x000002d0df0fa470 WorkerThread "GC Thread#5"                     [id=17476, stack(0x000000dd2a100000,0x000000dd2a200000) (1024K)]
  0x000002d0df20c3c0 WorkerThread "GC Thread#6"                     [id=28500, stack(0x000000dd2a200000,0x000000dd2a300000) (1024K)]
  0x000002d0df1207d0 WorkerThread "GC Thread#7"                     [id=31964, stack(0x000000dd2a500000,0x000000dd2a600000) (1024K)]
  0x000002d0df375730 WorkerThread "GC Thread#8"                     [id=27816, stack(0x000000dd2a900000,0x000000dd2aa00000) (1024K)]
  0x000002d0df607c30 WorkerThread "GC Thread#9"                     [id=25284, stack(0x000000dd2aa00000,0x000000dd2ab00000) (1024K)]
  0x000002d0df37a740 WorkerThread "GC Thread#10"                    [id=24644, stack(0x000000dd2ab00000,0x000000dd2ac00000) (1024K)]
  0x000002d0dfa04b50 WorkerThread "GC Thread#11"                    [id=32732, stack(0x000000dd2af00000,0x000000dd2b000000) (1024K)]
  0x000002d0dfa05dc0 WorkerThread "GC Thread#12"                    [id=29308, stack(0x000000dd2b000000,0x000000dd2b100000) (1024K)]
Total: 15

Threads with active compile tasks:
Total: 0

VM state: not at safepoint (normal execution)

VM Mutex/Monitor currently owned by a thread:  ([mutex/lock_event])
[0x00007ff819f8c4e0] Metaspace_lock - owner thread: 0x000002d0df6f6310

Heap address: 0x0000000080000000, size: 2048 MB, Compressed Oops mode: 32-bit

CDS archive(s) mapped at: [0x000002d097000000-0x000002d097ba0000-0x000002d097ba0000), size 12189696, SharedBaseAddress: 0x000002d097000000, ArchiveRelocationMode: 1.
Compressed class space mapped at: 0x000002d098000000-0x000002d0d8000000, reserved size: 1073741824
Narrow klass base: 0x000002d097000000, Narrow klass shift: 0, Narrow klass range: 0x100000000

GC Precious Log:
 CardTable entry size: 512
 CPUs: 16 total, 16 available
 Memory: 32694M
 Large Page Support: Disabled
 NUMA Support: Disabled
 Compressed Oops: Enabled (32-bit)
 Alignments: Space 512K, Generation 512K, Heap 2M
 Heap Min Capacity: 100M
 Heap Initial Capacity: 100M
 Heap Max Capacity: 2G
 Pre-touch: Disabled
 Parallel Workers: 13

Heap:
 PSYoungGen      total 14336K, used 8164K [0x00000000d5580000, 0x00000000d6480000, 0x0000000100000000)
  eden space 13312K, 57% used [0x00000000d5580000,0x00000000d5ce9218,0x00000000d6280000)
  from space 1024K, 56% used [0x00000000d6280000,0x00000000d6310010,0x00000000d6380000)
  to   space 1024K, 0% used [0x00000000d6380000,0x00000000d6380000,0x00000000d6480000)
 ParOldGen       total 68608K, used 57984K [0x0000000080000000, 0x0000000084300000, 0x00000000d5580000)
  object space 68608K, 84% used [0x0000000080000000,0x00000000838a03b0,0x0000000084300000)
 Metaspace       used 66683K, committed 68032K, reserved 1114112K
  class space    used 8314K, committed 8896K, reserved 1048576K

Card table byte_map: [0x000002d0fcf10000,0x000002d0fd320000] _byte_map_base: 0x000002d0fcb10000

Marking Bits: (ParMarkBitMap*) 0x00007ff819f93450
 Begin Bits: [0x000002d092140000, 0x000002d094140000)
 End Bits:   [0x000002d094140000, 0x000002d096140000)

Polling page: 0x000002d0fb550000

Metaspace:

Usage:
  Non-class:     57.00 MB used.
      Class:      8.12 MB used.
       Both:     65.12 MB used.

Virtual space:
  Non-class space:       64.00 MB reserved,      57.75 MB ( 90%) committed,  1 nodes.
      Class space:        1.00 GB reserved,       8.69 MB ( <1%) committed,  1 nodes.
             Both:        1.06 GB reserved,      66.44 MB (  6%) committed. 

Chunk freelists:
   Non-Class:  6.05 MB
       Class:  7.27 MB
        Both:  13.31 MB

MaxMetaspaceSize: unlimited
CompressedClassSpaceSize: 1.00 GB
Initial GC threshold: 21.00 MB
Current GC threshold: 97.31 MB
CDS: on
 - commit_granule_bytes: 65536.
 - commit_granule_words: 8192.
 - virtual_space_node_default_size: 8388608.
 - enlarge_chunks_in_place: 1.
 - use_allocation_guard: 0.


Internal statistics:

num_allocs_failed_limit: 9.
num_arena_births: 1138.
num_arena_deaths: 14.
num_vsnodes_births: 2.
num_vsnodes_deaths: 0.
num_space_committed: 1063.
num_space_uncommitted: 0.
num_chunks_returned_to_freelist: 23.
num_chunks_taken_from_freelist: 3955.
num_chunk_merges: 15.
num_chunk_splits: 2610.
num_chunks_enlarged: 1723.
num_inconsistent_stats: 0.

CodeHeap 'non-profiled nmethods': size=119168Kb used=5702Kb max_used=5702Kb free=113465Kb
 bounds [0x000002d08ace0000, 0x000002d08b280000, 0x000002d092140000]
CodeHeap 'profiled nmethods': size=119104Kb used=16728Kb max_used=17287Kb free=102375Kb
 bounds [0x000002d083140000, 0x000002d084230000, 0x000002d08a590000]
CodeHeap 'non-nmethods': size=7488Kb used=1396Kb max_used=3130Kb free=6091Kb
 bounds [0x000002d08a590000, 0x000002d08a8b0000, 0x000002d08ace0000]
CodeCache: size=245760Kb, used=23826Kb, max_used=26119Kb, free=221931Kb
 total_blobs=8804, nmethods=8103, adapters=607, full_count=0
Compilation: enabled, stopped_count=0, restarted_count=0

Compilation events (20 events):
Event: 73.701 Thread 0x000002d0e0755130 8903       3       java.util.concurrent.atomic.AtomicReference::getAndSet (9 bytes)
Event: 73.702 Thread 0x000002d0e0755130 nmethod 8903 0x000002d0836dbd10 code [0x000002d0836dbfa0, 0x000002d0836dcbb8]
Event: 74.716 Thread 0x000002d09633c830 8904       3       java.lang.Character::codePointAt (51 bytes)
Event: 74.717 Thread 0x000002d09633c830 nmethod 8904 0x000002d083338d90 code [0x000002d083338fa0, 0x000002d0833395e0]
Event: 74.717 Thread 0x000002d09633c830 8906       3       java.util.regex.Pattern$CharPropertyGreedy::match (160 bytes)
Event: 74.717 Thread 0x000002d09633c830 nmethod 8906 0x000002d08331f210 code [0x000002d08331f460, 0x000002d08331fde0]
Event: 74.717 Thread 0x000002d09633c830 8905       3       java.util.regex.Pattern$$Lambda/0x000002d098068548::is (5 bytes)
Event: 74.717 Thread 0x000002d09633c830 nmethod 8905 0x000002d083286710 code [0x000002d0832868c0, 0x000002d083286b18]
Event: 74.717 Thread 0x000002d09633c830 8907       3       java.nio.Buffer::checkIndex (16 bytes)
Event: 74.717 Thread 0x000002d09633c830 nmethod 8907 0x000002d0836db910 code [0x000002d0836dbac0, 0x000002d0836dbc20]
Event: 74.717 Thread 0x000002d09633c830 8908       3       java.nio.CharBuffer::charAt (16 bytes)
Event: 74.717 Thread 0x000002d09633c830 nmethod 8908 0x000002d083695410 code [0x000002d0836955c0, 0x000002d083695860]
Event: 74.717 Thread 0x000002d09633c830 8909       3       java.nio.HeapCharBuffer::get (15 bytes)
Event: 74.718 Thread 0x000002d09633c830 nmethod 8909 0x000002d083694e90 code [0x000002d083695040, 0x000002d0836952a0]
Event: 74.718 Thread 0x000002d09633c830 8910       3       java.nio.HeapCharBuffer::ix (7 bytes)
Event: 74.718 Thread 0x000002d09633c830 nmethod 8910 0x000002d083237f90 code [0x000002d083238120, 0x000002d083238230]
Event: 74.722 Thread 0x000002d09633b3a0 8911       4       java.util.stream.ReduceOps$3ReducingSink::accept (15 bytes)
Event: 74.723 Thread 0x000002d09633b3a0 nmethod 8911 0x000002d08b271590 code [0x000002d08b271720, 0x000002d08b2717e0]
Event: 74.781 Thread 0x000002d09633c830 8912       3       java.util.Map::copyOf (44 bytes)
Event: 74.781 Thread 0x000002d09633c830 nmethod 8912 0x000002d083496810 code [0x000002d083496a20, 0x000002d083497150]

GC Heap History (20 events):
Event: 70.112 GC heap before
{Heap before GC invocations=53 (full 3):
 PSYoungGen      total 14848K, used 13773K [0x00000000d5580000, 0x00000000d6600000, 0x0000000100000000)
  eden space 13312K, 100% used [0x00000000d5580000,0x00000000d6280000,0x00000000d6280000)
  from space 1536K, 30% used [0x00000000d6380000,0x00000000d63f3420,0x00000000d6500000)
  to   space 1024K, 0% used [0x00000000d6500000,0x00000000d6500000,0x00000000d6600000)
 ParOldGen       total 68608K, used 54752K [0x0000000080000000, 0x0000000084300000, 0x00000000d5580000)
  object space 68608K, 79% used [0x0000000080000000,0x0000000083578390,0x0000000084300000)
 Metaspace       used 63471K, committed 64768K, reserved 1114112K
  class space    used 7863K, committed 8448K, reserved 1048576K
}
Event: 70.113 GC heap after
{Heap after GC invocations=53 (full 3):
 PSYoungGen      total 14336K, used 1011K [0x00000000d5580000, 0x00000000d6600000, 0x0000000100000000)
  eden space 13312K, 0% used [0x00000000d5580000,0x00000000d5580000,0x00000000d6280000)
  from space 1024K, 98% used [0x00000000d6500000,0x00000000d65fcd78,0x00000000d6600000)
  to   space 1536K, 0% used [0x00000000d6300000,0x00000000d6300000,0x00000000d6480000)
 ParOldGen       total 68608K, used 55024K [0x0000000080000000, 0x0000000084300000, 0x00000000d5580000)
  object space 68608K, 80% used [0x0000000080000000,0x00000000835bc3b8,0x0000000084300000)
 Metaspace       used 63471K, committed 64768K, reserved 1114112K
  class space    used 7863K, committed 8448K, reserved 1048576K
}
Event: 70.210 GC heap before
{Heap before GC invocations=54 (full 3):
 PSYoungGen      total 14336K, used 14323K [0x00000000d5580000, 0x00000000d6600000, 0x0000000100000000)
  eden space 13312K, 100% used [0x00000000d5580000,0x00000000d6280000,0x00000000d6280000)
  from space 1024K, 98% used [0x00000000d6500000,0x00000000d65fcd78,0x00000000d6600000)
  to   space 1536K, 0% used [0x00000000d6300000,0x00000000d6300000,0x00000000d6480000)
 ParOldGen       total 68608K, used 55024K [0x0000000080000000, 0x0000000084300000, 0x00000000d5580000)
  object space 68608K, 80% used [0x0000000080000000,0x00000000835bc3b8,0x0000000084300000)
 Metaspace       used 63471K, committed 64768K, reserved 1114112K
  class space    used 7863K, committed 8448K, reserved 1048576K
}
Event: 70.211 GC heap after
{Heap after GC invocations=54 (full 3):
 PSYoungGen      total 14848K, used 565K [0x00000000d5580000, 0x00000000d6580000, 0x0000000100000000)
  eden space 13312K, 0% used [0x00000000d5580000,0x00000000d5580000,0x00000000d6280000)
  from space 1536K, 36% used [0x00000000d6300000,0x00000000d638d5d8,0x00000000d6480000)
  to   space 1024K, 0% used [0x00000000d6480000,0x00000000d6480000,0x00000000d6580000)
 ParOldGen       total 68608K, used 55109K [0x0000000080000000, 0x0000000084300000, 0x00000000d5580000)
  object space 68608K, 80% used [0x0000000080000000,0x00000000835d1760,0x0000000084300000)
 Metaspace       used 63471K, committed 64768K, reserved 1114112K
  class space    used 7863K, committed 8448K, reserved 1048576K
}
Event: 70.283 GC heap before
{Heap before GC invocations=55 (full 3):
 PSYoungGen      total 14848K, used 13877K [0x00000000d5580000, 0x00000000d6580000, 0x0000000100000000)
  eden space 13312K, 100% used [0x00000000d5580000,0x00000000d6280000,0x00000000d6280000)
  from space 1536K, 36% used [0x00000000d6300000,0x00000000d638d5d8,0x00000000d6480000)
  to   space 1024K, 0% used [0x00000000d6480000,0x00000000d6480000,0x00000000d6580000)
 ParOldGen       total 68608K, used 55109K [0x0000000080000000, 0x0000000084300000, 0x00000000d5580000)
  object space 68608K, 80% used [0x0000000080000000,0x00000000835d1760,0x0000000084300000)
 Metaspace       used 63486K, committed 64768K, reserved 1114112K
  class space    used 7866K, committed 8448K, reserved 1048576K
}
Event: 70.285 GC heap after
{Heap after GC invocations=55 (full 3):
 PSYoungGen      total 14336K, used 977K [0x00000000d5580000, 0x00000000d6580000, 0x0000000100000000)
  eden space 13312K, 0% used [0x00000000d5580000,0x00000000d5580000,0x00000000d6280000)
  from space 1024K, 95% used [0x00000000d6480000,0x00000000d65745a0,0x00000000d6580000)
  to   space 1536K, 0% used [0x00000000d6280000,0x00000000d6280000,0x00000000d6400000)
 ParOldGen       total 68608K, used 56289K [0x0000000080000000, 0x0000000084300000, 0x00000000d5580000)
  object space 68608K, 82% used [0x0000000080000000,0x00000000836f8428,0x0000000084300000)
 Metaspace       used 63486K, committed 64768K, reserved 1114112K
  class space    used 7866K, committed 8448K, reserved 1048576K
}
Event: 70.380 GC heap before
{Heap before GC invocations=56 (full 3):
 PSYoungGen      total 14336K, used 14289K [0x00000000d5580000, 0x00000000d6580000, 0x0000000100000000)
  eden space 13312K, 100% used [0x00000000d5580000,0x00000000d6280000,0x00000000d6280000)
  from space 1024K, 95% used [0x00000000d6480000,0x00000000d65745a0,0x00000000d6580000)
  to   space 1536K, 0% used [0x00000000d6280000,0x00000000d6280000,0x00000000d6400000)
 ParOldGen       total 68608K, used 56289K [0x0000000080000000, 0x0000000084300000, 0x00000000d5580000)
  object space 68608K, 82% used [0x0000000080000000,0x00000000836f8428,0x0000000084300000)
 Metaspace       used 63486K, committed 64768K, reserved 1114112K
  class space    used 7866K, committed 8448K, reserved 1048576K
}
Event: 70.382 GC heap after
{Heap after GC invocations=56 (full 3):
 PSYoungGen      total 14848K, used 910K [0x00000000d5580000, 0x00000000d6500000, 0x0000000100000000)
  eden space 13312K, 0% used [0x00000000d5580000,0x00000000d5580000,0x00000000d6280000)
  from space 1536K, 59% used [0x00000000d6280000,0x00000000d6363ba0,0x00000000d6400000)
  to   space 1024K, 0% used [0x00000000d6400000,0x00000000d6400000,0x00000000d6500000)
 ParOldGen       total 68608K, used 56377K [0x0000000080000000, 0x0000000084300000, 0x00000000d5580000)
  object space 68608K, 82% used [0x0000000080000000,0x000000008370e428,0x0000000084300000)
 Metaspace       used 63486K, committed 64768K, reserved 1114112K
  class space    used 7866K, committed 8448K, reserved 1048576K
}
Event: 70.472 GC heap before
{Heap before GC invocations=57 (full 3):
 PSYoungGen      total 14848K, used 14222K [0x00000000d5580000, 0x00000000d6500000, 0x0000000100000000)
  eden space 13312K, 100% used [0x00000000d5580000,0x00000000d6280000,0x00000000d6280000)
  from space 1536K, 59% used [0x00000000d6280000,0x00000000d6363ba0,0x00000000d6400000)
  to   space 1024K, 0% used [0x00000000d6400000,0x00000000d6400000,0x00000000d6500000)
 ParOldGen       total 68608K, used 56377K [0x0000000080000000, 0x0000000084300000, 0x00000000d5580000)
  object space 68608K, 82% used [0x0000000080000000,0x000000008370e428,0x0000000084300000)
 Metaspace       used 63486K, committed 64768K, reserved 1114112K
  class space    used 7866K, committed 8448K, reserved 1048576K
}
Event: 70.473 GC heap after
{Heap after GC invocations=57 (full 3):
 PSYoungGen      total 13824K, used 160K [0x00000000d5580000, 0x00000000d6480000, 0x0000000100000000)
  eden space 13312K, 0% used [0x00000000d5580000,0x00000000d5580000,0x00000000d6280000)
  from space 512K, 31% used [0x00000000d6400000,0x00000000d6428000,0x00000000d6480000)
  to   space 512K, 0% used [0x00000000d6380000,0x00000000d6380000,0x00000000d6400000)
 ParOldGen       total 68608K, used 56999K [0x0000000080000000, 0x0000000084300000, 0x00000000d5580000)
  object space 68608K, 83% used [0x0000000080000000,0x00000000837a9e60,0x0000000084300000)
 Metaspace       used 63486K, committed 64768K, reserved 1114112K
  class space    used 7866K, committed 8448K, reserved 1048576K
}
Event: 70.607 GC heap before
{Heap before GC invocations=58 (full 3):
 PSYoungGen      total 13824K, used 13472K [0x00000000d5580000, 0x00000000d6480000, 0x0000000100000000)
  eden space 13312K, 100% used [0x00000000d5580000,0x00000000d6280000,0x00000000d6280000)
  from space 512K, 31% used [0x00000000d6400000,0x00000000d6428000,0x00000000d6480000)
  to   space 512K, 0% used [0x00000000d6380000,0x00000000d6380000,0x00000000d6400000)
 ParOldGen       total 68608K, used 56999K [0x0000000080000000, 0x0000000084300000, 0x00000000d5580000)
  object space 68608K, 83% used [0x0000000080000000,0x00000000837a9e60,0x0000000084300000)
 Metaspace       used 63487K, committed 64768K, reserved 1114112K
  class space    used 7866K, committed 8448K, reserved 1048576K
}
Event: 70.608 GC heap after
{Heap after GC invocations=58 (full 3):
 PSYoungGen      total 13824K, used 492K [0x00000000d5580000, 0x00000000d6580000, 0x0000000100000000)
  eden space 13312K, 0% used [0x00000000d5580000,0x00000000d5580000,0x00000000d6280000)
  from space 512K, 96% used [0x00000000d6380000,0x00000000d63fb170,0x00000000d6400000)
  to   space 1536K, 0% used [0x00000000d6400000,0x00000000d6400000,0x00000000d6580000)
 ParOldGen       total 68608K, used 57452K [0x0000000080000000, 0x0000000084300000, 0x00000000d5580000)
  object space 68608K, 83% used [0x0000000080000000,0x000000008381b3e0,0x0000000084300000)
 Metaspace       used 63487K, committed 64768K, reserved 1114112K
  class space    used 7866K, committed 8448K, reserved 1048576K
}
Event: 70.731 GC heap before
{Heap before GC invocations=59 (full 3):
 PSYoungGen      total 13824K, used 13804K [0x00000000d5580000, 0x00000000d6580000, 0x0000000100000000)
  eden space 13312K, 100% used [0x00000000d5580000,0x00000000d6280000,0x00000000d6280000)
  from space 512K, 96% used [0x00000000d6380000,0x00000000d63fb170,0x00000000d6400000)
  to   space 1536K, 0% used [0x00000000d6400000,0x00000000d6400000,0x00000000d6580000)
 ParOldGen       total 68608K, used 57452K [0x0000000080000000, 0x0000000084300000, 0x00000000d5580000)
  object space 68608K, 83% used [0x0000000080000000,0x000000008381b3e0,0x0000000084300000)
 Metaspace       used 63487K, committed 64768K, reserved 1114112K
  class space    used 7866K, committed 8448K, reserved 1048576K
}
Event: 70.732 GC heap after
{Heap after GC invocations=59 (full 3):
 PSYoungGen      total 13824K, used 373K [0x00000000d5580000, 0x00000000d6480000, 0x0000000100000000)
  eden space 13312K, 0% used [0x00000000d5580000,0x00000000d5580000,0x00000000d6280000)
  from space 512K, 72% used [0x00000000d6400000,0x00000000d645d4b8,0x00000000d6480000)
  to   space 1024K, 0% used [0x00000000d6280000,0x00000000d6280000,0x00000000d6380000)
 ParOldGen       total 68608K, used 57516K [0x0000000080000000, 0x0000000084300000, 0x00000000d5580000)
  object space 68608K, 83% used [0x0000000080000000,0x000000008382b3e0,0x0000000084300000)
 Metaspace       used 63487K, committed 64768K, reserved 1114112K
  class space    used 7866K, committed 8448K, reserved 1048576K
}
Event: 70.818 GC heap before
{Heap before GC invocations=60 (full 3):
 PSYoungGen      total 13824K, used 13685K [0x00000000d5580000, 0x00000000d6480000, 0x0000000100000000)
  eden space 13312K, 100% used [0x00000000d5580000,0x00000000d6280000,0x00000000d6280000)
  from space 512K, 72% used [0x00000000d6400000,0x00000000d645d4b8,0x00000000d6480000)
  to   space 1024K, 0% used [0x00000000d6280000,0x00000000d6280000,0x00000000d6380000)
 ParOldGen       total 68608K, used 57516K [0x0000000080000000, 0x0000000084300000, 0x00000000d5580000)
  object space 68608K, 83% used [0x0000000080000000,0x000000008382b3e0,0x0000000084300000)
 Metaspace       used 63487K, committed 64768K, reserved 1114112K
  class space    used 7866K, committed 8448K, reserved 1048576K
}
Event: 70.819 GC heap after
{Heap after GC invocations=60 (full 3):
 PSYoungGen      total 14336K, used 1021K [0x00000000d5580000, 0x00000000d6580000, 0x0000000100000000)
  eden space 13312K, 0% used [0x00000000d5580000,0x00000000d5580000,0x00000000d6280000)
  from space 1024K, 99% used [0x00000000d6280000,0x00000000d637f408,0x00000000d6380000)
  to   space 1536K, 0% used [0x00000000d6400000,0x00000000d6400000,0x00000000d6580000)
 ParOldGen       total 68608K, used 57664K [0x0000000080000000, 0x0000000084300000, 0x00000000d5580000)
  object space 68608K, 84% used [0x0000000080000000,0x0000000083850380,0x0000000084300000)
 Metaspace       used 63487K, committed 64768K, reserved 1114112K
  class space    used 7866K, committed 8448K, reserved 1048576K
}
Event: 71.000 GC heap before
{Heap before GC invocations=61 (full 3):
 PSYoungGen      total 14336K, used 14333K [0x00000000d5580000, 0x00000000d6580000, 0x0000000100000000)
  eden space 13312K, 100% used [0x00000000d5580000,0x00000000d6280000,0x00000000d6280000)
  from space 1024K, 99% used [0x00000000d6280000,0x00000000d637f408,0x00000000d6380000)
  to   space 1536K, 0% used [0x00000000d6400000,0x00000000d6400000,0x00000000d6580000)
 ParOldGen       total 68608K, used 57664K [0x0000000080000000, 0x0000000084300000, 0x00000000d5580000)
  object space 68608K, 84% used [0x0000000080000000,0x0000000083850380,0x0000000084300000)
 Metaspace       used 64090K, committed 65408K, reserved 1114112K
  class space    used 7944K, committed 8512K, reserved 1048576K
}
Event: 71.001 GC heap after
{Heap after GC invocations=61 (full 3):
 PSYoungGen      total 13824K, used 512K [0x00000000d5580000, 0x00000000d6480000, 0x0000000100000000)
  eden space 13312K, 0% used [0x00000000d5580000,0x00000000d5580000,0x00000000d6280000)
  from space 512K, 100% used [0x00000000d6400000,0x00000000d6480000,0x00000000d6480000)
  to   space 1024K, 0% used [0x00000000d6280000,0x00000000d6280000,0x00000000d6380000)
 ParOldGen       total 68608K, used 57728K [0x0000000080000000, 0x0000000084300000, 0x00000000d5580000)
  object space 68608K, 84% used [0x0000000080000000,0x0000000083860380,0x0000000084300000)
 Metaspace       used 64090K, committed 65408K, reserved 1114112K
  class space    used 7944K, committed 8512K, reserved 1048576K
}
Event: 71.170 GC heap before
{Heap before GC invocations=62 (full 3):
 PSYoungGen      total 13824K, used 13824K [0x00000000d5580000, 0x00000000d6480000, 0x0000000100000000)
  eden space 13312K, 100% used [0x00000000d5580000,0x00000000d6280000,0x00000000d6280000)
  from space 512K, 100% used [0x00000000d6400000,0x00000000d6480000,0x00000000d6480000)
  to   space 1024K, 0% used [0x00000000d6280000,0x00000000d6280000,0x00000000d6380000)
 ParOldGen       total 68608K, used 57728K [0x0000000080000000, 0x0000000084300000, 0x00000000d5580000)
  object space 68608K, 84% used [0x0000000080000000,0x0000000083860380,0x0000000084300000)
 Metaspace       used 65666K, committed 66944K, reserved 1114112K
  class space    used 8192K, committed 8768K, reserved 1048576K
}
Event: 71.171 GC heap after
{Heap after GC invocations=62 (full 3):
 PSYoungGen      total 14336K, used 576K [0x00000000d5580000, 0x00000000d6480000, 0x0000000100000000)
  eden space 13312K, 0% used [0x00000000d5580000,0x00000000d5580000,0x00000000d6280000)
  from space 1024K, 56% used [0x00000000d6280000,0x00000000d6310010,0x00000000d6380000)
  to   space 1024K, 0% used [0x00000000d6380000,0x00000000d6380000,0x00000000d6480000)
 ParOldGen       total 68608K, used 57984K [0x0000000080000000, 0x0000000084300000, 0x00000000d5580000)
  object space 68608K, 84% used [0x0000000080000000,0x00000000838a03b0,0x0000000084300000)
 Metaspace       used 65666K, committed 66944K, reserved 1114112K
  class space    used 8192K, committed 8768K, reserved 1048576K
}

Dll operation events (14 events):
Event: 0.019 Loaded shared library c:\Users\workh\.antigravity\extensions\redhat.java-1.53.0-win32-x64\jre\21.0.10-win32-x86_64\bin\java.dll
Event: 0.139 Loaded shared library c:\Users\workh\.antigravity\extensions\redhat.java-1.53.0-win32-x64\jre\21.0.10-win32-x86_64\bin\zip.dll
Event: 0.169 Loaded shared library C:\Users\workh\.antigravity\extensions\redhat.java-1.53.0-win32-x64\jre\21.0.10-win32-x86_64\bin\instrument.dll
Event: 0.182 Loaded shared library C:\Users\workh\.antigravity\extensions\redhat.java-1.53.0-win32-x64\jre\21.0.10-win32-x86_64\bin\net.dll
Event: 0.185 Loaded shared library C:\Users\workh\.antigravity\extensions\redhat.java-1.53.0-win32-x64\jre\21.0.10-win32-x86_64\bin\nio.dll
Event: 0.190 Loaded shared library C:\Users\workh\.antigravity\extensions\redhat.java-1.53.0-win32-x64\jre\21.0.10-win32-x86_64\bin\zip.dll
Event: 0.215 Loaded shared library C:\Users\workh\.antigravity\extensions\redhat.java-1.53.0-win32-x64\jre\21.0.10-win32-x86_64\bin\jimage.dll
Event: 0.360 Loaded shared library c:\Users\workh\.antigravity\extensions\redhat.java-1.53.0-win32-x64\jre\21.0.10-win32-x86_64\bin\verify.dll
Event: 1.341 Loaded shared library C:\Users\workh\AppData\Roaming\Antigravity\User\globalStorage\redhat.java\1.53.0\config_win\org.eclipse.equinox.launcher\org.eclipse.equinox.launcher.win32.win32.x86_64_1.3.0.v20260203-2149\eclipse_11919.dll
Event: 2.289 Loaded shared library C:\Users\workh\AppData\Local\Temp\jna-113318775\jna676750017641267880.dll
Event: 66.992 Loaded shared library C:\Users\workh\.gradle\native\660c5614fbf4a5f2a75b1949f50a0caf5cd603558e7d8a26e50b933a0cfb79d1\windows-amd64\native-platform.dll
Event: 67.806 Loaded shared library C:\Users\workh\.antigravity\extensions\redhat.java-1.53.0-win32-x64\jre\21.0.10-win32-x86_64\bin\management.dll
Event: 67.810 Loaded shared library C:\Users\workh\.antigravity\extensions\redhat.java-1.53.0-win32-x64\jre\21.0.10-win32-x86_64\bin\management_ext.dll
Event: 70.994 Loaded shared library C:\Users\workh\.antigravity\extensions\redhat.java-1.53.0-win32-x64\jre\21.0.10-win32-x86_64\bin\extnet.dll

Deoptimization events (20 events):
Event: 74.717 Thread 0x000002d0d8d40c90 Uncommon trap: trap_request=0xffffffc6 fr.pc=0x000002d08b19f164 relative=0x0000000000000284
Event: 74.717 Thread 0x000002d0d8d40c90 Uncommon trap: reason=bimorphic_or_optimized_type_check action=maybe_recompile pc=0x000002d08b19f164 method=java.util.regex.Pattern$BmpCharProperty.match(Ljava/util/regex/Matcher;ILjava/lang/CharSequence;)Z @ 14 c2
Event: 74.717 Thread 0x000002d0d8d40c90 DEOPT PACKING pc=0x000002d08b19f164 sp=0x000000dd2e6fec80
Event: 74.717 Thread 0x000002d0d8d40c90 DEOPT UNPACKING pc=0x000002d08a5e3aa2 sp=0x000000dd2e6fec10 mode 2
Event: 74.717 Thread 0x000002d0d8d40c90 Uncommon trap: trap_request=0xffffffc6 fr.pc=0x000002d08ae72d50 relative=0x0000000000000110
Event: 74.717 Thread 0x000002d0d8d40c90 Uncommon trap: reason=bimorphic_or_optimized_type_check action=maybe_recompile pc=0x000002d08ae72d50 method=java.util.regex.Pattern.lambda$union$3(Ljava/util/regex/Pattern$CharPredicate;Ljava/util/regex/Pattern$CharPredicate;I)Z @ 12 c2
Event: 74.717 Thread 0x000002d0d8d40c90 DEOPT PACKING pc=0x000002d08ae72d50 sp=0x000000dd2e6febe0
Event: 74.717 Thread 0x000002d0d8d40c90 DEOPT UNPACKING pc=0x000002d08a5e3aa2 sp=0x000000dd2e6feaf8 mode 2
Event: 74.717 Thread 0x000002d0d8d40c90 Uncommon trap: trap_request=0xffffff45 fr.pc=0x000002d08af5babc relative=0x00000000000019dc
Event: 74.717 Thread 0x000002d0d8d40c90 Uncommon trap: reason=unstable_if action=reinterpret pc=0x000002d08af5babc method=sun.nio.cs.StreamDecoder.implRead([CII)I @ 36 c2
Event: 74.717 Thread 0x000002d0d8d40c90 DEOPT PACKING pc=0x000002d08af5babc sp=0x000000dd2e6fed50
Event: 74.717 Thread 0x000002d0d8d40c90 DEOPT UNPACKING pc=0x000002d08a5e3aa2 sp=0x000000dd2e6fecb8 mode 2
Event: 74.717 Thread 0x000002d0d8d40c90 Uncommon trap: trap_request=0xffffff45 fr.pc=0x000002d08adbd998 relative=0x00000000000006b8
Event: 74.717 Thread 0x000002d0d8d40c90 Uncommon trap: reason=unstable_if action=reinterpret pc=0x000002d08adbd998 method=sun.nio.cs.StreamDecoder.implRead([CII)I @ 36 c2
Event: 74.717 Thread 0x000002d0d8d40c90 DEOPT PACKING pc=0x000002d08adbd998 sp=0x000000dd2e6fed00
Event: 74.717 Thread 0x000002d0d8d40c90 DEOPT UNPACKING pc=0x000002d08a5e3aa2 sp=0x000000dd2e6fecc0 mode 2
Event: 74.797 Thread 0x000002d0df6f6310 Uncommon trap: trap_request=0xffffff45 fr.pc=0x000002d08af47284 relative=0x0000000000000324
Event: 74.797 Thread 0x000002d0df6f6310 Uncommon trap: reason=unstable_if action=reinterpret pc=0x000002d08af47284 method=java.lang.ThreadLocal$ThreadLocalMap.set(Ljava/lang/ThreadLocal;Ljava/lang/Object;)V @ 116 c2
Event: 74.797 Thread 0x000002d0df6f6310 DEOPT PACKING pc=0x000002d08af47284 sp=0x000000dd2b9fd9d0
Event: 74.797 Thread 0x000002d0df6f6310 DEOPT UNPACKING pc=0x000002d08a5e3aa2 sp=0x000000dd2b9fd958 mode 2

Classes loaded (20 events):
Event: 71.311 Loading class jdk/internal/event/ProcessStartEvent
Event: 71.312 Loading class jdk/internal/event/ProcessStartEvent done
Event: 71.971 Loading class java/util/EnumMap$EntrySet
Event: 71.971 Loading class java/util/EnumMap$EntrySet done
Event: 71.971 Loading class java/util/EnumMap$EntryIterator
Event: 71.971 Loading class java/util/EnumMap$EnumMapIterator
Event: 71.971 Loading class java/util/EnumMap$EnumMapIterator done
Event: 71.971 Loading class java/util/EnumMap$EntryIterator done
Event: 71.971 Loading class java/util/EnumMap$EntryIterator$Entry
Event: 71.971 Loading class java/util/EnumMap$EntryIterator$Entry done
Event: 72.142 Loading class java/lang/ProcessBuilder$NullInputStream
Event: 72.142 Loading class java/lang/ProcessBuilder$NullInputStream done
Event: 72.144 Loading class java/util/Scanner
Event: 72.145 Loading class java/util/Scanner done
Event: 72.146 Loading class java/util/Scanner$PatternLRUCache
Event: 72.146 Loading class java/util/Scanner$PatternLRUCache done
Event: 74.716 Loading class java/util/regex/Matcher$ImmutableMatchResult
Event: 74.716 Loading class java/util/regex/Matcher$ImmutableMatchResult done
Event: 74.795 Loading class java/util/concurrent/ConcurrentLinkedQueue$Itr
Event: 74.795 Loading class java/util/concurrent/ConcurrentLinkedQueue$Itr done

Classes unloaded (7 events):
Event: 2.687 Thread 0x000002d096324c20 Unloading class 0x000002d0981a4c00 'java/lang/invoke/LambdaForm$MH+0x000002d0981a4c00'
Event: 2.687 Thread 0x000002d096324c20 Unloading class 0x000002d0981a4800 'java/lang/invoke/LambdaForm$MH+0x000002d0981a4800'
Event: 2.687 Thread 0x000002d096324c20 Unloading class 0x000002d0981a4400 'java/lang/invoke/LambdaForm$MH+0x000002d0981a4400'
Event: 2.687 Thread 0x000002d096324c20 Unloading class 0x000002d0981a4000 'java/lang/invoke/LambdaForm$MH+0x000002d0981a4000'
Event: 2.687 Thread 0x000002d096324c20 Unloading class 0x000002d0981a3c00 'java/lang/invoke/LambdaForm$BMH+0x000002d0981a3c00'
Event: 2.687 Thread 0x000002d096324c20 Unloading class 0x000002d0981a3800 'java/lang/invoke/LambdaForm$DMH+0x000002d0981a3800'
Event: 2.687 Thread 0x000002d096324c20 Unloading class 0x000002d0981a2400 'java/lang/invoke/LambdaForm$DMH+0x000002d0981a2400'

Classes redefined (0 events):
No events

Internal exceptions (20 events):
Event: 68.569 Thread 0x000002d0df6f4f60 Exception <a 'java/io/IOException'{0x00000000d56e1070}> (0x00000000d56e1070) 
thrown [s\src\hotspot\share\prims\jni.cpp, line 520]
Event: 68.570 Thread 0x000002d0df6f4f60 Exception <a 'java/io/IOException'{0x00000000d6115da0}> (0x00000000d6115da0) 
thrown [s\src\hotspot\share\prims\jni.cpp, line 520]
Event: 68.571 Thread 0x000002d0df6f4f60 Exception <a 'java/io/IOException'{0x00000000d6116c68}> (0x00000000d6116c68) 
thrown [s\src\hotspot\share\prims\jni.cpp, line 520]
Event: 68.571 Thread 0x000002d0df6f4f60 Exception <a 'java/io/IOException'{0x00000000d6126590}> (0x00000000d6126590) 
thrown [s\src\hotspot\share\prims\jni.cpp, line 520]
Event: 68.582 Thread 0x000002d0df6f6310 Exception <a 'sun/nio/fs/WindowsException'{0x00000000d60f82a0}> (0x00000000d60f82a0) 
thrown [s\src\hotspot\share\prims\jni.cpp, line 520]
Event: 69.642 Thread 0x000002d0e364e370 Exception <a 'java/io/IOException'{0x00000000d5938a90}> (0x00000000d5938a90) 
thrown [s\src\hotspot\share\prims\jni.cpp, line 520]
Event: 69.643 Thread 0x000002d0e364e370 Exception <a 'java/io/IOException'{0x00000000d59c8068}> (0x00000000d59c8068) 
thrown [s\src\hotspot\share\prims\jni.cpp, line 520]
Event: 69.644 Thread 0x000002d0e364e370 Exception <a 'java/io/IOException'{0x00000000d59c9198}> (0x00000000d59c9198) 
thrown [s\src\hotspot\share\prims\jni.cpp, line 520]
Event: 69.644 Thread 0x000002d0e364e370 Exception <a 'java/io/IOException'{0x00000000d59d8d38}> (0x00000000d59d8d38) 
thrown [s\src\hotspot\share\prims\jni.cpp, line 520]
Event: 71.042 Thread 0x000002d0e364f090 Exception <a 'java/lang/NoSuchMethodError'{0x00000000d58cd988}: 'java.lang.Object java.lang.invoke.DirectMethodHandle$Holder.newInvokeSpecial(java.lang.Object, java.lang.Object, java.lang.Object, java.lang.Object, java.lang.Object, java.lang.Object, java.lang.Object, java.lang.Object)'> (0x00000000d58cd988) 
thrown [s\src\hotspot\share\interpreter\linkResolver.cpp, line 773]
Event: 71.071 Thread 0x000002d0e364f090 Exception <a 'java/lang/NoSuchMethodError'{0x00000000d5b05a40}: 'java.lang.Object java.lang.invoke.DirectMethodHandle$Holder.invokeVirtual(java.lang.Object, java.lang.Object, java.lang.Object, java.lang.Object, java.lang.Object, java.lang.Object, java.lang.Object, java.lang.Object, java.lang.Object)'> (0x00000000d5b05a40) 
thrown [s\src\hotspot\share\interpreter\linkResolver.cpp, line 773]
Event: 71.113 Thread 0x000002d0e364f090 Exception <a 'java/lang/NoSuchMethodError'{0x00000000d5f58b00}: 'long java.lang.invoke.DirectMethodHandle$Holder.invokeVirtual(java.lang.Object, java.lang.Object)'> (0x00000000d5f58b00) 
thrown [s\src\hotspot\share\interpreter\linkResolver.cpp, line 773]
Event: 71.114 Thread 0x000002d0e364f090 Exception <a 'java/lang/NoSuchMethodError'{0x00000000d5f5bf00}: 'long java.lang.invoke.DelegatingMethodHandle$Holder.reinvoke_L(java.lang.Object, java.lang.Object)'> (0x00000000d5f5bf00) 
thrown [s\src\hotspot\share\interpreter\linkResolver.cpp, line 773]
Event: 71.308 Thread 0x000002d0d8d426d0 Exception <a 'java/lang/NoSuchMethodError'{0x00000000d59204c8}: 'void java.lang.invoke.DirectMethodHandle$Holder.invokeStatic(java.lang.Object, long)'> (0x00000000d59204c8) 
thrown [s\src\hotspot\share\interpreter\linkResolver.cpp, line 773]
Event: 71.639 Thread 0x000002d0e364e370 Exception <a 'java/io/IOException'{0x00000000d59823b8}> (0x00000000d59823b8) 
thrown [s\src\hotspot\share\prims\jni.cpp, line 520]
Event: 71.640 Thread 0x000002d0e364e370 Exception <a 'java/io/IOException'{0x00000000d5990d08}> (0x00000000d5990d08) 
thrown [s\src\hotspot\share\prims\jni.cpp, line 520]
Event: 71.640 Thread 0x000002d0e364e370 Exception <a 'java/io/IOException'{0x00000000d59940e8}> (0x00000000d59940e8) 
thrown [s\src\hotspot\share\prims\jni.cpp, line 520]
Event: 71.640 Thread 0x000002d0e364e370 Exception <a 'java/io/IOException'{0x00000000d59a2700}> (0x00000000d59a2700) 
thrown [s\src\hotspot\share\prims\jni.cpp, line 520]
Event: 71.967 Thread 0x000002d0d8d426d0 Exception <a 'java/lang/NoSuchMethodError'{0x00000000d5945240}: 'void java.lang.invoke.DirectMethodHandle$Holder.invokeSpecial(java.lang.Object, java.lang.Object, int)'> (0x00000000d5945240) 
thrown [s\src\hotspot\share\interpreter\linkResolver.cpp, line 773]
Event: 71.968 Thread 0x000002d0d8d426d0 Exception <a 'java/lang/NoSuchMethodError'{0x00000000d594a668}: 'java.lang.Object java.lang.invoke.DirectMethodHandle$Holder.newInvokeSpecial(java.lang.Object, java.lang.Object, int)'> (0x00000000d594a668) 
thrown [s\src\hotspot\share\interpreter\linkResolver.cpp, line 773]

ZGC Phase Switch (0 events):
No events

VM Operations (20 events):
Event: 70.283 Executing safepoint VM operation: ParallelGCFailedAllocation (Allocation Failure)
Event: 70.285 Executing safepoint VM operation: ParallelGCFailedAllocation (Allocation Failure) done
Event: 70.380 Executing safepoint VM operation: ParallelGCFailedAllocation (Allocation Failure)
Event: 70.382 Executing safepoint VM operation: ParallelGCFailedAllocation (Allocation Failure) done
Event: 70.472 Executing safepoint VM operation: ParallelGCFailedAllocation (Allocation Failure)
Event: 70.473 Executing safepoint VM operation: ParallelGCFailedAllocation (Allocation Failure) done
Event: 70.606 Executing safepoint VM operation: ParallelGCFailedAllocation (Allocation Failure)
Event: 70.608 Executing safepoint VM operation: ParallelGCFailedAllocation (Allocation Failure) done
Event: 70.731 Executing safepoint VM operation: ParallelGCFailedAllocation (Allocation Failure)
Event: 70.732 Executing safepoint VM operation: ParallelGCFailedAllocation (Allocation Failure) done
Event: 70.818 Executing safepoint VM operation: ParallelGCFailedAllocation (Allocation Failure)
Event: 70.819 Executing safepoint VM operation: ParallelGCFailedAllocation (Allocation Failure) done
Event: 71.000 Executing safepoint VM operation: ParallelGCFailedAllocation (Allocation Failure)
Event: 71.002 Executing safepoint VM operation: ParallelGCFailedAllocation (Allocation Failure) done
Event: 71.170 Executing safepoint VM operation: ParallelGCFailedAllocation (Allocation Failure)
Event: 71.171 Executing safepoint VM operation: ParallelGCFailedAllocation (Allocation Failure) done
Event: 71.311 Executing non-safepoint VM operation: HandshakeAllThreads (Deoptimize)
Event: 71.311 Executing non-safepoint VM operation: HandshakeAllThreads (Deoptimize) done
Event: 72.311 Executing safepoint VM operation: Cleanup
Event: 72.311 Executing safepoint VM operation: Cleanup done

Memory protections (0 events):
No events

Nmethod flushes (20 events):
Event: 68.895 Thread 0x000002d096324c20 flushing  nmethod 0x000002d083af7e90
Event: 68.895 Thread 0x000002d096324c20 flushing  nmethod 0x000002d083b16990
Event: 68.895 Thread 0x000002d096324c20 flushing  nmethod 0x000002d083b19590
Event: 68.895 Thread 0x000002d096324c20 flushing  nmethod 0x000002d083b2d010
Event: 68.895 Thread 0x000002d096324c20 flushing  nmethod 0x000002d083b3f310
Event: 68.895 Thread 0x000002d096324c20 flushing  nmethod 0x000002d083b4ee10
Event: 68.895 Thread 0x000002d096324c20 flushing osr nmethod 0x000002d083b56090
Event: 68.895 Thread 0x000002d096324c20 flushing  nmethod 0x000002d083b70410
Event: 68.895 Thread 0x000002d096324c20 flushing  nmethod 0x000002d083b70e10
Event: 68.895 Thread 0x000002d096324c20 flushing  nmethod 0x000002d083b71290
Event: 68.895 Thread 0x000002d096324c20 flushing  nmethod 0x000002d083b72d90
Event: 68.895 Thread 0x000002d096324c20 flushing  nmethod 0x000002d083b74690
Event: 68.895 Thread 0x000002d096324c20 flushing  nmethod 0x000002d083b74a90
Event: 68.895 Thread 0x000002d096324c20 flushing  nmethod 0x000002d083b75490
Event: 68.895 Thread 0x000002d096324c20 flushing  nmethod 0x000002d083b77010
Event: 68.895 Thread 0x000002d096324c20 flushing  nmethod 0x000002d083b79790
Event: 68.895 Thread 0x000002d096324c20 flushing  nmethod 0x000002d083b79c90
Event: 68.895 Thread 0x000002d096324c20 flushing  nmethod 0x000002d083b89990
Event: 68.895 Thread 0x000002d096324c20 flushing  nmethod 0x000002d083b9ad10
Event: 68.895 Thread 0x000002d096324c20 flushing  nmethod 0x000002d083badb10

Events (20 events):
Event: 69.628 Thread 0x000002d0e0755130 Thread added: 0x000002d0e07580e0
Event: 70.555 Thread 0x000002d09633c830 Thread added: 0x000002d0e0755800
Event: 70.555 Thread 0x000002d09633c830 Thread added: 0x000002d0e0756c70
Event: 70.912 Thread 0x000002d0e0756c70 Thread exited: 0x000002d0e0756c70
Event: 70.912 Thread 0x000002d0e0755800 Thread exited: 0x000002d0e0755800
Event: 70.914 Thread 0x000002d0e07580e0 Thread exited: 0x000002d0e07580e0
Event: 71.129 Thread 0x000002d0e364f090 Thread added: 0x000002d0e364f720
Event: 71.270 Thread 0x000002d0e364f090 Thread added: 0x000002d0d8d426d0
Event: 71.272 Thread 0x000002d0e0757a10 Thread exited: 0x000002d0e0757a10
Event: 71.314 Thread 0x000002d0d8d426d0 Thread added: 0x000002d0d8d433f0
Event: 71.314 Thread 0x000002d0d8d426d0 Thread added: 0x000002d0d8d42040
Event: 71.997 Thread 0x000002d0e364f090 Thread added: 0x000002d0d8d40c90
Event: 72.143 Thread 0x000002d0d8d40c90 Thread added: 0x000002d0d8d3ff70
Event: 72.144 Thread 0x000002d0d8d40c90 Thread added: 0x000002d0d8d40600
Event: 72.148 Thread 0x000002d0d8d3ff70 Thread exited: 0x000002d0d8d3ff70
Event: 74.716 Thread 0x000002d0e0755130 Thread exited: 0x000002d0e0755130
Event: 74.794 Thread 0x000002d0d8d40c90 Thread exited: 0x000002d0d8d40c90
Event: 74.794 Thread 0x000002d0d8d40600 Thread exited: 0x000002d0d8d40600
Event: 74.795 Thread 0x000002d0e364f720 Thread exited: 0x000002d0e364f720
Event: 74.797 Thread 0x000002d0e364f090 Thread exited: 0x000002d0e364f090


Dynamic libraries:
0x00007ff75a030000 - 0x00007ff75a03e000 	c:\Users\workh\.antigravity\extensions\redhat.java-1.53.0-win32-x64\jre\21.0.10-win32-x86_64\bin\java.exe
0x00007ff8b3eb0000 - 0x00007ff8b40a8000 	C:\WINDOWS\SYSTEM32\ntdll.dll
0x00007ff8b2d60000 - 0x00007ff8b2e22000 	C:\WINDOWS\System32\KERNEL32.DLL
0x00007ff8b1540000 - 0x00007ff8b1836000 	C:\WINDOWS\System32\KERNELBASE.dll
0x00007ff8b1b10000 - 0x00007ff8b1c10000 	C:\WINDOWS\System32\ucrtbase.dll
0x00007ff8ad0e0000 - 0x00007ff8ad0f8000 	c:\Users\workh\.antigravity\extensions\redhat.java-1.53.0-win32-x64\jre\21.0.10-win32-x86_64\bin\jli.dll
0x00007ff8b2390000 - 0x00007ff8b2531000 	C:\WINDOWS\System32\USER32.dll
0x00007ff8b1ea0000 - 0x00007ff8b1ec2000 	C:\WINDOWS\System32\win32u.dll
0x00007ff8b2c80000 - 0x00007ff8b2cab000 	C:\WINDOWS\System32\GDI32.dll
0x00007ff8b1d00000 - 0x00007ff8b1e19000 	C:\WINDOWS\System32\gdi32full.dll
0x00007ff8b1c10000 - 0x00007ff8b1cad000 	C:\WINDOWS\System32\msvcp_win.dll
0x00007ff8aa3a0000 - 0x00007ff8aa3be000 	c:\Users\workh\.antigravity\extensions\redhat.java-1.53.0-win32-x64\jre\21.0.10-win32-x86_64\bin\VCRUNTIME140.dll
0x00007ff89b7a0000 - 0x00007ff89ba3b000 	C:\WINDOWS\WinSxS\amd64_microsoft.windows.common-controls_6595b64144ccf1df_6.0.19041.6456_none_60b8a6cb71f64256\COMCTL32.dll
0x00007ff8b2be0000 - 0x00007ff8b2c7e000 	C:\WINDOWS\System32\msvcrt.dll
0x00007ff8b1ee0000 - 0x00007ff8b1f0f000 	C:\WINDOWS\System32\IMM32.DLL
0x00007ff8a4e70000 - 0x00007ff8a4e7c000 	c:\Users\workh\.antigravity\extensions\redhat.java-1.53.0-win32-x64\jre\21.0.10-win32-x86_64\bin\vcruntime140_1.dll
0x00007ff896ae0000 - 0x00007ff896b6d000 	c:\Users\workh\.antigravity\extensions\redhat.java-1.53.0-win32-x64\jre\21.0.10-win32-x86_64\bin\msvcp140.dll
0x00007ff8192d0000 - 0x00007ff81a071000 	c:\Users\workh\.antigravity\extensions\redhat.java-1.53.0-win32-x64\jre\21.0.10-win32-x86_64\bin\server\jvm.dll
0x00007ff8b1f10000 - 0x00007ff8b1fc1000 	C:\WINDOWS\System32\ADVAPI32.dll
0x00007ff8b3600000 - 0x00007ff8b369f000 	C:\WINDOWS\System32\sechost.dll
0x00007ff8b2f20000 - 0x00007ff8b3040000 	C:\WINDOWS\System32\RPCRT4.dll
0x00007ff8b1a30000 - 0x00007ff8b1a57000 	C:\WINDOWS\System32\bcrypt.dll
0x00007ff8b2660000 - 0x00007ff8b26cb000 	C:\WINDOWS\System32\WS2_32.dll
0x00007ff8a50c0000 - 0x00007ff8a50e7000 	C:\WINDOWS\SYSTEM32\WINMM.dll
0x00007ff8aac80000 - 0x00007ff8aac8a000 	C:\WINDOWS\SYSTEM32\VERSION.dll
0x00007ff8b0a40000 - 0x00007ff8b0a8b000 	C:\WINDOWS\SYSTEM32\POWRPROF.dll
0x00007ff8b0900000 - 0x00007ff8b0912000 	C:\WINDOWS\SYSTEM32\UMPDC.dll
0x00007ff8af2b0000 - 0x00007ff8af2c2000 	C:\WINDOWS\SYSTEM32\kernel.appcore.dll
0x00007ff8a4c90000 - 0x00007ff8a4c9a000 	c:\Users\workh\.antigravity\extensions\redhat.java-1.53.0-win32-x64\jre\21.0.10-win32-x86_64\bin\jimage.dll
0x00007ff8a9120000 - 0x00007ff8a9321000 	C:\WINDOWS\SYSTEM32\DBGHELP.DLL
0x00007ff8a8c50000 - 0x00007ff8a8c84000 	C:\WINDOWS\SYSTEM32\dbgcore.DLL
0x00007ff8b1840000 - 0x00007ff8b18c2000 	C:\WINDOWS\System32\bcryptPrimitives.dll
0x00007ff8a4c80000 - 0x00007ff8a4c8f000 	c:\Users\workh\.antigravity\extensions\redhat.java-1.53.0-win32-x64\jre\21.0.10-win32-x86_64\bin\instrument.dll
0x00007ff89b3a0000 - 0x00007ff89b3c0000 	c:\Users\workh\.antigravity\extensions\redhat.java-1.53.0-win32-x64\jre\21.0.10-win32-x86_64\bin\java.dll
0x00007ff8b3700000 - 0x00007ff8b3e70000 	C:\WINDOWS\System32\SHELL32.dll
0x00007ff8af590000 - 0x00007ff8afd35000 	C:\WINDOWS\SYSTEM32\windows.storage.dll
0x00007ff8b2880000 - 0x00007ff8b2bd4000 	C:\WINDOWS\System32\combase.dll
0x00007ff8b0e90000 - 0x00007ff8b0ebb000 	C:\WINDOWS\SYSTEM32\Wldp.dll
0x00007ff8b1fe0000 - 0x00007ff8b20ad000 	C:\WINDOWS\System32\OLEAUT32.dll
0x00007ff8b2cb0000 - 0x00007ff8b2d5d000 	C:\WINDOWS\System32\SHCORE.dll
0x00007ff8b2ec0000 - 0x00007ff8b2f1b000 	C:\WINDOWS\System32\shlwapi.dll
0x00007ff8b1470000 - 0x00007ff8b1494000 	C:\WINDOWS\SYSTEM32\profapi.dll
0x00007ff898390000 - 0x00007ff8983a8000 	c:\Users\workh\.antigravity\extensions\redhat.java-1.53.0-win32-x64\jre\21.0.10-win32-x86_64\bin\zip.dll
0x00007ff898250000 - 0x00007ff898260000 	C:\Users\workh\.antigravity\extensions\redhat.java-1.53.0-win32-x64\jre\21.0.10-win32-x86_64\bin\net.dll
0x00007ff8abd80000 - 0x00007ff8abe8a000 	C:\WINDOWS\SYSTEM32\WINHTTP.dll
0x00007ff8b0c70000 - 0x00007ff8b0cda000 	C:\WINDOWS\system32\mswsock.dll
0x00007ff897890000 - 0x00007ff8978a6000 	C:\Users\workh\.antigravity\extensions\redhat.java-1.53.0-win32-x64\jre\21.0.10-win32-x86_64\bin\nio.dll
0x00007ff8ae680000 - 0x00007ff8ae690000 	c:\Users\workh\.antigravity\extensions\redhat.java-1.53.0-win32-x64\jre\21.0.10-win32-x86_64\bin\verify.dll
0x00007ff896540000 - 0x00007ff896585000 	C:\Users\workh\AppData\Roaming\Antigravity\User\globalStorage\redhat.java\1.53.0\config_win\org.eclipse.equinox.launcher\org.eclipse.equinox.launcher.win32.win32.x86_64_1.3.0.v20260203-2149\eclipse_11919.dll
0x00007ff8b20b0000 - 0x00007ff8b21db000 	C:\WINDOWS\System32\ole32.dll
0x00007ff8b0ed0000 - 0x00007ff8b0ee8000 	C:\WINDOWS\SYSTEM32\CRYPTSP.dll
0x00007ff8b0540000 - 0x00007ff8b0578000 	C:\WINDOWS\system32\rsaenh.dll
0x00007ff8b1430000 - 0x00007ff8b145e000 	C:\WINDOWS\SYSTEM32\USERENV.dll
0x00007ff8b0e00000 - 0x00007ff8b0e0c000 	C:\WINDOWS\SYSTEM32\CRYPTBASE.dll
0x00007ff8b0920000 - 0x00007ff8b095b000 	C:\WINDOWS\SYSTEM32\IPHLPAPI.DLL
0x00007ff8b1ed0000 - 0x00007ff8b1ed8000 	C:\WINDOWS\System32\NSI.dll
0x00007ff87c0b0000 - 0x00007ff87c0f9000 	C:\Users\workh\AppData\Local\Temp\jna-113318775\jna676750017641267880.dll
0x00007ff8b1fd0000 - 0x00007ff8b1fd8000 	C:\WINDOWS\System32\PSAPI.DLL
0x00007ff8aba00000 - 0x00007ff8aba17000 	C:\WINDOWS\SYSTEM32\dhcpcsvc6.DLL
0x00007ff8ab960000 - 0x00007ff8ab97d000 	C:\WINDOWS\SYSTEM32\dhcpcsvc.DLL
0x00007ff896ab0000 - 0x00007ff896ad7000 	C:\Users\workh\.gradle\native\660c5614fbf4a5f2a75b1949f50a0caf5cd603558e7d8a26e50b933a0cfb79d1\windows-amd64\native-platform.dll
0x00007ff889550000 - 0x00007ff88955a000 	C:\Users\workh\.antigravity\extensions\redhat.java-1.53.0-win32-x64\jre\21.0.10-win32-x86_64\bin\management.dll
0x00007ff8893c0000 - 0x00007ff8893cc000 	C:\Users\workh\.antigravity\extensions\redhat.java-1.53.0-win32-x64\jre\21.0.10-win32-x86_64\bin\management_ext.dll
0x00007ff888e10000 - 0x00007ff888e19000 	C:\Users\workh\.antigravity\extensions\redhat.java-1.53.0-win32-x64\jre\21.0.10-win32-x86_64\bin\extnet.dll

JVMTI agents:
c:\Users\workh\.antigravity\extensions\redhat.java-1.53.0-win32-x64\lombok\lombok-1.18.39-4050.jar path:c:\Users\workh\.antigravity\extensions\redhat.java-1.53.0-win32-x64\jre\21.0.10-win32-x86_64\bin\instrument.dll, loaded, initialized, instrumentlib options:none

dbghelp: loaded successfully - version: 4.0.5 - missing functions: none
symbol engine: initialized successfully - sym options: 0x614 - pdb path: .;c:\Users\workh\.antigravity\extensions\redhat.java-1.53.0-win32-x64\jre\21.0.10-win32-x86_64\bin;C:\WINDOWS\SYSTEM32;C:\WINDOWS\WinSxS\amd64_microsoft.windows.common-controls_6595b64144ccf1df_6.0.19041.6456_none_60b8a6cb71f64256;c:\Users\workh\.antigravity\extensions\redhat.java-1.53.0-win32-x64\jre\21.0.10-win32-x86_64\bin\server;C:\Users\workh\AppData\Roaming\Antigravity\User\globalStorage\redhat.java\1.53.0\config_win\org.eclipse.equinox.launcher\org.eclipse.equinox.launcher.win32.win32.x86_64_1.3.0.v20260203-2149;C:\Users\workh\AppData\Local\Temp\jna-113318775;C:\Users\workh\.gradle\native\660c5614fbf4a5f2a75b1949f50a0caf5cd603558e7d8a26e50b933a0cfb79d1\windows-amd64

VM Arguments:
jvm_args: --add-modules=ALL-SYSTEM --add-opens=java.base/java.util=ALL-UNNAMED --add-opens=java.base/java.lang=ALL-UNNAMED --add-opens=java.base/sun.nio.fs=ALL-UNNAMED -Declipse.application=org.eclipse.jdt.ls.core.id1 -Dosgi.bundles.defaultStartLevel=4 -Declipse.product=org.eclipse.jdt.ls.core.product -Djava.import.generatesMetadataFilesAtProjectRoot=false -DDetectVMInstallationsJob.disabled=true -Dfile.encoding=utf8 -XX:+UseParallelGC -XX:GCTimeRatio=4 -XX:AdaptiveSizePolicyWeight=90 -Dsun.zip.disableMemoryMapping=true -Xmx2G -Xms100m -Xlog:disable -javaagent:c:\Users\workh\.antigravity\extensions\redhat.java-1.53.0-win32-x64\lombok\lombok-1.18.39-4050.jar -XX:+HeapDumpOnOutOfMemoryError -XX:HeapDumpPath=c:\Users\workh\AppData\Roaming\Antigravity\User\workspaceStorage\e4667358f47a3d970e281f64f1778b08\redhat.java -Daether.dependencyCollector.impl=bf 
java_command: c:\Users\workh\.antigravity\extensions\redhat.java-1.53.0-win32-x64\server\plugins\org.eclipse.equinox.launcher_1.7.100.v20251111-0406.jar -configuration c:\Users\workh\AppData\Roaming\Antigravity\User\globalStorage\redhat.java\1.53.0\config_win -data c:\Users\workh\AppData\Roaming\Antigravity\User\workspaceStorage\e4667358f47a3d970e281f64f1778b08\redhat.java\jdt_ws --pipe=\\.\pipe\lsp-b615206e7ce6718ce33077dd7c7fed3d-sock
java_class_path (initial): c:\Users\workh\.antigravity\extensions\redhat.java-1.53.0-win32-x64\server\plugins\org.eclipse.equinox.launcher_1.7.100.v20251111-0406.jar
Launcher Type: SUN_STANDARD

[Global flags]
    uintx AdaptiveSizePolicyWeight                 = 90                                        {product} {command line}
     intx CICompilerCount                          = 12                                        {product} {ergonomic}
    uintx GCTimeRatio                              = 4                                         {product} {command line}
     bool HeapDumpOnOutOfMemoryError               = true                                   {manageable} {command line}
    ccstr HeapDumpPath                             = c:\Users\workh\AppData\Roaming\Antigravity\User\workspaceStorage\e4667358f47a3d970e281f64f1778b08\redhat.java         {manageable} {command line}
   size_t InitialHeapSize                          = 104857600                                 {product} {command line}
   size_t MaxHeapSize                              = 2147483648                                {product} {command line}
   size_t MaxNewSize                               = 715653120                                 {product} {ergonomic}
   size_t MinHeapDeltaBytes                        = 524288                                    {product} {ergonomic}
   size_t MinHeapSize                              = 104857600                                 {product} {command line}
   size_t NewSize                                  = 34603008                                  {product} {ergonomic}
    uintx NonNMethodCodeHeapSize                   = 7602480                                {pd product} {ergonomic}
    uintx NonProfiledCodeHeapSize                  = 122027880                              {pd product} {ergonomic}
   size_t OldSize                                  = 70254592                                  {product} {ergonomic}
    uintx ProfiledCodeHeapSize                     = 122027880                              {pd product} {ergonomic}
    uintx ReservedCodeCacheSize                    = 251658240                              {pd product} {ergonomic}
     bool SegmentedCodeCache                       = true                                      {product} {ergonomic}
   size_t SoftMaxHeapSize                          = 2147483648                             {manageable} {ergonomic}
     bool UseCompressedOops                        = true                           {product lp64_product} {ergonomic}
     bool UseLargePagesIndividualAllocation        = false                                  {pd product} {ergonomic}
     bool UseParallelGC                            = true                                      {product} {command line}

Logging:
Log output configuration:
 #0: stdout all=off uptime,level,tags foldmultilines=false
 #1: stderr all=off uptime,level,tags foldmultilines=false

Release file:
JAVA_VERSION="21.0.10" 
MODULES="java.base java.compiler java.datatransfer java.xml java.prefs java.desktop java.instrument java.logging java.management java.security.sasl java.naming java.rmi java.management.rmi java.net.http java.scripting java.security.jgss java.transaction.xa java.sql java.sql.rowset java.xml.crypto java.se java.smartcardio jdk.accessibility jdk.internal.jvmstat jdk.attach jdk.charsets jdk.internal.opt jdk.zipfs jdk.compiler jdk.crypto.ec jdk.crypto.cryptoki jdk.crypto.mscapi jdk.dynalink jdk.internal.ed jdk.editpad jdk.hotspot.agent jdk.httpserver jdk.internal.le jdk.internal.vm.ci jdk.internal.vm.compiler jdk.internal.vm.compiler.management jdk.jartool jdk.javadoc jdk.jcmd jdk.management jdk.management.agent jdk.jconsole jdk.jdeps jdk.jdwp.agent jdk.jdi jdk.jfr jdk.jshell jdk.jsobject jdk.jstatd jdk.localedata jdk.management.jfr jdk.naming.dns jdk.naming.rmi jdk.net jdk.nio.mapmode jdk.random jdk.sctp jdk.security.auth jdk.security.jgss jdk.unsupported jdk.unsupported.desktop jdk.xml.dom" 

Environment Variables:
JAVA_HOME=C:\Users\workh\.jdks\ms-21.0.9
PATH=C:\Users\workh\.jdks\ms-21.0.9\bin;C:\Users\workh\.jdks\ms-21.0.9\bin;C:\WINDOWS\system32;C:\WINDOWS;C:\WINDOWS\System32\Wbem;C:\WINDOWS\System32\WindowsPowerShell\v1.0\;C:\WINDOWS\System32\OpenSSH\;C:\jdk-20\bin;C:\apache-maven-3.9.3\bin;C:\Program Files\Git\cmd;C:\Program Files\Go\bin;C:\zrok;C:\Program Files\nodejs\;C:\Program Files\Docker\Docker\resources\bin;C:\Program Files\PuTTY\;C:\Program Files\RabbitMQ Server\rabbitmq_server-4.2.2\sbin;C:\Program Files\apache-maven-3.9.12\bin;C:\Users\workh\Downloads\lazydocker_0.25.0_Windows_x86_64;C:\Users\workh\AppData\Local\Programs\Python\Python313\Scripts\;C:\Users\workh\AppData\Local\Programs\Python\Python313\;C:\Users\workh\AppData\Local\Programs\Python\Launcher\;C:\Users\workh\AppData\Local\Microsoft\WindowsApps;C:\Program Files\JetBrains\IntelliJ IDEA Community Edition 2024.1.2\bin;C:\Users\workh\AppData\Local\Microsoft\WinGet\Packages\Schniz.fnm_Microsoft.Winget.Source_8wekyb3d8bbwe;C:\Users\workh\go\bin;C:\Users\workh\AppData\Local\Programs\Microsoft VS Code\bin;C:\gccc\bin;C:\Users\workh\AppData\Roaming\npm;C:\Program Files\PostgreSQL\17\bin;C:\Users\workh\AppData\Local\Programs\Ollama;C:\Users\workh\AppData\Local\GitHubDesktop\bin;C:\Users\workh\AppData\Local\Programs\Antigravity\bin;C:\Users\workh\AppData\Local\Programs\Windsurf\bin;C:\Users\workh\AppData\Local\Programs\Kiro\bin;C:\Users\workh\AppData\Local\Programs\cursor\resources\app\bin;C:\Users\workh\AppData\Local\Programs\Qoder\bin
USERNAME=workh
OS=Windows_NT
PROCESSOR_IDENTIFIER=AMD64 Family 23 Model 113 Stepping 0, AuthenticAMD
TMP=C:\Users\workh\AppData\Local\Temp
TEMP=C:\Users\workh\AppData\Local\Temp




Periodic native trim disabled

---------------  S Y S T E M  ---------------

OS:
 Windows 10 , 64 bit Build 19041 (10.0.19041.5915)
OS uptime: 0 days 5:56 hours
Hyper-V role detected

CPU: total 16 (initial active 16) (16 cores per cpu, 2 threads per core) family 23 model 113 stepping 0 microcode 0x0, cx8, cmov, fxsr, ht, mmx, 3dnowpref, sse, sse2, sse3, ssse3, sse4a, sse4.1, sse4.2, popcnt, lzcnt, tsc, tscinvbit, avx, avx2, aes, clmul, bmi1, bmi2, adx, sha, fma, vzeroupper, clflush, clflushopt, hv, rdtscp, rdpid, f16c
Processor Information for the first 16 processors :
  Max Mhz: 3600, Current Mhz: 3600, Mhz Limit: 3600

Memory: 4k page, system-wide physical 32694M (6671M free)
TotalPageFile size 37969M (AvailPageFile size 3073M)
current process WorkingSet (physical memory assigned to process): 285M, peak: 330M
current process commit charge ("private bytes"): 385M, peak: 429M

vm_info: OpenJDK 64-Bit Server VM (21.0.10+7-LTS) for windows-amd64 JRE (21.0.10+7-LTS), built on 2026-01-20T00:00:00Z by "admin" with MS VC++ 17.12 (VS2022)

END.
